NU_SEQUENCIAL;NU_ANO;CO_ESCOLA;CO_MUNICIPIO_ESC;NO_MUNICIPIO_ESC;CO_UF_ESC;SG_UF_ESC;TP_DEPENDENCIA_ADM_ESC;TP_LOCALIZACAO_ESC;TP_SIT_FUNC_ESC;CO_MUNICIPIO_PROVA;NO_MUNICIPIO_PROVA;CO_UF_PROVA;SG_UF_PROVA;TP_PRESENCA_CN;TP_PRESENCA_CH;TP_PRESENCA_LC;TP_PRESENCA_MT;CO_PROVA_CN;CO_PROVA_CH;CO_PROVA_LC;CO_PROVA_MT;NU_NOTA_CN;NU_NOTA_CH;NU_NOTA_LC;NU_NOTA_MT;TX_RESPOSTAS_CN;TX_RESPOSTAS_CH;TX_RESPOSTAS_LC;TX_RESPOSTAS_MT;TP_LINGUA;TX_GABARITO_CN;TX_GABARITO_CH;TX_GABARITO_LC;TX_GABARITO_MT;TP_STATUS_REDACAO;NU_NOTA_COMP1;NU_NOTA_COMP2;NU_NOTA_COMP3;NU_NOTA_COMP4;NU_NOTA_COMP5;NU_NOTA_REDACAO
632437;2024;15583058;1500602;Altamira;15;PA;2;1;1;1500602;Altamira;15;PA;1;1;1;1;1422;1384;1396;1410;394.5;417;406.3;463;DECCABABEAECBDCABADCBDABDECBAABDADAABBDCBDECE;ACEBECBCAADDECBCADBABBABCDEACCEAAABECDABEEABB;ECDAECABBDBCDEABAEECABDBCACAEBABCDCACBDEDACDE;DABCEDADBEBADDCBCADEEEAEDECCDEACBAEDC.ADCECAD;0;BBCEDBBAEXCCAEDDBCAEDAACAAEDDDEBBECBCEEDCAACD;DADABCDCECEDEBBBEBCDBADACBCADCEBEADBAECAECEDA;AACEADDDACDADECBBDBEEBDDECCBEDDCADBBDEBCEBDCECEDDC;DBCECEACADABBECBEDADCCDCCABBBCECEBCEADABBADDD;1;120;120;100;100;120;560
1298417;2024;;;;;;;;;1500602;Altamira;15;PA;1;1;1;1;1422;1384;1396;1410;392.9;447;444.6;401.8;BDCEBEAEEDBEADACCEEAEABCCEDEEABDCADAAACAEBDAD;DABBCCADEDCBCABCBACCDDDABBECDEDCBCDEECDACECCA;EAEBBBDDCDCEDADCDDBCEEAADDBEAEADABCBBDCEABADA;DDCADCDDCCDDDACECECDABCDABEEBDDAEEADEBDBECBBB;0;BBCEDBBAEXCCAEDDBCAEDAACAAEDDDEBBECBCEEDCAACD;DADABCDCECEDEBBBEBCDBADACBCADCEBEADBAECAECEDA;AACEADDDACDADECBBDBEEBDDECCBEDDCADBBDEBCEBDCECEDDC;DBCECEACADABBECBEDADCCDCCABBBCECEBCEADABBADDD;1;120;120;120;120;100;580
865368;2024;;;;;;;;;1500602;Altamira;15;PA;1;1;1;1;1422;1384;1396;1410;355.6;357.7;369.4;446.8;CDBDACAEBCBEBCEBEADBBCACCBBCABBACAAADCDCDCCCE;CACDDBCBDBDAACBDBBEDDCACCECBCDAAEABBCBBADDBCE;DCCACCBBBDABBCACABBBCCDCCBDBBCBDCCBDBBDECDAAB;CBDDBEBDCADCACCBBCECCACDCEDDCCABADCBCEACADBDC;1;BBCEDBBAEXCCAEDDBCAEDAACAAEDDDEBBECBCEEDCAACD;DADABCDCECEDEBBBEBCDBADACBCADCEBEADBAECAECEDA;AACEADDDACDADECBBDBEEBDDECCBEDDCADBBDEBCEBDCECEDDC;DBCECEACADABBECBEDADCCDCCABBBCECEBCEADABBADDD;1;120;140;120;100;0;480
4027769;2024;;;;;;;;;1500602;Altamira;15;PA;1;1;1;1;1419;1385;1398;1407;575.6;595.4;605.4;513.9;BCBBCCCEBDACCDEDAABDCABCECEBABCAACEEDEBDDACDB;CABDACDCECECEDACEAEACDCADEEDEBBEAABECBBECBBCD;BDEDCDDCBDEECEECBDEBABDEBCBEAEDEAEBDBCBDDEECB;AECACCDDECBBACDCDEDDCCDEBBADDCBDCBDDBCCAACDBE;1;BCEAACDEDCAAEDDDEBBDDBECCAEDBBAAACCAEEXCBBCED;CAEDBADBEBCCEDADBAEACBCADCEDEBBEBACECEABCDDAD;EAAACDDCDADDCBDEECEECBDCDADEEBCBEBADBCEBDBDDDDCECB;ABBABBADDDBBCECEADCEBCCCDBADCBEDAECADACDBCECE;1;120;140;100;120;100;580
1365443;2024;;;;;;;;;1500602;Altamira;15;PA;1;1;1;1;1420;1383;1395;1408;402.4;489.4;476.9;501.6;EAADEACEAEBDEBDBDCAEDBCEDBEBACABCBECEBAADACDA;BBCDCECCABBDBACCDCBBAABCDDABBBAACBCDDCCDDABCC;CCACDBCBEDEAAEABDBBCDACADBDBDECBDCADDBABADAEA;DECCDCEDDACCDEACDBDDAEAADCDEBCBBDCCDDABDCCBED;1;CAEDAACCAEEXCBBAEDBBCAACDEDCBCEECAAEDDDEBBDDB;CECEBEBCDBADDEBBABCDCAECEDADBAEABEADCEDADACBC;CAAAECDDDAECBECEDDCBDEDDCECBDCBCEADBBDBDDCBEDADEEB;CECEBEDADCAADECDBBCEBDCCCACABBABBADDDCEADBBCE;1;120;120;100;100;40;480
767063;2024;;;;;;;;;1500602;Altamira;15;PA;1;1;1;1;1419;1385;1398;1407;468.8;331.6;426.1;379.7;DCEDEACCDBDCDEDCEBDDEBBCADABDAABCDEBECDDBCDDB;ACDBDDCAEBADCEDBAABCADBEBDBEBACDBECAECBBDDCDA;ABBADEABADADCCCABCEEADEDBEBADBEEDDEDBCBCDCDED;BCADEDDECEDDBECCBCABADACECECBDCAEDADEABEACDAD;0;BCEAACDEDCAAEDDDEBBDDBECCAEDBBAAACCAEEXCBBCED;CAEDBADBEBCCEDADBAEACBCADCEDEBBEBACECEABCDDAD;EAAACDDCDADDCBDEECEECBDCDADEEBCBEBADBCEBDBDDDDCECB;ABBABBADDDBBCECEADCEBCCCDBADCBEDAECADACDBCECE;1;120;160;140;160;120;700
1998346;2024;15105016;1508357;Vitória do Xingu;15;PA;2;1;1;1500602;Altamira;15;PA;0;1;1;0;;1383;1395;;;403.1;518.8;;;AEABBCDCCEACADEAAEEEAAACECDBCBAACDCADEBAACBDE;ECBADECDECBDDACEECDAEABEABCBDEADDEDDADCCADBEA;;1;;CECEBEBCDBADDEBBABCDCAECEDADBAEABEADCEDADACBC;CAAAECDDDAECBECEDDCBDEDDCECBDCBCEADBBDBDDCBEDADEEB;;4;0;0;0;0;0;0
215195;2024;15169138;1500602;Altamira;15;PA;2;1;1;1500602;Altamira;15;PA;1;1;1;1;1419;1385;1398;1407;394.6;489.4;470.1;379.6;ACAACEADCAAEAEEDEAACBABEACAAAABAACEADACAACCEB;DABADBDBECBCCCABEAEEBDCACCEADCAAACBEACDDBDEAE;AEAEECAAAEEECEABCCAABECBBEEDABABDDEECDDDDBECE;DBCBCBCAAACDADECEEADEDADEDEBEACDECAACBDAADADE;1;BCEAACDEDCAAEDDDEBBDDBECCAEDBBAAACCAEEXCBBCED;CAEDBADBEBCCEDADBAEACBCADCEDEBBEBACECEABCDDAD;EAAACDDCDADDCBDEECEECBDCDADEEBCBEBADBCEBDBDDDDCECB;ABBABBADDDBBCECEADCEBCCCDBADCBEDAECADACDBCECE;8;0;0;0;0;0;0
2208273;2024;15104907;1500602;Altamira;15;PA;2;1;1;1500602;Altamira;15;PA;1;1;1;1;1419;1385;1398;1407;444.5;532.6;567.5;549.6;DBBCCCCDDDCBCAAEBBDDACBABDDCCBBBDCEAEDBDCCCDE;CABDBCDBCBDCCDADEBAECEAADEDDEBBBCACABBBAABACD;BAAACCACBCEECBEAEECCADCEBCBEBDBDCDEDADDDDAECB;DCAABCBDEADDDBBDDCCDACBCCBBBECEDDCBDBEDDACECD;0;BCEAACDEDCAAEDDDEBBDDBECCAEDBBAAACCAEEXCBBCED;CAEDBADBEBCCEDADBAEACBCADCEDEBBEBACECEABCDDAD;EAAACDDCDADDCBDEECEECBDCDADEEBCBEBADBCEBDBDDDDCECB;ABBABBADDDBBCECEADCEBCCCDBADCBEDAECADACDBCECE;1;160;200;160;200;200;920
34367;2024;;;;;;;;;1500602;Altamira;15;PA;0;0;0;0;;;;;;;;;;;;;1;;;;;;;;;;;
3434276;2024;;;;;;;;;1500602;Altamira;15;PA;1;1;1;1;1419;1385;1398;1407;508.3;510.4;462.1;446.8;BBBADCACDCECCEADEDADECEBDCABCADDECEDCEABDEADB;CEEABADBCADCBDADAAEEDBECCBBDEAACEADCCBCAEBBDD;BCECADABBDEEDCDABDECADCBEABCDDBCEECDACBBDAABB;DACABEEBEAACEBDAEDEEEAACACABCBCEECABCDAAEEDBB;0;BCEAACDEDCAAEDDDEBBDDBECCAEDBBAAACCAEEXCBBCED;CAEDBADBEBCCEDADBAEACBCADCEDEBBEBACECEABCDDAD;EAAACDDCDADDCBDEECEECBDCDADEEBCBEBADBCEBDBDDDDCECB;ABBABBADDDBBCECEADCEBCCCDBADCBEDAECADACDBCECE;1;120;160;120;120;100;620
381425;2024;;;;;;;;;1500602;Altamira;15;PA;1;1;1;1;1422;1384;1396;1410;442.8;465.5;507.7;408.1;ECDACDBCEBDEADDDADACECEBDBCBCBEACCBDAEEABDBEA;AEBADEDDEABCEBABBDDACDAADECAEDDECADDEDAECCDAA;ACDEBDDDBDBEDAEEAEDCBEDADDBDBBBDEBEDABDEEBCDA;ABDCCAEADBECAEDCCDECCDDEBECAADBDACDEBADBDAAEB;0;BBCEDBBAEXCCAEDDBCAEDAACAAEDDDEBBECBCEEDCAACD;DADABCDCECEDEBBBEBCDBADACBCADCEBEADBAECAECEDA;AACEADDDACDADECBBDBEEBDDECCBEDDCADBBDEBCEBDCECEDDC;DBCECEACADABBECBEDADCCDCCABBBCECEBCEADABBADDD;1;80;120;100;120;40;460
1672777;2024;;;;;;;;;1500602;Altamira;15;PA;0;0;0;0;;;;;;;;;;;;;0;;;;;;;;;;;
1708279;2024;;;;;;;;;1500602;Altamira;15;PA;0;0;0;0;;;;;;;;;;;;;1;;;;;;;;;;;
763970;2024;;;;;;;;;1500602;Altamira;15;PA;1;1;1;1;1420;1383;1395;1408;480.1;565.6;568.4;607.1;ECABCADEBDDBCCBBDBBCDDCECDDCEEBECBCCDDAEDCDEB;BEAECEBDABAABEBDABCDEAECEDBBAABDEBADCCDCDABEC;ABAACECBECEDDCAEEDDCDADAEBDCDDAEDBEAEBEDADEEB;DEDEBCDBCCACCDDCEBCDADEECDCCCBABDCCDDDCDCCCAD;0;CAEDAACCAEEXCBBAEDBBCAACDEDCBCEECAAEDDDEBBDDB;CECEBEBCDBADDEBBABCDCAECEDADBAEABEADCEDADACBC;CAAAECDDDAECBECEDDCBDEDDCECBDCBCEADBBDBDDCBEDADEEB;CECEBEDADCAADECDBBCEBDCCCACABBABBADDDCEADBBCE;1;140;200;160;160;160;820
1962290;2024;;;;;;;;;1500602;Altamira;15;PA;1;1;1;1;1419;1385;1398;1407;373.6;374.5;345.1;467.6;EDBAEDBDCDCEBDBBCEDABADCDDABBACEBAEAEBEDBCDEC;BABCDAABCBCBDBACDEBADBCDBCACABEBDEDCBAECBCCDE;BDCECEDBABEBDBDCACDEAECCADBADCACBDAECDBDAEBDC;CBCCBDADBEEAEDACEBEDACBECEABCBCDCDBEABDBDBEDB;1;BCEAACDEDCAAEDDDEBBDDBECCAEDBBAAACCAEEXCBBCED;CAEDBADBEBCCEDADBAEACBCADCEDEBBEBACECEABCDDAD;EAAACDDCDADDCBDEECEECBDCDADEEBCBEBADBCEBDBDDDDCECB;ABBABBADDDBBCECEADCEBCCCDBADCBEDAECADACDBCECE;1;100;120;100;80;0;400
2200912;2024;;;;;;;;;1500602;Altamira;15;PA;1;1;1;1;1422;1384;1396;1410;459;354.9;369.3;575.1;ADECBEABEAEBAEDAAACEBD.CCDCAAEADACCAEBDCBACDC;CEBCBDACDEBCADBBDCCEDCBCBDCADCBDBEADCADDDBBBE;EAAADACABEEABCBBABEBDACCBEDABABDCDCBCDCBADECC;AEDEDCBDCADAABCDCDCDAECBCDECADECDBCCADEBEDBCD;0;BBCEDBBAEXCCAEDDBCAEDAACAAEDDDEBBECBCEEDCAACD;DADABCDCECEDEBBBEBCDBADACBCADCEBEADBAECAECEDA;AACEADDDACDADECBBDBEEBDDECCBEDDCADBBDEBCEBDCECEDDC;DBCECEACADABBECBEDADCCDCCABBBCECEBCEADABBADDD;1;100;100;40;80;0;320
2439848;2024;15205401;1500602;Altamira;15;PA;4;1;1;1500602;Altamira;15;PA;1;1;1;1;1420;1383;1395;1408;409.9;408.8;496.5;428.5;EDDCDCCEDEDDBCCCBBBCDABCBDBADDCADABEEADBDDCBD;AEABBCDCAEBDBBCAEBADABCCEADAEDBEBBDAEBACDBBDB;BCDAAEDBEEABDCBDECBCAAEACBDCBDBBDDABACDBCECEC;CCCBCBDBDBADBDCCDBBBECBDABDDCBCACDBBBDBADCDCB;1;CAEDAACCAEEXCBBAEDBBCAACDEDCBCEECAAEDDDEBBDDB;CECEBEBCDBADDEBBABCDCAECEDADBAEABEADCEDADACBC;CAAAECDDDAECBECEDDCBDEDDCECBDCBCEADBBDBDDCBEDADEEB;CECEBEDADCAADECDBBCEBDCCCACABBABBADDDCEADBBCE;1;120;120;120;120;160;640
3775782;2024;;;;;;;;;1500602;Altamira;15;PA;1;1;1;1;1419;1385;1398;1407;443.7;540.5;561.2;531.1;DCBABECDDACAACAABBCDECBDEAABCDAAECEDEBBBCCACA;AABEBCABECCCEAAAEBCBCBAADDCBBEBBEAAECBBBCDBCD;EAABADDCBDEECCCAEECAADDEDCDEEEEBDACDABDDDEECB;BCDABABDEDCBDBCBBCAEBBADCDAACABEACCBCEDCDEDDB;0;BCEAACDEDCAAEDDDEBBDDBECCAEDBBAAACCAEEXCBBCED;CAEDBADBEBCCEDADBAEACBCADCEDEBBEBACECEABCDDAD;EAAACDDCDADDCBDEECEECBDCDADEEBCBEBADBCEBDBDDDDCECB;ABBABBADDDBBCECEADCEBCCCDBADCBEDAECADACDBCECE;1;160;160;140;180;120;760
2187754;2024;15106250;1501725;Brasil Novo;15;PA;2;1;1;1500602;Altamira;15;PA;0;0;0;0;;;;;;;;;;;;;1;;;;;;;;;;;
2993341;2024;15106101;1500602;Altamira;15;PA;2;1;1;1500602;Altamira;15;PA;0;0;0;0;;;;;;;;;;;;;0;;;;;;;;;;;
1335321;2024;;;;;;;;;1500602;Altamira;15;PA;0;0;0;0;;;;;;;;;;;;;0;;;;;;;;;;;
2827138;2024;15178145;1508357;Vitória do Xingu;15;PA;2;2;1;1500602;Altamira;15;PA;0;0;0;0;;;;;;;;;;;;;1;;;;;;;;;;;
2582372;2024;;;;;;;;;1500602;Altamira;15;PA;1;1;1;1;1419;1385;1398;1407;424.3;542.5;557.3;459;EDAECCCACDBDAEACEBDDAABDECADBCBBECEAEBCDAEBCE;CACEADDAEADCAEAEBDAACBCADEEBCEBCEAAECBBECEAAD;CAADCDDCDEEECCDCBBCDDDDEBDBECDDBCAEDCABDDADCD;DCCACEBBCEDCEBAEEBADBBBEDACBCEBCDCCADEDBCCDBC;0;BCEAACDEDCAAEDDDEBBDDBECCAEDBBAAACCAEEXCBBCED;CAEDBADBEBCCEDADBAEACBCADCEDEBBEBACECEABCDDAD;EAAACDDCDADDCBDEECEECBDCDADEEBCBEBADBCEBDBDDDDCECB;ABBABBADDDBBCECEADCEBCCCDBADCBEDAECADACDBCECE;1;120;120;120;120;80;560
818586;2024;;;;;;;;;1500602;Altamira;15;PA;0;1;1;0;;1385;1398;;;534.7;537.6;;;BEBAEEABEABCECAAEAAABEDBDDABEBDEEACEEBAECDBAD;DAAACCDCBDEECEEADCCDBDCEADCCECABCEBBAEDEABECB;;0;;CAEDBADBEBCCEDADBAEACBCADCEDEBBEBACECEABCDDAD;EAAACDDCDADDCBDEECEECBDCDADEEBCBEBADBCEBDBDDDDCECB;;1;120;160;120;120;120;640
2915269;2024;;;;;;;;;1500602;Altamira;15;PA;0;0;0;0;;;;;;;;;;;;;0;;;;;;;;;;;
4076064;2024;;;;;;;;;1500602;Altamira;15;PA;0;1;1;0;;1383;1395;;;365;465.2;;;EDCDEDBCABDECDBBDEDACDBEADBCBDDCADEDABBECDACD;CDBDBECDEDECDDDCEBACDDDDCACDEBDAEDCBEBDCEADDD;;1;;CECEBEBCDBADDEBBABCDCAECEDADBAEABEADCEDADACBC;CAAAECDDDAECBECEDDCBDEDDCECBDCBCEADBBDBDDCBEDADEEB;;1;120;120;120;140;100;600
825769;2024;15583058;1500602;Altamira;15;PA;2;1;1;1500602;Altamira;15;PA;1;1;1;1;1421;1386;1397;1409;430.7;531.3;492;395.6;DEACAEBDCCBECBEDADCADEBDACEDCAABEDDEADCDBECEC;ABCEACEDBEAECDDADBDDABADBEDBEADEAEBABDDABAECE;CAECADBEEADBDBDEADABCACABEECCDAADCAEEEBBCDEAD;DCACDDBDECBBDACDDBBACBAEDECAC.AABDCBAECDDBACA;0;DDBDDEBBAAEDECBCEEDCAACDBBCEDBBAEXCCAEAACCAED;ACBCADCEDBAECEDADBADBEBCDADABCDEABCAEDEBBCECE;AACEADACDDCBEDADEEBDDBDBBCEECBDCBADDDCBDEDDCECBECE;CEBCEADBBCEADDDABBABBCCDCCECEDBACADECABEDADCB;1;120;160;120;160;120;680
1575346;2024;15105016;1508357;Vitória do Xingu;15;PA;2;1;1;1500602;Altamira;15;PA;1;1;1;1;1420;1383;1395;1408;423.1;452.1;450.9;385.1;EEABAEEEDAEDDEAAECBABDBEAABBDAAEEEDACBECEBACA;BCDBACCDEBDDBCDABBCCDAADCEADEABAAACCDDAAEABEC;EBEEDDEDEADEDCCEABDABBECDBEDCBADDDEDEBDEBDEDB;DDDBBDECBAACECCB*ADDADCABEBBEECEEEBECAC.BCECE;0;CAEDAACCAEEXCBBAEDBBCAACDEDCBCEECAAEDDDEBBDDB;CECEBEBCDBADDEBBABCDCAECEDADBAEABEADCEDADACBC;CAAAECDDDAECBECEDDCBDEDDCECBDCBCEADBBDBDDCBEDADEEB;CECEBEDADCAADECDBBCEBDCCCACABBABBADDDCEADBBCE;1;100;160;120;120;120;620
521990;2024;15104907;1500602;Altamira;15;PA;2;1;1;1500602;Altamira;15;PA;1;1;1;1;1420;1383;1395;1408;606.1;578.3;510.9;693.5;EAEDAABCEDEECAADEDDDADDBBDDCBCECBCDEBDDEABDEC;CEEEBBBCEBBDDECECECCAAECEDACEAEAEDADBBBADABCA;ABAEBECAEAADDABEEEDBEBDDCBCBAEDBDDDBBBDCBDDCA;EECBDEDACCABCBCDDCCDBBCDABCDDBABDEBDDBBADCBBE;0;CAEDAACCAEEXCBBAEDBBCAACDEDCBCEECAAEDDDEBBDDB;CECEBEBCDBADDEBBABCDCAECEDADBAEABEADCEDADACBC;CAAAECDDDAECBECEDDCBDEDDCECBDCBCEADBBDBDDCBEDADEEB;CECEBEDADCAADECDBBCEBDCCCACABBABBADDDCEADBBCE;1;160;180;160;160;200;860
2662814;2024;;;;;;;;;1500602;Altamira;15;PA;1;1;1;1;1420;1383;1395;1408;532.3;521.9;469.9;407.8;BCEEBAAEAEABCABEBCCCDACCBCECDBBBCABCEDACBBDCC;BECABECCACDDAACDCAECCACCECACECAABDACDAECDABEC;EAAACECDECDAABBBABDBBAAEBBBDABDADDDEBACAEDDAA;DDBBCBBCBBBBBEACBAABADAEDCDBADBDCBCEAECCABBBD;0;CAEDAACCAEEXCBBAEDBBCAACDEDCBCEECAAEDDDEBBDDB;CECEBEBCDBADDEBBABCDCAECEDADBAEABEADCEDADACBC;CAAAECDDDAECBECEDDCBDEDDCECBDCBCEADBBDBDDCBEDADEEB;CECEBEDADCAADECDBBCEBDCCCACABBABBADDDCEADBBCE;1;120;120;120;140;120;620
2720724;2024;15106250;1501725;Brasil Novo;15;PA;2;1;1;1500602;Altamira;15;PA;1;1;1;1;1422;1384;1396;1410;535.2;438.9;499.3;383.4;DAAEABACECEBACADBEAEDADCEDEDEAECBABDCACDADBBD;DAEBBEAAACBDECEBCAEDBCCABEDDACDADDDEACDABEABE;AEBACEAEECCCDCDEADCCCDAEDDBBDCDEEADDBAEEBADCA;CDDCCAEDCBDBAADCCEBAECEACDECADDEBAEACBCBBEBAE;1;BBCEDBBAEXCCAEDDBCAEDAACAAEDDDEBBECBCEEDCAACD;DADABCDCECEDEBBBEBCDBADACBCADCEBEADBAECAECEDA;AACEADDDACDADECBBDBEEBDDECCBEDDCADBBDEBCEBDCECEDDC;DBCECEACADABBECBEDADCCDCCABBBCECEBCEADABBADDD;1;80;100;60;60;0;300
990125;2024;;;;;;;;;1500602;Altamira;15;PA;1;1;1;1;1423;1387;1399;1411;545.9;606.4;477.9;530.8;DBADAEEBDCC.BCAEDCADBECBDBDDCDEAEACAEAAECCDDD;ACCEADEACBAECEDAABCDBBDCDADBBCDEAECABDEBDCEAA;DADCEDEECADDEBED.DACCBEEDACBADCAEDBEAADBBBCCC;EDABCADBEDCBDEAABBBEEECCCBAAADDDBBBEEEBBBCCCE;0;DDBDDEBBAAEDECBCEEDCAACDBBCEDBBAEXCCAEAACCAED;ACBCADCEDBAECEDADBADBEBCDADABCDEABCAEDEBBCECE;AACEADACDDCBEDADEEBDDBDBBCEECBDCBADDDCBDEDDCECBECE;CEBCEADBBCEADDDABBABBCCDCCECEDBACADECABEDADCB;1;120;180;120;120;160;700
2174402;2024;;;;;;;;;1500602;Altamira;15;PA;1;1;1;1;1422;1384;1396;1410;459.1;516.7;563.1;431.8;CDCCBCAEDADEAEDAACAEAEEEEDADDDBCEBCEDBBACBDBC;BADCBACEECABEADAECDCCCBADDAADBAEBACEBACABCEEA;ABCEACADECBBEADEADDDBCBEDDDDBABDEBDEDAEEDBCDC;CCEAABEEDBCABDEADDBCBEEDDCABCCDDBECCEAACEBCDA;0;BBCEDBBAEXCCAEDDBCAEDAACAAEDDDEBBECBCEEDCAACD;DADABCDCECEDEBBBEBCDBADACBCADCEBEADBAECAECEDA;AACEADDDACDADECBBDBEEBDDECCBEDDCADBBDEBCEBDCECEDDC;DBCECEACADABBECBEDADCCDCCABBBCECEBCEADABBADDD;1;120;160;140;160;160;740
1221904;2024;;;;;;;;;1500602;Altamira;15;PA;0;0;0;0;;;;;;;;;;;;;1;;;;;;;;;;;
700442;2024;15104907;1500602;Altamira;15;PA;2;1;1;1500602;Altamira;15;PA;1;1;1;1;1420;1383;1395;1408;454.4;365.2;488.1;482.1;BEDAEDAEADEDDBACBCCCECADEBDCDDBEECBBACEBABDEB;DCEDDAEECBAEDACBBDABACAECACDBAAEAEEACDEACBEAC;CAACDECDEABBDADACBADDAEAEBCEDDEADBCBBECDADCEA;CDEBDDABABECACCCEDCAEDADCBCAEECAEEBBCBAADBDAA;0;CAEDAACCAEEXCBBAEDBBCAACDEDCBCEECAAEDDDEBBDDB;CECEBEBCDBADDEBBABCDCAECEDADBAEABEADCEDADACBC;CAAAECDDDAECBECEDDCBDEDDCECBDCBCEADBBDBDDCBEDADEEB;CECEBEDADCAADECDBBCEBDCCCACABBABBADDDCEADBBCE;1;100;120;100;120;60;500
3032359;2024;;;;;;;;;1500602;Altamira;15;PA;1;1;1;1;1422;1384;1396;1410;450.2;465.3;461.4;405.6;BCDEBCAEBCDEAADAAEBEACECBCDEEACBBBDAADADADAEB;CBBBBAADEBAABBCBDADADADEBEECDBDAAAABAAACECDBA;ADDEEBADEBBADCDBADAABABBCDADAAACAEDBCEEEAAEBC;CDADABADECCAAEAEECEAADADCBCEABBABCCEABEABBDAA;1;BBCEDBBAEXCCAEDDBCAEDAACAAEDDDEBBECBCEEDCAACD;DADABCDCECEDEBBBEBCDBADACBCADCEBEADBAECAECEDA;AACEADDDACDADECBBDBEEBDDECCBEDDCADBBDEBCEBDCECEDDC;DBCECEACADABBECBEDADCCDCCABBBCECEBCEADABBADDD;1;80;120;40;120;0;360
1446931;2024;15177980;1504455;Medicilândia;15;PA;2;2;1;1500602;Altamira;15;PA;0;0;0;0;;;;;;;;;;;;;0;;;;;;;;;;;
3847008;2024;;;;;;;;;1500602;Altamira;15;PA;0;0;0;0;;;;;;;;;;;;;1;;;;;;;;;;;
1584882;2024;;;;;;;;;1500602;Altamira;15;PA;1;1;1;1;1422;1384;1396;1410;611;413.4;579.9;683.4;ABDBDCBAEBBCADDDBECEBCCCDDECCDCEBBCBDEBDDAECB;DEDCBEDBEBBBDEDADBBDAECBABBDDEDBDDCBABDDEBCEB;AACEACADECBEDAEEBDADCBDEDEAADEBCEBCEEACECCDBB;BBBCDBACBDCBAECDEDABDCDCCBCDBACADCBBADACBCEDD;0;BBCEDBBAEXCCAEDDBCAEDAACAAEDDDEBBECBCEEDCAACD;DADABCDCECEDEBBBEBCDBADACBCADCEBEADBAECAECEDA;AACEADDDACDADECBBDBEEBDDECCBEDDCADBBDEBCEBDCECEDDC;DBCECEACADABBECBEDADCCDCCABBBCECEBCEADABBADDD;1;160;180;140;160;100;740
2943297;2024;;;;;;;;;1500602;Altamira;15;PA;1;1;1;1;1420;1383;1395;1408;556.2;573.9;564.9;511.4;CBDDDACECDECCBDADBDAADACCDBCBDBEABDCDBDBDBDAB;AEEBBEBBABADDEBACACBBEECEDACBADEEEBDDDDECACDC;AAAAEECBECCDDAADEABCDDBACDCECACDDACDCBECADDEE;EDCDDCCDDBCDEADCACADBEEEBDCDBCABDBBCDADDCCBED;0;CAEDAACCAEEXCBBAEDBBCAACDEDCBCEECAAEDDDEBBDDB;CECEBEBCDBADDEBBABCDCAECEDADBAEABEADCEDADACBC;CAAAECDDDAECBECEDDCBDEDDCECBDCBCEADBBDBDDCBEDADEEB;CECEBEDADCAADECDBBCEBDCCCACABBABBADDDCEADBBCE;1;120;120;120;120;120;600
1953781;2024;;;;;;;;;1500602;Altamira;15;PA;1;1;1;1;1421;1386;1397;1409;544;398.4;374.8;532;DDADBEDDCCEABBBACCBEDCEAAADDEAAABBCDAEADCEAEE;AAEEDBDACCEDDDABEBCDECCECBDBBDAAEDBACDADBCDCC;DDBCEACCEACECABAEDEADCAEDBCBECECEBBABCEBAEAEC;ACDABDDABACADEDACCCECCDADCDABADCDBEEBCDBBEACB;1;DDBDDEBBAAEDECBCEEDCAACDBBCEDBBAEXCCAEAACCAED;ACBCADCEDBAECEDADBADBEBCDADABCDEABCAEDEBBCECE;AACEADACDDCBEDADEEBDDBDBBCEECBDCBADDDCBDEDDCECBECE;CEBCEADBBCEADDDABBABBCCDCCECEDBACADECABEDADCB;1;160;180;180;180;180;880
555438;2024;;;;;;;;;1500602;Altamira;15;PA;1;1;1;1;1421;1386;1397;1409;634.9;639.9;592.4;784.3;DDBDBEEBACEBACBAECDDACDBDCEDDCAAEDBCCDAACEAEB;BCCEADCECBAECEDADBADBEBCEADDBCDEAECAADEEDCEEB;BACEACBABADEEBDDBDADDECCADCADDDBABDEDDCECBECA;CEBCEADCBCBAADDABBABDCCDCCEDEAAACEDEDADEEADDB;0;DDBDDEBBAAEDECBCEEDCAACDBBCEDBBAEXCCAEAACCAED;ACBCADCEDBAECEDADBADBEBCDADABCDEABCAEDEBBCECE;AACEADACDDCBEDADEEBDDBDBBCEECBDCBADDDCBDEDDCECBECE;CEBCEADBBCEADDDABBABBCCDCCECEDBACADECABEDADCB;1;160;180;180;200;180;900
1129313;2024;;;;;;;;;1500602;Altamira;15;PA;1;1;1;1;1422;1384;1396;1410;416.9;506.6;442.5;417;CCCCABABDDDDECCDCACBBADDDCBAADDDEEECCBBBCDBBC;AADBECCBBCCEEBACCBAABBDCDCAACCAAAAAEAAAACCCEA;BDDBBBABBCDDDDCDADBAAABBAECBBBBABCBABBCECACDA;CCAACBDDEEDDEEEDDDCCDEEBCDBDCCDCCCBACCCBCBAAA;1;BBCEDBBAEXCCAEDDBCAEDAACAAEDDDEBBECBCEEDCAACD;DADABCDCECEDEBBBEBCDBADACBCADCEBEADBAECAECEDA;AACEADDDACDADECBBDBEEBDDECCBEDDCADBBDEBCEBDCECEDDC;DBCECEACADABBECBEDADCCDCCABBBCECEBCEADABBADDD;1;100;180;120;120;140;660
3141267;2024;;;;;;;;;1500602;Altamira;15;PA;1;1;1;1;1422;1384;1396;1410;604.6;409.8;532;592.4;BBCBBCAAEBBAADDDBEAECACBADAEBDEBBACBDECBCDDCD;DEDEECAAABBEBEEBCBAAEEC.DDDADBBECBDDEADCDBADA;ABCDACADDCBEDDEEBDAAABBACDABAEECEBCBBBEECACBB;EBCAEBACEDEDBCEABBDCBEECEABDBDACCEBBBDDEAADBC;0;BBCEDBBAEXCCAEDDBCAEDAACAAEDDDEBBECBCEEDCAACD;DADABCDCECEDEBBBEBCDBADACBCADCEBEADBAECAECEDA;AACEADDDACDADECBBDBEEBDDECCBEDDCADBBDEBCEBDCECEDDC;DBCECEACADABBECBEDADCCDCCABBBCECEBCEADABBADDD;1;100;120;100;120;40;480
3668857;2024;;;;;;;;;1500602;Altamira;15;PA;0;1;1;0;;1386;1397;;;420.8;394;;;EAAEAAABCEAAAAAABCCBABCAAABAAAADDACABAAAABECD;ACDAADBADBDDCBABACBAAADEAAEABCEDCBAAAAAABCDAA;;1;;ACBCADCEDBAECEDADBADBEBCDADABCDEABCAEDEBBCECE;AACEADACDDCBEDADEEBDDBDBBCEECBDCBADDDCBDEDDCECBECE;;1;60;120;100;80;20;380
1351997;2024;;;;;;;;;1500602;Altamira;15;PA;1;1;1;1;1420;1383;1395;1408;618.1;649.6;642.4;644.7;EAEDAECCCEECBCBDEECADEEDCDDCBEEECEBEDDDABBDDA;BEDEBEBADBADDEEBCBCDCAECECACBAEACEADCEDADEDDB;CAAAEECBECEDDCBDEDBCEDBDBBCEDDDCDBDCCBADADEEA;CEEBADBEDDAABCBCCBCEABECBECDEBACBBDDDCBADDBBB;0;CAEDAACCAEEXCBBAEDBBCAACDEDCBCEECAAEDDDEBBDDB;CECEBEBCDBADDEBBABCDCAECEDADBAEABEADCEDADACBC;CAAAECDDDAECBECEDDCBDEDDCECBDCBCEADBBDBDDCBEDADEEB;CECEBEDADCAADECDBBCEBDCCCACABBABBADDDCEADBBCE;1;160;180;140;200;200;880
413898;2024;;;;;;;;;1500602;Altamira;15;PA;1;1;1;1;1420;1383;1395;1408;538.1;490.7;552.7;462.9;EDEBEBCEAEBDCADDAACDBADDCEBCBEBECCBCACDEADDBB;CECAABBDEBCDDEAACEBBACDBDEAACEAACEADCBBDAACDB;EBAEDECBECACDEDDEDDCBADACBCAEEBBDDDACBEDBDEEB;DCEBDCBBEDACCCDBDCBEDBACCABDCEDBBBCEDDAABDEAC;0;CAEDAACCAEEXCBBAEDBBCAACDEDCBCEECAAEDDDEBBDDB;CECEBEBCDBADDEBBABCDCAECEDADBAEABEADCEDADACBC;CAAAECDDDAECBECEDDCBDEDDCECBDCBCEADBBDBDDCBEDADEEB;CECEBEDADCAADECDBBCEBDCCCACABBABBADDDCEADBBCE;1;140;200;160;180;200;880
2128344;2024;;;;;;;;;1500602;Altamira;15;PA;1;1;1;1;1422;1384;1396;1410;392.1;457.4;472;400.6;CBAECAABDCBCAD.ECBEADDCCCEBEADBACDDDCACBBADCB;BACABCBAEAADAEACEAEBBCAECCBAADEEBCAEDAAADCABA;ABABEDECECBBECCEABDDACAAADBBECAEEADCEDEEDCEAB;......EADCDCACBDADEACCBACBECCAEBCADBCBECEDCED;0;BBCEDBBAEXCCAEDDBCAEDAACAAEDDDEBBECBCEEDCAACD;DADABCDCECEDEBBBEBCDBADACBCADCEBEADBAECAECEDA;AACEADDDACDADECBBDBEEBDDECCBEDDCADBBDEBCEBDCECEDDC;DBCECEACADABBECBEDADCCDCCABBBCECEBCEADABBADDD;1;120;200;120;120;120;680
1111653;2024;;;;;;;;;1500602;Altamira;15;PA;0;1;1;0;;1383;1395;;;541.5;502.1;;;CECABBACCEDDABEDBECDBABCEBACEACAEDADBEDCBABDB;AAAEBECEECDCDBBBEBDCBAEAEBDEABAADEDADDABEEAEC;;0;;CECEBEBCDBADDEBBABCDCAECEDADBAEABEADCEDADACBC;CAAAECDDDAECBECEDDCBDEDDCECBDCBCEADBBDBDDCBEDADEEB;;1;100;140;80;120;120;560
3542558;2024;;;;;;;;;1500602;Altamira;15;PA;0;0;0;0;;;;;;;;;;;;;1;;;;;;;;;;;
1089650;2024;15200205;1500602;Altamira;15;PA;1;1;1;1500602;Altamira;15;PA;1;1;1;1;1420;1383;1395;1408;570.6;549.1;560.6;529;ECEEADEEBEEACCDADCDCCDDCADDEBAEEEAECBDBDDBDAD;AECAADACBEBDEEDBAECDDAECEBABBEEAECADABBCDADBA;CEAAEECBECDDDCBCEDDAEDEAEDCEECAADDDACBEABACEA;EDACBCDCACAEDDEBDDADBDBDBEDEECACEEECBAEACACCB;0;CAEDAACCAEEXCBBAEDBBCAACDEDCBCEECAAEDDDEBBDDB;CECEBEBCDBADDEBBABCDCAECEDADBAEABEADCEDADACBC;CAAAECDDDAECBECEDDCBDEDDCECBDCBCEADBBDBDDCBEDADEEB;CECEBEDADCAADECDBBCEBDCCCACABBABBADDDCEADBBCE;4;0;0;0;0;0;0
1398897;2024;;;;;;;;;1500602;Altamira;15;PA;0;0;0;0;;;;;;;;;;;;;0;;;;;;;;;;;
2082662;2024;;;;;;;;;1500602;Altamira;15;PA;0;0;0;0;;;;;;;;;;;;;1;;;;;;;;;;;
512594;2024;15104907;1500602;Altamira;15;PA;2;1;1;1500602;Altamira;15;PA;0;0;0;0;;;;;;;;;;;;;0;;;;;;;;;;;
1718701;2024;;;;;;;;;1500602;Altamira;15;PA;1;1;1;1;1419;1385;1398;1407;484.1;465.2;509.1;486;DDCEDCBDDDCCAEAD*CECABEEEAEACDBEDDEAEEEDAAABE;CABEDBADBCCCCAABEEADCDAADEAAEADBCADACEDBBCCDB;AEDDABDCBCEECDDABAEBADBEDAABDBBEDDDDADDEDBBCB;BEDABBBBEEECCDCCAADEABBBDAACAAECEBEBEADABDDBD;1;BCEAACDEDCAAEDDDEBBDDBECCAEDBBAAACCAEEXCBBCED;CAEDBADBEBCCEDADBAEACBCADCEDEBBEBACECEABCDDAD;EAAACDDCDADDCBDEECEECBDCDADEEBCBEBADBCEBDBDDDDCECB;ABBABBADDDBBCECEADCEBCCCDBADCBEDAECADACDBCECE;1;120;140;140;180;180;760
1108202;2024;;;;;;;;;1500602;Altamira;15;PA;0;0;0;0;;;;;;;;;;;;;1;;;;;;;;;;;
3950471;2024;;;;;;;;;1500602;Altamira;15;PA;0;1;1;0;;1385;1398;;;436.9;485.3;;;CEBEBCACDEACADADEBAABBADCACEDDEBCABDAECEBDEDD;BDCDCBDCABEDDEDABDBDACCECCBBDBEBDBDDADCECBADB;;1;;CAEDBADBEBCCEDADBAEACBCADCEDEBBEBACECEABCDDAD;EAAACDDCDADDCBDEECEECBDCDADEEBCBEBADBCEBDBDDDDCECB;;1;100;120;80;80;20;400
1864543;2024;;;;;;;;;1500602;Altamira;15;PA;1;1;1;1;1419;1385;1398;1407;423.4;383;483.7;450.6;ACDADEBCDECEDBCACBEACCADEBEBCABDCEECEDCBADCBC;DBDBDDCCDBACDABBEDDABBCDCEDBEABECDBDEABCBCDCB;BDACCBACBDAEECDCACECDCEEBDABDCDBDBDBAEDCABECB;CCBBDCDBABCDCAACDCCAADEDAABBCDCCEBEAABDABDEBD;0;BCEAACDEDCAAEDDDEBBDDBECCAEDBBAAACCAEEXCBBCED;CAEDBADBEBCCEDADBAEACBCADCEDEBBEBACECEABCDDAD;EAAACDDCDADDCBDEECEECBDCDADEEBCBEBADBCEBDBDDDDCECB;ABBABBADDDBBCECEADCEBCCCDBADCBEDAECADACDBCECE;1;140;120;100;120;100;580
1628458;2024;;;;;;;;;1500602;Altamira;15;PA;0;0;0;0;;;;;;;;;;;;;1;;;;;;;;;;;
449329;2024;15104907;1500602;Altamira;15;PA;2;1;1;1500602;Altamira;15;PA;1;1;1;1;1422;1384;1396;1410;405.9;388.3;329.1;470.9;BABABEAAAABBCDDDAEAAAABACEBBCEACADDEAAAAEBCED;ADEDECBAEEDAEBBEDECCAACBCAABCAAEEEDBBCABEDAEE;ACAAEDABBDEDBABACDACBBABACCBCEABCDEEDCBABBABA;CCEDEDDCBAADDBAABDACAAEBAADCDABCAABAACCBACABA;0;BBCEDBBAEXCCAEDDBCAEDAACAAEDDDEBBECBCEEDCAACD;DADABCDCECEDEBBBEBCDBADACBCADCEBEADBAECAECEDA;AACEADDDACDADECBBDBEEBDDECCBEDDCADBBDEBCEBDCECEDDC;DBCECEACADABBECBEDADCCDCCABBBCECEBCEADABBADDD;1;80;120;100;100;0;400
356405;2024;15169138;1500602;Altamira;15;PA;2;1;1;1500602;Altamira;15;PA;1;1;1;1;1421;1386;1397;1409;497.4;565.8;549;620.9;ACADDEAACBBBECBCBDDCADECDEBCCCDEECCAAEECEACBC;BBEEADDDDBAECEEAEBCDBACBDCDBBCBEAECAEBDECBE*C;DBADDDBEDABDEADBCDBBDCBDBAEDDBABDBDEDDAECBEED;CAADBEDCBECAAEDACCCEBCCBCEEDBCCEBEBECACDEAEBA;1;DDBDDEBBAAEDECBCEEDCAACDBBCEDBBAEXCCAEAACCAED;ACBCADCEDBAECEDADBADBEBCDADABCDEABCAEDEBBCECE;AACEADACDDCBEDADEEBDDBDBBCEECBDCBADDDCBDEDDCECBECE;CEBCEADBBCEADDDABBABBCCDCCECEDBACADECABEDADCB;1;140;180;160;200;180;860
593845;2024;15583058;1500602;Altamira;15;PA;2;1;1;1500602;Altamira;15;PA;1;1;1;1;1420;1383;1395;1408;439.4;364.1;473.8;413.2;DCECDCEEBDABBAABDAEABDCEA.CCADAEDBCEBADDCEDAC;BAACEDADCBBDECAEDAADCBBDAEDCEBCACAEEAAEDDEBDB;EBD*DDCBECACABBCBEEADAEEBDDACECADADCEBBDADDEB;BCDECBBCAACAADDAEBEBDBACBC*EACEDCEDABADCDEBAA;0;CAEDAACCAEEXCBBAEDBBCAACDEDCBCEECAAEDDDEBBDDB;CECEBEBCDBADDEBBABCDCAECEDADBAEABEADCEDADACBC;CAAAECDDDAECBECEDDCBDEDDCECBDCBCEADBBDBDDCBEDADEEB;CECEBEDADCAADECDBBCEBDCCCACABBABBADDDCEADBBCE;1;80;120;100;100;160;560
1266284;2024;;;;;;;;;1500602;Altamira;15;PA;1;1;1;1;1421;1386;1397;1409;429;390.3;496.5;427.6;DCABDDEAAECCDAEBABDDBBEBACBEECBEDCBEAECDDDAAB;CBBABCAEBEAEEDBCDAEDBECDACBCAEBBCECADDADAEACB;AACCECEECADEDBEEBBBBDADCADEBEADCBDEEEBACEBEAE;CAACBDEDDAABAEDEDBABABBEEDAAECCDDBBEDEADDDEDC;0;DDBDDEBBAAEDECBCEEDCAACDBBCEDBBAEXCCAEAACCAED;ACBCADCEDBAECEDADBADBEBCDADABCDEABCAEDEBBCECE;AACEADACDDCBEDADEEBDDBDBBCEECBDCBADDDCBDEDDCECBECE;CEBCEADBBCEADDDABBABBCCDCCECEDBACADECABEDADCB;1;100;160;140;140;40;580
4255663;2024;;;;;;;;;1500602;Altamira;15;PA;1;1;1;1;1420;1383;1395;1408;445.2;546.1;515.1;396.3;EDAACACECEBCBEAEECCCAEDEBDACBBDABBEADCDBAACDA;AECBCECEEACDDEEEABABCABCEBADEAEACEAEEABABABEC;CCDDCECBEAACDACABDACAADAEBCEECDCDBDADBEDEECEB;EDDEADEBBCACCCAEECDCEBCEBEDDCADBABEEBEEBBBDDA;1;CAEDAACCAEEXCBBAEDBBCAACDEDCBCEECAAEDDDEBBDDB;CECEBEBCDBADDEBBABCDCAECEDADBAEABEADCEDADACBC;CAAAECDDDAECBECEDDCBDEDDCECBDCBCEADBBDBDDCBEDADEEB;CECEBEDADCAADECDBBCEBDCCCACABBABBADDDCEADBBCE;1;120;160;120;140;20;560
4181980;2024;15104907;1500602;Altamira;15;PA;2;1;1;1500602;Altamira;15;PA;0;0;0;0;;;;;;;;;;;;;0;;;;;;;;;;;
3565963;2024;;;;;;;;;1500602;Altamira;15;PA;0;0;0;0;;;;;;;;;;;;;1;;;;;;;;;;;
3299937;2024;;;;;;;;;1500602;Altamira;15;PA;1;1;1;1;1421;1386;1397;1409;470.8;498.3;469.7;585.2;DEDBDAACCBEBAEBECCABADDCBCAADCDBDCBEABDBDEAEC;EDDCACECCBADCCDDEDDBCCADDEDABCDEABDCBDEBDBEDE;DBACCAAEDAAEDBDECDCBBCEADEDCBBDBADCCCDAADCECE;CEBCDAEBADDABDCCABEBACDEDAEDCCECABEDCAADBCABE;1;DDBDDEBBAAEDECBCEEDCAACDBBCEDBBAEXCCAEAACCAED;ACBCADCEDBAECEDADBADBEBCDADABCDEABCAEDEBBCECE;AACEADACDDCBEDADEEBDDBDBBCEECBDCBADDDCBDEDDCECBECE;CEBCEADBBCEADDDABBABBCCDCCECEDBACADECABEDADCB;1;100;120;120;120;80;540
556615;2024;15109194;1507805;Senador José Porfírio;15;PA;2;1;1;1500602;Altamira;15;PA;0;1;1;0;;1384;1396;;;459.3;515.2;;;BADDABDAACCBECB...E.............BAADEDCADCCEA;BCCAEDACECDBBABBBDDEBABEDDCDCDBECBCBCADECDAAD;;1;;DADABCDCECEDEBBBEBCDBADACBCADCEBEADBAECAECEDA;AACEADDDACDADECBBDBEEBDDECCBEDDCADBBDEBCEBDCECEDDC;;1;120;160;100;120;140;640
2069150;2024;;;;;;;;;1500602;Altamira;15;PA;1;1;1;1;1419;1385;1398;1407;449;418;467.1;455.5;BDAACBABBABBACBAEBAACBCACEEBCACBBDAECBCBADAED;CCEEACABCDEEDCDBDDCABADACEBBBEABCACEBEABDCDDD;BEBBEBBCBCEECAEBCEDCABCEAABBDEBBADEDEABDEBDEE;DCBEBEBCDBCBDBCBDBDDEBCAEADABDAAEBCDBEDCCDEED;0;BCEAACDEDCAAEDDDEBBDDBECCAEDBBAAACCAEEXCBBCED;CAEDBADBEBCCEDADBAEACBCADCEDEBBEBACECEABCDDAD;EAAACDDCDADDCBDEECEECBDCDADEEBCBEBADBCEBDBDDDDCECB;ABBABBADDDBBCECEADCEBCCCDBADCBEDAECADACDBCECE;4;0;0;0;0;0;0
1688605;2024;;;;;;;;;1500602;Altamira;15;PA;0;0;0;0;;;;;;;;;;;;;1;;;;;;;;;;;
1404602;2024;;;;;;;;;1500602;Altamira;15;PA;1;1;1;1;1420;1383;1395;1408;417.4;418;454.6;404.1;DDDBADECBEBCECBBBCBACECAEAECDAAACDEAEBCEBAEAA;AEACDEABEECCACEAEDABDDECBBABCAACAABAAEADDBABB;ABEEBECCEADADBCBACDEDAEACBADEABADDDACBDEBCDCA;DDCCBCECECAEADEBAB*DCEDDBCBCDEECAADAAAADBBADA;0;CAEDAACCAEEXCBBAEDBBCAACDEDCBCEECAAEDDDEBBDDB;CECEBEBCDBADDEBBABCDCAECEDADBAEABEADCEDADACBC;CAAAECDDDAECBECEDDCBDEDDCECBDCBCEADBBDBDDCBEDADEEB;CECEBEDADCAADECDBBCEBDCCCACABBABBADDDCEADBBCE;1;120;160;120;120;60;580
3300878;2024;;;;;;;;;1500602;Altamira;15;PA;0;0;0;0;;;;;;;;;;;;;1;;;;;;;;;;;
1946782;2024;15107035;1504455;Medicilândia;15;PA;2;1;1;1500602;Altamira;15;PA;1;1;1;1;1421;1386;1397;1409;392.6;299.9;399.2;528.9;CBACBDBCDAADCBADCDBBDCDABCDDAEAAECBCEBCBBDCAD;BC.BC.ADBDCADBECBDBECEBECDCACECDBDBCBCBEABDCA;DACADCBACDDECACBCDADDCCDECBACBDCDBCCDEBCBDBAB;BDBABDCCBECAEBAACDACEBCACACEBDBDDCACEDACACEBD;0;DDBDDEBBAAEDECBCEEDCAACDBBCEDBBAEXCCAEAACCAED;ACBCADCEDBAECEDADBADBEBCDADABCDEABCAEDEBBCECE;AACEADACDDCBEDADEEBDDBDBBCEECBDCBADDDCBDEDDCECBECE;CEBCEADBBCEADDDABBABBCCDCCECEDBACADECABEDADCB;1;120;160;120;120;40;560
1671971;2024;;;;;;;;;1500602;Altamira;15;PA;0;0;0;0;;;;;;;;;;;;;1;;;;;;;;;;;
2857195;2024;15583058;1500602;Altamira;15;PA;2;1;1;1500602;Altamira;15;PA;1;1;1;1;1421;1386;1397;1409;423.7;365.2;451.3;435.6;BEBAADDECCDEABDAAEDBBACDACEDCDBCDAEBACEADEBCD;BCBEDAECADBEACDCBEDADBCEBAECBDECAEBDACBDADECA;ABCDBDABEACCEBDDDDAECABEADCBEADACBEDB.CEBACEB;DBCEADACBEDACEBCADBEACDBEAC*ECEADBCEDBACEDBCA;1;DDBDDEBBAAEDECBCEEDCAACDBBCEDBBAEXCCAEAACCAED;ACBCADCEDBAECEDADBADBEBCDADABCDEABCAEDEBBCECE;AACEADACDDCBEDADEEBDDBDBBCEECBDCBADDDCBDEDDCECBECE;CEBCEADBBCEADDDABBABBCCDCCECEDBACADECABEDADCB;1;120;120;80;100;80;500
1756990;2024;15105016;1508357;Vitória do Xingu;15;PA;2;1;1;1500602;Altamira;15;PA;1;1;1;1;1419;1385;1398;1407;448.5;397.7;434.2;397.8;BEADABACAEABBCEDBBDDAAABEEAAEDECEDABABCCEDDAA;ACDABCE.CDBABEAADEDCBBECDEEBAACDEABBDCACBDBAB;DBACEADDABCECBEDBEADBECBDCBADCEBABCDAED.DEAAC;BBACBCDEABEDADEEECBCBDACABCDEDDBCEDCBCCBEADAC;1;BCEAACDEDCAAEDDDEBBDDBECCAEDBBAAACCAEEXCBBCED;CAEDBADBEBCCEDADBAEACBCADCEDEBBEBACECEABCDDAD;EAAACDDCDADDCBDEECEECBDCDADEEBCBEBADBCEBDBDDDDCECB;ABBABBADDDBBCECEADCEBCCCDBADCBEDAECADACDBCECE;1;80;120;80;80;40;400
3687997;2024;;;;;;;;;1500602;Altamira;15;PA;1;1;1;1;1419;1385;1398;1407;384.1;485.9;514.2;414.4;DACCBDCECADBEBADCBEDBDACBDBBAEBECADDBCCEADBCB;AEBCDDDBDCACBBACEBEABEDCDABDCACBEADBCBACBDEBD;BADDCEDCBEEEDBCBBCCBADCDBDBBDDEBDADDACEDDDACB;CBDDCDDCEBADECABDACEAACBDECAADEACBBDAABCAADBE;1;BCEAACDEDCAAEDDDEBBDDBECCAEDBBAAACCAEEXCBBCED;CAEDBADBEBCCEDADBAEACBCADCEDEBBEBACECEABCDDAD;EAAACDDCDADDCBDEECEECBDCDADEEBCBEBADBCEBDBDDDDCECB;ABBABBADDDBBCECEADCEBCCCDBADCBEDAECADACDBCECE;4;0;0;0;0;0;0
3101967;2024;15104907;1500602;Altamira;15;PA;2;1;1;1500602;Altamira;15;PA;0;1;1;0;;1384;1396;;;377.1;491.6;;;CDBCABCAECAECBBDBABEDBAAEDBCADDEBACADCABAEDAE;ECDEEBBEACBAEDCEAEDBACDEBDDCDBCEEBDCEADECDBDB;;1;;DADABCDCECEDEBBBEBCDBADACBCADCEBEADBAECAECEDA;AACEADDDACDADECBBDBEEBDDECCBEDDCADBBDEBCEBDCECEDDC;;1;120;160;100;120;80;580
2854944;2024;;;;;;;;;1500602;Altamira;15;PA;1;1;1;1;1422;1384;1396;1410;427.7;483.6;513.5;437.9;DDA*CDDEDCCECEDEAEDACDECDCDBEDECDCDABEEBCCDDC;DBDBEBDDCBBBDAACDADEADABCDCADCEAEABBCEBACCCAA;ABCBBDACECBBDBEEBBAABABACDAADCADBBABCCABBBDCB;DBDBBDCDEBDEDBDCADBCBDACDEECADDCBDCBCBBECCADC;0;BBCEDBBAEXCCAEDDBCAEDAACAAEDDDEBBECBCEEDCAACD;DADABCDCECEDEBBBEBCDBADACBCADCEBEADBAECAECEDA;AACEADDDACDADECBBDBEEBDDECCBEDDCADBBDEBCEBDCECEDDC;DBCECEACADABBECBEDADCCDCCABBBCECEBCEADABBADDD;1;100;120;80;100;60;460
2983121;2024;;;;;;;;;1500602;Altamira;15;PA;1;1;1;1;1419;1385;1398;1407;502.5;557.2;576.2;404.8;DCDADEACBDAECDDDDCBDAAAEEEECCAAAAAEAEDCBDDCCC;AAEEBDDCEBCCCEDCEAEBDDBADEEBDBBBEABECBBACDBAD;DAAACCDCBBEECCCABDECADEECABEADEBDABDADDDDAECB;CDDEEBEDCBBEBEDCEDABADDBDCCCDECBAECBBADBACCDC;0;BCEAACDEDCAAEDDDEBBDDBECCAEDBBAAACCAEEXCBBCED;CAEDBADBEBCCEDADBAEACBCADCEDEBBEBACECEABCDDAD;EAAACDDCDADDCBDEECEECBDCDADEEBCBEBADBCEBDBDDDDCECB;ABBABBADDDBBCECEADCEBCCCDBADCBEDAECADACDBCECE;1;120;120;120;140;100;600
3230179;2024;;;;;;;;;1500602;Altamira;15;PA;0;0;0;0;;;;;;;;;;;;;1;;;;;;;;;;;
3956709;2024;15107035;1504455;Medicilândia;15;PA;2;1;1;1500602;Altamira;15;PA;1;1;1;1;1419;1385;1398;1407;647.5;659.1;588.3;640.3;BDEDBCDBACAACDABBBBDACECEAEBEBDAACCAEEBCADCDD;DAEDBADBEBCCEDACBACACBCADBEDEBBEEABECACBCDDCD;EAABCCDCADEECEDBBDCCADEEDCBECDCBDECDAECDDDECB;DEDACEBEDBEEBABBADCBBBBCACCDBCDEACDBDACBBEEEB;0;BCEAACDEDCAAEDDDEBBDDBECCAEDBBAAACCAEEXCBBCED;CAEDBADBEBCCEDADBAEACBCADCEDEBBEBACECEABCDDAD;EAAACDDCDADDCBDEECEECBDCDADEEBCBEBADBCEBDBDDDDCECB;ABBABBADDDBBCECEADCEBCCCDBADCBEDAECADACDBCECE;1;160;200;160;160;200;880
2314659;2024;;;;;;;;;1500602;Altamira;15;PA;1;1;1;1;1422;1384;1396;1410;589.6;658;580.2;657.4;BBCDAEDDEBCACDDCCCCEDAACBACDDCEBBBCBCBBBADDAE;DADEBCDCECEAABBBCBCDBADACDCADEEAEADBEEAAECEDA;DDDACDADECBDDBEEBDCCBEBBDADAAEBDEBDEBACECCABA;AACECCADDEBBCEDDAEBBACBCEDABBEECDBEBACABCBBAD;1;BBCEDBBAEXCCAEDDBCAEDAACAAEDDDEBBECBCEEDCAACD;DADABCDCECEDEBBBEBCDBADACBCADCEBEADBAECAECEDA;AACEADDDACDADECBBDBEEBDDECCBEDDCADBBDEBCEBDCECEDDC;DBCECEACADABBECBEDADCCDCCABBBCECEBCEADABBADDD;1;160;180;140;160;160;800
1260616;2024;;;;;;;;;1500602;Altamira;15;PA;0;1;1;0;;1384;1396;;;515.9;528.1;;;DCDABCBAECADABBACDCDECDACEACACDEBABDAEBCACDBD;AADBCDCAECBBDBCEBBDEBEBDDCADACBCEBCADBCDCADEA;;1;;DADABCDCECEDEBBBEBCDBADACBCADCEBEADBAECAECEDA;AACEADDDACDADECBBDBEEBDDECCBEDDCADBBDEBCEBDCECEDDC;;1;100;120;120;80;60;480
3075303;2024;;;;;;;;;1500602;Altamira;15;PA;1;1;1;1;1422;1384;1396;1410;407.9;482.6;455.6;422.6;CCDBBAAEDBBBABDCAEAADBACCBBDAEECBACDDACECDBAC;DADCCEDBEACDEBACBACCDBABDBCCDACAEABEADCBDCDAB;BBDDECBAECECDCCEBEAABDCACABDEDCEEBDAAECEEACAB;BCDDADCCBCBBDDBAACDAEBDAEECCDADCDADBEDBCECCDB;0;BBCEDBBAEXCCAEDDBCAEDAACAAEDDDEBBECBCEEDCAACD;DADABCDCECEDEBBBEBCDBADACBCADCEBEADBAECAECEDA;AACEADDDACDADECBBDBEEBDDECCBEDDCADBBDEBCEBDCECEDDC;DBCECEACADABBECBEDADCCDCCABBBCECEBCEADABBADDD;1;120;120;120;120;20;500
1506337;2024;15176045;1500602;Altamira;15;PA;4;1;1;1500602;Altamira;15;PA;1;1;1;1;1421;1386;1397;1409;507.3;568.5;562.6;436.9;DACCDEDABBCCEEACCBDEDCAEECACDEAAECCBCDADEEEEE;CDADACEDDDABCEBACBCDBEACDCDABCDDA.CBDDEBBBACE;BAAEADDEBADEEBDBDDBBCEACEEDDEEBDCBCEDDAECBECC;DDCBCDDCDBABAABABCCCEAEBBDADBBEEDDAEDDABBABBB;0;DDBDDEBBAAEDECBCEEDCAACDBBCEDBBAEXCCAEAACCAED;ACBCADCEDBAECEDADBADBEBCDADABCDEABCAEDEBBCECE;AACEADACDDCBEDADEEBDDBDBBCEECBDCBADDDCBDEDDCECBECE;CEBCEADBBCEADDDABBABBCCDCCECEDBACADECABEDADCB;1;120;140;120;120;120;620
2444714;2024;;;;;;;;;1500602;Altamira;15;PA;1;1;1;1;1422;1384;1396;1410;472.2;439.3;501.4;429.7;CABDBAABEBDEBEDACEDABCEBCCBBCEEDBACAEBDDBADCA;DEBCEADBACEADABCDACAECAEADCADBEECADEBDACEDBDD;EDABCBADECBCDBDEBDDCAADDCDABBAEDBACCAEBECDCAE;AECDEDEDDABCDACBCCBDCECDACDEABEDBADDEBAECCDEE;1;BBCEDBBAEXCCAEDDBCAEDAACAAEDDDEBBECBCEEDCAACD;DADABCDCECEDEBBBEBCDBADACBCADCEBEADBAECAECEDA;AACEADDDACDADECBBDBEEBDDECCBEDDCADBBDEBCEBDCECEDDC;DBCECEACADABBECBEDADCCDCCABBBCECEBCEADABBADDD;1;80;120;80;100;80;460
1891341;2024;15583058;1500602;Altamira;15;PA;2;1;1;1500602;Altamira;15;PA;1;1;1;1;1422;1384;1396;1410;512.4;628;639.7;560.2;DCBDCCABEDCEBDDDBBAEECBBBECBCBEEAAABBCCECADAB;DADBECBCECEBEDDBEBEABBDACBDADDEAEADBEACAECEDE;AACEBDADECBDDAEEBDDEDCBEDDCAECBDEBCEBDCECCDDC;CCEECCEDBBDCDEAACDBAECACBABDCCEACBCBCCAEADCAA;0;BBCEDBBAEXCCAEDDBCAEDAACAAEDDDEBBECBCEEDCAACD;DADABCDCECEDEBBBEBCDBADACBCADCEBEADBAECAECEDA;AACEADDDACDADECBBDBEEBDDECCBEDDCADBBDEBCEBDCECEDDC;DBCECEACADABBECBEDADCCDCCABBBCECEBCEADABBADDD;1;120;180;140;120;140;700
4289624;2024;;;;;;;;;1500602;Altamira;15;PA;0;0;0;0;;;;;;;;;;;;;0;;;;;;;;;;;
4286094;2024;;;;;;;;;1500602;Altamira;15;PA;0;0;0;0;;;;;;;;;;;;;0;;;;;;;;;;;
2199206;2024;;;;;;;;;1500602;Altamira;15;PA;1;1;1;1;1420;1383;1395;1408;569.4;554;593.6;583.7;CDEBAACACEEDDACDADBADADCCEDCBADBAECBCDBBCADAB;BCCBBEAEADCDBDBBBBCCCAECEEACEECAEBACEBDEDADCE;CAAAEECBECBDDDBCEBBCBCDCBBCADDBBDBDDCDEDABEEB;CCBDACDACCDBDEBECACABDCEBBDBADACEBCAACBEDCBEC;0;CAEDAACCAEEXCBBAEDBBCAACDEDCBCEECAAEDDDEBBDDB;CECEBEBCDBADDEBBABCDCAECEDADBAEABEADCEDADACBC;CAAAECDDDAECBECEDDCBDEDDCECBDCBCEADBBDBDDCBEDADEEB;CECEBEDADCAADECDBBCEBDCCCACABBABBADDDCEADBBCE;1;140;140;120;140;160;700
4115734;2024;15106250;1501725;Brasil Novo;15;PA;2;1;1;1500602;Altamira;15;PA;1;1;1;1;1421;1386;1397;1409;402.6;405.4;427.3;401.8;DEAADABECBDACEAEBCDABDEBCBDACBBCBBEDACDAECBDB;CADCAECBDCBECCEBADEBACBECDECADCCAEDACEBDCBDEA;BADECDACBAEDEBDADEABCDCADECBDACBDADCBEACBBCDA;ACBDBAECCCADCBCDCBAEBDAECBDDDBACEDBDACBAEBDAE;0;DDBDDEBBAAEDECBCEEDCAACDBBCEDBBAEXCCAEAACCAED;ACBCADCEDBAECEDADBADBEBCDADABCDEABCAEDEBBCECE;AACEADACDDCBEDADEEBDDBDBBCEECBDCBADDDCBDEDDCECBECE;CEBCEADBBCEADDDABBABBCCDCCECEDBACADECABEDADCB;1;120;120;120;100;100;560
726618;2024;;;;;;;;;1500602;Altamira;15;PA;0;1;1;0;;1383;1395;;;506.1;559.8;;;CECEBDBDBBDBBBADCBEBACECBEAAEAEAEDCEBCBCDACEA;CCDDCECBECEDDCACEBBCCBBACBDBDDDEDABEBBECADDEA;;1;;CECEBEBCDBADDEBBABCDCAECEDADBAEABEADCEDADACBC;CAAAECDDDAECBECEDDCBDEDDCECBDCBCEADBBDBDDCBEDADEEB;;1;140;160;120;160;120;700
1808198;2024;15583058;1500602;Altamira;15;PA;2;1;1;1500602;Altamira;15;PA;1;1;1;1;1422;1384;1396;1410;431.2;446.5;486.7;397.6;CDEBCBAEEBDBABDCADDAAADBBCCCDBEDAAADDCDDADCAD;DCBECACECABEEDABBADEEBDACAACCEAEBACDAEEABDDAA;AAEBDCDCDCBDEDBEDBBDADACDDADAACDEBCBEACEEABBC;EDADECBAEEEBCAADDCCBCABDCA*A.CAEBCDDDECBADEBC;0;BBCEDBBAEXCCAEDDBCAEDAACAAEDDDEBBECBCEEDCAACD;DADABCDCECEDEBBBEBCDBADACBCADCEBEADBAECAECEDA;AACEADDDACDADECBBDBEEBDDECCBEDDCADBBDEBCEBDCECEDDC;DBCECEACADABBECBEDADCCDCCABBBCECEBCEADABBADDD;1;80;160;120;80;120;560
2428761;2024;15575497;1500859;Anapu;15;PA;2;1;1;1500602;Altamira;15;PA;1;1;1;1;1419;1385;1398;1407;398.7;383.4;368.3;410;ABBACEAABBCBABAAEABDAAAABECBBDAEEBEDEDBBCCABC;AACADABACAACACABEEAAEBBBCBBABBCAACAAABBAABBDB;BCACADABBBBACBBAAABEAEABAEBBCEBAABADBACCEBAAA;CCABBEBEEBCACDAABCBDABADDDCABADDDABBEBAAAEEBC;0;BCEAACDEDCAAEDDDEBBDDBECCAEDBBAAACCAEEXCBBCED;CAEDBADBEBCCEDADBAEACBCADCEDEBBEBACECEABCDDAD;EAAACDDCDADDCBDEECEECBDCDADEEBCBEBADBCEBDBDDDDCECB;ABBABBADDDBBCECEADCEBCCCDBADCBEDAECADACDBCECE;6;0;0;0;0;0;0
4012896;2024;;;;;;;;;1500602;Altamira;15;PA;0;0;0;0;;;;;;;;;;;;;1;;;;;;;;;;;
2510371;2024;;;;;;;;;1500602;Altamira;15;PA;0;0;0;0;;;;;;;;;;;;;1;;;;;;;;;;;
378774;2024;;;;;;;;;1500602;Altamira;15;PA;1;1;1;1;1419;1385;1398;1407;479.2;333.1;383.6;436.8;BBADCCECBACAECDEECDCEDEACBDAACCCEDCACCEBCBBDE;ABACCBBBDCCDBDCCEACDCBEEABCDBDEBDDCDBEBCBBDDE;DCAAABCDACADECCACBDBDCCDBABCCDECADBDCACDBCBDC;CADCAECAEDCDAABDCDEABCDBCEBADEECBCDCDEDBCEBDC;1;BCEAACDEDCAAEDDDEBBDDBECCAEDBBAAACCAEEXCBBCED;CAEDBADBEBCCEDADBAEACBCADCEDEBBEBACECEABCDDAD;EAAACDDCDADDCBDEECEECBDCDADEEBCBEBADBCEBDBDDDDCECB;ABBABBADDDBBCECEADCEBCCCDBADCBEDAECADACDBCECE;3;0;0;0;0;0;0
3572372;2024;;;;;;;;;1500602;Altamira;15;PA;0;0;0;0;;;;;;;;;;;;;0;;;;;;;;;;;
1426277;2024;;;;;;;;;1500602;Altamira;15;PA;0;0;0;0;;;;;;;;;;;;;1;;;;;;;;;;;
647342;2024;;;;;;;;;1500602;Altamira;15;PA;1;1;1;1;1422;1384;1396;1410;389;583.1;498.4;401.3;CCABCEAABEDEAECCAEAAABAADABEEAEBDBCABAAEBBDEB;DCDBBCDCECBBECDBCBCBBCDABDAACAEEEEAEDEBAACEDA;ABBEDEADECBBDDEAADEDBCBEADAEBCADABDAAECDDECAD;BAABEDADCECCDDECCBCBBEDDAEBEBAADCAAEEAEDBECEB;1;BBCEDBBAEXCCAEDDBCAEDAACAAEDDDEBBECBCEEDCAACD;DADABCDCECEDEBBBEBCDBADACBCADCEBEADBAECAECEDA;AACEADDDACDADECBBDBEEBDDECCBEDDCADBBDEBCEBDCECEDDC;DBCECEACADABBECBEDADCCDCCABBBCECEBCEADABBADDD;1;140;180;160;160;180;820
1131842;2024;;;;;;;;;1500602;Altamira;15;PA;1;1;1;1;1421;1386;1397;1409;393.1;392.7;459.7;379.1;DCBAEADCCBBCAAEABDBCACDAAACDCEDBDBAEADACAEEAC;EABADEEAAEEECDCACDACADCABAECDCCBCACBAADEEDEEE;CEDEEDBEDEECEEDDBAAAEBCABABECCCDDDEECDBAEBECD;DCACCCECDEEBCAEECBAECABEBDACCCDADEBBCBEDCDBBA;1;DDBDDEBBAAEDECBCEEDCAACDBBCEDBBAEXCCAEAACCAED;ACBCADCEDBAECEDADBADBEBCDADABCDEABCAEDEBBCECE;AACEADACDDCBEDADEEBDDBDBBCEECBDCBADDDCBDEDDCECBECE;CEBCEADBBCEADDDABBABBCCDCCECEDBACADECABEDADCB;1;100;160;100;120;60;540
119851;2024;;;;;;;;;1500602;Altamira;15;PA;0;0;0;0;;;;;;;;;;;;;1;;;;;;;;;;;
1423284;2024;;;;;;;;;1500602;Altamira;15;PA;0;0;0;0;;;;;;;;;;;;;1;;;;;;;;;;;
684855;2024;15205401;1500602;Altamira;15;PA;4;1;1;1500602;Altamira;15;PA;0;0;0;0;;;;;;;;;;;;;1;;;;;;;;;;;
1960781;2024;;;;;;;;;1500602;Altamira;15;PA;1;1;1;1;1420;1383;1395;1408;466.5;563.1;484.9;532.7;ECADADCEEDEBCEADBBDCDBCACADBADBAAECCEABBAEDBB;AECEBECDCABAAEECEBCADAECEDABBECACCADDEDEDCABD;CAAADECBECACDAADEDBBBECBDEBADCEEBCCDBECADDBDC;ECEABCCEAEABCEDADBDAEBCDCEDDBEADACBBEDCADCAEC;0;CAEDAACCAEEXCBBAEDBBCAACDEDCBCEECAAEDDDEBBDDB;CECEBEBCDBADDEBBABCDCAECEDADBAEABEADCEDADACBC;CAAAECDDDAECBECEDDCBDEDDCECBDCBCEADBBDBDDCBEDADEEB;CECEBEDADCAADECDBBCEBDCCCACABBABBADDDCEADBBCE;1;120;120;80;100;100;520
1133886;2024;;;;;;;;;1500602;Altamira;15;PA;1;1;1;1;1422;1384;1396;1410;507.4;508.4;480.5;398.4;DCBACEADECBBADDECEDEBBDCEAAEEBABBBBBCBEADADAD;BBDABBCCBBBAEEBBCAEDBBBACDEBDEECEADACCAABCAAA;DEDABEBDACDBDDDEBAADAAAAAD....ABBDBDADEECADAC;BABDEADDDADEEECCBCCABEDDCAECAADADBCCDADDDBDAA;1;BBCEDBBAEXCCAEDDBCAEDAACAAEDDDEBBECBCEEDCAACD;DADABCDCECEDEBBBEBCDBADACBCADCEBEADBAECAECEDA;AACEADDDACDADECBBDBEEBDDECCBEDDCADBBDEBCEBDCECEDDC;DBCECEACADABBECBEDADCCDCCABBBCECEBCEADABBADDD;1;100;140;120;140;100;600
1961790;2024;;;;;;;;;1500602;Altamira;15;PA;0;0;0;0;;;;;;;;;;;;;1;;;;;;;;;;;
2079655;2024;;;;;;;;;1500602;Altamira;15;PA;1;1;1;1;1422;1384;1396;1410;466.2;495.2;531.4;458;BDBCDBBCABBEEEABABCEBBBAAEDEBCEEDDDCBBEEDABCB;ACDCBBEEEAABDAEBCEAAAEBABCCADBABEDDAEABACCEDA;DDEBBDADECBBDBEEACEDEDBEADBDEAEBEECAACEEDECCC;CACBDADDBBDACAADBCDACBDBBCADCBBCEADCEBAAEECEA;1;BBCEDBBAEXCCAEDDBCAEDAACAAEDDDEBBECBCEEDCAACD;DADABCDCECEDEBBBEBCDBADACBCADCEBEADBAECAECEDA;AACEADDDACDADECBBDBEEBDDECCBEDDCADBBDEBCEBDCECEDDC;DBCECEACADABBECBEDADCCDCCABBBCECEBCEADABBADDD;1;100;180;140;140;140;700
242527;2024;;;;;;;;;1500602;Altamira;15;PA;1;1;1;1;1422;1384;1396;1410;561.7;423.7;565;678.7;BDDBDBAAECCAEEDDDECCACACABCDDEBDBCECDEDBAECAA;DABABCDEACEDDDDAAA*AAAAAAAAAAACCCCCCCCCAADEBB;ABCEAEADECCBDADEBDBBADBEDDDDCDBCEBDABCEECADBC;CBCACAABBDBBBDACAEBCCCBCBDACBADCEBDBADACECBDD;0;BBCEDBBAEXCCAEDDBCAEDAACAAEDDDEBBECBCEEDCAACD;DADABCDCECEDEBBBEBCDBADACBCADCEBEADBAECAECEDA;AACEADDDACDADECBBDBEEBDDECCBEDDCADBBDEBCEBDCECEDDC;DBCECEACADABBECBEDADCCDCCABBBCECEBCEADABBADDD;1;100;120;80;100;20;420
580352;2024;;;;;;;;;1500602;Altamira;15;PA;1;1;1;1;1422;1384;1396;1410;621.7;657.9;603;762.7;AACEDADDECDEEEEDDEAEDAACACCDDBEEBECBAEECCBABB;ACDBBCDCECEBEBBBEBCDBCDACEEADEEAEDBBAECAECEDA;AACEACBAECBCDDEEDDDCDCBEDDCDDABDEBDADDCECBDDC;DBCEDCABEAEBCACBDDADDCBCCABABCECEBADADABBACDD;0;BBCEDBBAEXCCAEDDBCAEDAACAAEDDDEBBECBCEEDCAACD;DADABCDCECEDEBBBEBCDBADACBCADCEBEADBAECAECEDA;AACEADDDACDADECBBDBEEBDDECCBEDDCADBBDEBCEBDCECEDDC;DBCECEACADABBECBEDADCCDCCABBBCECEBCEADABBADDD;1;160;160;140;160;180;800
4053300;2024;;;;;;;;;1500602;Altamira;15;PA;1;1;1;1;1419;1385;1398;1407;518.6;392.5;535.8;502.6;BDCBBCDEBEACAAAEECDDECBBAAECDBAEBAAACDDBCCDAA;BBDBAEEDBA*CCCDBACDEEDABCBEDDECBAABCCEABBBCDD;EDCDBCDCBDEECECBEAECADEEBBBBADBBAADDEDDCACEDB;EBBADDBBBABECCDAADDCBBDECCEEAE.BCCDAAECCDBBDD;1;BCEAACDEDCAAEDDDEBBDDBECCAEDBBAAACCAEEXCBBCED;CAEDBADBEBCCEDADBAEACBCADCEDEBBEBACECEABCDDAD;EAAACDDCDADDCBDEECEECBDCDADEEBCBEBADBCEBDBDDDDCECB;ABBABBADDDBBCECEADCEBCCCDBADCBEDAECADACDBCECE;1;120;180;120;160;140;720
2236162;2024;;;;;;;;;1500602;Altamira;15;PA;0;0;0;0;;;;;;;;;;;;;1;;;;;;;;;;;
1196991;2024;15177858;1500602;Altamira;15;PA;2;2;1;1500602;Altamira;15;PA;0;0;0;0;;;;;;;;;;;;;1;;;;;;;;;;;
3245766;2024;;;;;;;;;1500602;Altamira;15;PA;0;1;1;0;;1386;1397;;;427.2;443.6;;;DCCDCEABCEAECDBCCEABDBDEAEDADEAAABEBDDBEBCEBA;CBADECEEACDAEACADABDACBABCDDECDECBAEEAAACAACC;;0;;ACBCADCEDBAECEDADBADBEBCDADABCDEABCAEDEBBCECE;AACEADACDDCBEDADEEBDDBDBBCEECBDCBADDDCBDEDDCECBECE;;4;0;0;0;0;0;0
401394;2024;;;;;;;;;1500602;Altamira;15;PA;1;1;1;1;1420;1383;1395;1408;554.5;480.7;497.6;604.7;CAEDEADEAEBBDEBCBCACDADEBDE*BBECCCDEADCEEBDEC;EEAECDCCAEDADEABBECCDBECAAADEECDEBADEAECDBDDE;DBADBECBECECDBCEEEDCEBDCEEDABCEDDDCDEBAEDCBED;DECBDBDBACDDCDBBACCEBBACCDDADBEDDCEEDCECDCBDD;0;CAEDAACCAEEXCBBAEDBBCAACDEDCBCEECAAEDDDEBBDDB;CECEBEBCDBADDEBBABCDCAECEDADBAEABEADCEDADACBC;CAAAECDDDAECBECEDDCBDEDDCECBDCBCEADBBDBDDCBEDADEEB;CECEBEDADCAADECDBBCEBDCCCACABBABBADDDCEADBBCE;1;80;120;120;80;0;400
591957;2024;;;;;;;;;1500602;Altamira;15;PA;1;1;1;1;1420;1383;1395;1408;552.9;600.7;599.4;468.4;CCEAAAEEECCBBDBDDDDDCBECDEBEEAEAAEEEDCDEACDEB;CECBBEBEDBCDDEEEDBCEAAECEDDDDABABDADEEDCDABEA;CAAAEECBECCDAEBDEBDCBABDEBCEADDBDADCCADDABEEB;ACECBEDBBCBBEDABABCDBAEBEBDBBCEBEEEEACCCDADDC;0;CAEDAACCAEEXCBBAEDBBCAACDEDCBCEECAAEDDDEBBDDB;CECEBEBCDBADDEBBABCDCAECEDADBAEABEADCEDADACBC;CAAAECDDDAECBECEDDCBDEDDCECBDCBCEADBBDBDDCBEDADEEB;CECEBEDADCAADECDBBCEBDCCCACABBABBADDDCEADBBCE;1;160;160;160;180;180;840
2522738;2024;15583058;1500602;Altamira;15;PA;2;1;1;1500602;Altamira;15;PA;1;1;1;1;1419;1385;1398;1407;457.2;475.1;485.5;438;ACCBDCDCABEEDEEECBCDEBECDEDEADEBBAEAEACDCBADE;DABBBBDBCBBACEEBDACACAACDDABEEAEAABACAEEDEBAE;DEAACBDCABAEACAABCEDADDDACBBEDAEBACDBDCEDAACB;AACBDCCEDCBADBAADEEDABBECBCADEAEACABCCCBECEBA;0;BCEAACDEDCAAEDDDEBBDDBECCAEDBBAAACCAEEXCBBCED;CAEDBADBEBCCEDADBAEACBCADCEDEBBEBACECEABCDDAD;EAAACDDCDADDCBDEECEECBDCDADEEBCBEBADBCEBDBDDDDCECB;ABBABBADDDBBCECEADCEBCCCDBADCBEDAECADACDBCECE;1;140;200;160;160;160;820
3753;2024;;;;;;;;;1500602;Altamira;15;PA;0;0;0;0;;;;;;;;;;;;;1;;;;;;;;;;;
1907302;2024;;;;;;;;;1500602;Altamira;15;PA;1;1;1;1;1419;1385;1398;1407;394;345.6;480.3;430.3;DCBADECABECCABCDBADEAACBADEACCEBDBBDBADECCBCB;BDEDBDCEBEEEEEEACDCECCDCECDCAEAAACAEBDBDBDBAC;AEDBADDABEEEECACABDDACEEDBABAAADEDBDABCAEDECD;CCCAEEABABBAECAACADAEACAAECBBADADAEAECAAEACAD;0;BCEAACDEDCAAEDDDEBBDDBECCAEDBBAAACCAEEXCBBCED;CAEDBADBEBCCEDADBAEACBCADCEDEBBEBACECEABCDDAD;EAAACDDCDADDCBDEECEECBDCDADEEBCBEBADBCEBDBDDDDCECB;ABBABBADDDBBCECEADCEBCCCDBADCBEDAECADACDBCECE;1;120;120;120;120;80;560
1734922;2024;15107035;1504455;Medicilândia;15;PA;2;1;1;1500602;Altamira;15;PA;0;0;0;0;;;;;;;;;;;;;0;;;;;;;;;;;
2166014;2024;;;;;;;;;1500602;Altamira;15;PA;1;1;1;1;1421;1386;1397;1409;475.9;462.7;465.1;431;DABDECBADCAEBCDCDCDDADCACADDCEBBACDEAEBABCAAB;ADACADEDAAADCDCAEDBEBDA*ACEACADBABDEDAACBABAE;DACDDBADEADCDADEDDABDCAAAACCBDCBDEEABCCECBDDA;ECABDEAAADACDEAABCBAACABDDBBEEEEDDBBCEBEEBAAB;1;DDBDDEBBAAEDECBCEEDCAACDBBCEDBBAEXCCAEAACCAED;ACBCADCEDBAECEDADBADBEBCDADABCDEABCAEDEBBCECE;AACEADACDDCBEDADEEBDDBDBBCEECBDCBADDDCBDEDDCECBECE;CEBCEADBBCEADDDABBABBCCDCCECEDBACADECABEDADCB;1;80;120;80;100;0;380
3281812;2024;;;;;;;;;1500602;Altamira;15;PA;1;1;1;1;1422;1384;1396;1410;418.8;416.8;472.5;449.5;ACBDADBAEDBBBADEAEEABEAEAEBEBBCEBAADABBBADCDB;AEAAABEDEAEAABEEDCCABCEBEBCAABEEBDCEBBAABCDDC;DDCCBBAEEDBDDDACADDEAADACDDACEAAEBCBACEDAAEDB;BBEBBCAAACABACCBEDDBBAAEDCBDBCADECADEABBCAEBA;1;BBCEDBBAEXCCAEDDBCAEDAACAAEDDDEBBECBCEEDCAACD;DADABCDCECEDEBBBEBCDBADACBCADCEBEADBAECAECEDA;AACEADDDACDADECBBDBEEBDDECCBEDDCADBBDEBCEBDCECEDDC;DBCECEACADABBECBEDADCCDCCABBBCECEBCEADABBADDD;4;0;0;0;0;0;0
2893423;2024;;;;;;;;;1500602;Altamira;15;PA;1;1;1;1;1420;1383;1395;1408;612.3;583.7;634.9;736.3;EAECAECCEAEBCBBAECBDBBECDDBCBDEEBBACEDDDEDDBB;CECBBEACCBDDDEEBCBCDAAACEBACBEEAEDACDCDADADEA;CAAAEECBECBDDCBDEDDCBABDEBDAADDBDBDDBBEEADEEB;CECADEDCBCABDCCDDCCEBCCBCAEABDACBBCDDABADCBDE;0;CAEDAACCAEEXCBBAEDBBCAACDEDCBCEECAAEDDDEBBDDB;CECEBEBCDBADDEBBABCDCAECEDADBAEABEADCEDADACBC;CAAAECDDDAECBECEDDCBDEDDCECBDCBCEADBBDBDDCBEDADEEB;CECEBEDADCAADECDBBCEBDCCCACABBABBADDDCEADBBCE;1;120;200;120;160;160;760
1130579;2024;;;;;;;;;1500602;Altamira;15;PA;0;0;0;0;;;;;;;;;;;;;0;;;;;;;;;;;
3812649;2024;;;;;;;;;1500602;Altamira;15;PA;0;0;0;0;;;;;;;;;;;;;1;;;;;;;;;;;
13889;2024;15200205;1500602;Altamira;15;PA;1;1;1;1500602;Altamira;15;PA;1;1;1;1;1419;1385;1398;1407;515.6;465;523.4;454.7;BCEDABCADEBCECAEEACDCBBCBCAADAADAAADCDEEEDCDB;DABBADACEBCCEAADEABABECEDEABCDABEABDABBEAEBBB;BDCDADCBEBEEACBEBAEEACCEBDDACEBBECCDDAEDDCECB;BCBAECBDEADBACACDBDAADDEBCBAECDCCBDBAECDCACDE;1;BCEAACDEDCAAEDDDEBBDDBECCAEDBBAAACCAEEXCBBCED;CAEDBADBEBCCEDADBAEACBCADCEDEBBEBACECEABCDDAD;EAAACDDCDADDCBDEECEECBDCDADEEBCBEBADBCEBDBDDDDCECB;ABBABBADDDBBCECEADCEBCCCDBADCBEDAECADACDBCECE;1;120;180;140;120;140;700
1634109;2024;;;;;;;;;1500602;Altamira;15;PA;1;1;1;1;1421;1386;1397;1409;501.1;536.9;536.4;500.8;DEEDADEBADCEACECBDADBDCCDABEDCBEADCEDEDAADBDB;ABEAADEECEACDEEAACDDBCAEBADABADBAEEABBEDDEECD;AAEEBCBEEBAEEABBEDBBEAEADEBCBBBDCACEDDEECBEDD;BECEDDAC*BBBCEDACEDCBADACCEBCEBEDCBCBACBECEAC;0;DDBDDEBBAAEDECBCEEDCAACDBBCEDBBAEXCCAEAACCAED;ACBCADCEDBAECEDADBADBEBCDADABCDEABCAEDEBBCECE;AACEADACDDCBEDADEEBDDBDBBCEECBDCBADDDCBDEDDCECBECE;CEBCEADBBCEADDDABBABBCCDCCECEDBACADECABEDADCB;1;120;160;160;160;120;720
573901;2024;;;;;;;;;1500602;Altamira;15;PA;0;0;0;0;;;;;;;;;;;;;0;;;;;;;;;;;
767906;2024;;;;;;;;;1500602;Altamira;15;PA;1;1;1;1;1420;1383;1395;1408;448.2;509.8;452.6;451.8;DBEABCDADDCEDEACBDEBCABDDBDCACBBACBECAEDACDAD;CACBCDAEABCDBDDDBEBCAABCEDADEECAABADEECABACEC;EBACBACEEEBCDBECABDBCBEDCBDABEDBCEEDBECEABCDB;BACBDCECAABECADABECDABBCDEBDDEDAEBCDBADEBCBDE;0;CAEDAACCAEEXCBBAEDBBCAACDEDCBCEECAAEDDDEBBDDB;CECEBEBCDBADDEBBABCDCAECEDADBAEABEADCEDADACBC;CAAAECDDDAECBECEDDCBDEDDCECBDCBCEADBBDBDDCBEDADEEB;CECEBEDADCAADECDBBCEBDCCCACABBABBADDDCEADBBCE;1;120;160;120;120;120;640
545547;2024;;;;;;;;;1500602;Altamira;15;PA;0;0;0;0;;;;;;;;;;;;;1;;;;;;;;;;;
911561;2024;;;;;;;;;1500602;Altamira;15;PA;0;1;1;0;;1383;1395;;;459.9;473.5;;;DA.DABAAADDDAAACCBCCCABBCAABDBDAABADCABBDBCBA;BEBDADCBECDAAADCEEBCAAAECBABEBAADEBEECBEEEAED;;1;;CECEBEBCDBADDEBBABCDCAECEDADBAEABEADCEDADACBC;CAAAECDDDAECBECEDDCBDEDDCECBDCBCEADBBDBDDCBEDADEEB;;1;100;80;60;80;0;320
2754402;2024;15104907;1500602;Altamira;15;PA;2;1;1;1500602;Altamira;15;PA;1;1;1;1;1422;1384;1396;1410;475.5;483;528.1;379.8;BCCEBBAAEADEDADCCEAABCBDCCDEECEDCBEBDEBEADDEC;BDACEBDDCAEAEEBCCADEBADADAACDBECBADAABDDBCAEA;ABAAEDADEECBDDEEADDDABBEDDECEBDAEBCDACCEEBBDB;AEDACAEDDBBDBCAACABEBCDDCEAEABDAEAACDAEDECDAB;0;BBCEDBBAEXCCAEDDBCAEDAACAAEDDDEBBECBCEEDCAACD;DADABCDCECEDEBBBEBCDBADACBCADCEBEADBAECAECEDA;AACEADDDACDADECBBDBEEBDDECCBEDDCADBBDEBCEBDCECEDDC;DBCECEACADABBECBEDADCCDCCABBBCECEBCEADABBADDD;1;120;120;100;120;40;500
307608;2024;15169138;1500602;Altamira;15;PA;2;1;1;1500602;Altamira;15;PA;1;1;1;1;1420;1383;1395;1408;461;525.7;515.4;460.9;BABBEDCEADEBDCDAEBDCCADABBBCADAAEACBDEDABBDBC;CACBBBBDEDDDBDEDAABCCBCCEEACEADAEDADEEABDABAA;CBBDEDCBEACDCEADEADCDBBEABDEDEDCDCDECCADACCEB;CEDADCDCABCBBCDBCBADACBDEDDECBACDCBCAABDCCABD;1;CAEDAACCAEEXCBBAEDBBCAACDEDCBCEECAAEDDDEBBDDB;CECEBEBCDBADDEBBABCDCAECEDADBAEABEADCEDADACBC;CAAAECDDDAECBECEDDCBDEDDCECBDCBCEADBBDBDDCBEDADEEB;CECEBEDADCAADECDBBCEBDCCCACABBABBADDDCEADBBCE;1;120;120;120;120;140;620
190619;2024;;;;;;;;;1500602;Altamira;15;PA;0;1;1;0;;1385;1398;;;541.2;474;;;AAECEADAB.CCEDADBEBABCCADEEDECBBEADECDAEBCBAB;BEAAACCCDDDEEDDAAADEEDEDACDDADBBDDDDDCDEEAECB;;0;;CAEDBADBEBCCEDADBAEACBCADCEDEBBEBACECEABCDDAD;EAAACDDCDADDCBDEECEECBDCDADEEBCBEBADBCEBDBDDDDCECB;;1;120;120;120;120;80;560
1119351;2024;;;;;;;;;1500602;Altamira;15;PA;1;1;1;1;1422;1384;1396;1410;538.4;451;467.3;384.8;CDBAEEBCABBDDEDDABEECCDBCADDABEDBCCADEDEAABCB;EECBEECBBCEDDBEACBDECBABECDADBCEDCEEDEAABCCDA;DCDDBBAAECEDEADEADAECDABECDAADEAEBACBAEEDCBCD;EECDBAEDDACCDECBCCDABDAEACEDCBAABCDEEDBCAEDBA;1;BBCEDBBAEXCCAEDDBCAEDAACAAEDDDEBBECBCEEDCAACD;DADABCDCECEDEBBBEBCDBADACBCADCEBEADBAECAECEDA;AACEADDDACDADECBBDBEEBDDECCBEDDCADBBDEBCEBDCECEDDC;DBCECEACADABBECBEDADCCDCCABBBCECEBCEADABBADDD;1;120;120;100;100;80;520
2203176;2024;15106250;1501725;Brasil Novo;15;PA;2;1;1;1500602;Altamira;15;PA;0;0;0;0;;;;;;;;;;;;;1;;;;;;;;;;;
1503634;2024;;;;;;;;;1500602;Altamira;15;PA;1;1;1;1;1419;1385;1398;1407;449.3;352.2;347.9;442.1;EDEDAEDADBDCCBEDDCAADAECDCDBBBDBBDBBBCCBBCDBC;DDCCDACBACBABBEBBDADADAACBCCDEABCACBDABEAABED;BAAAACABBBBEBBBCEBBCCBAEAEDDDDDDBADCEEBDDCBDA;ABBBBEDCBDDBCCDBECBBBABAAAACBCBCDBEACDCCCACDE;0;BCEAACDEDCAAEDDDEBBDDBECCAEDBBAAACCAEEXCBBCED;CAEDBADBEBCCEDADBAEACBCADCEDEBBEBACECEABCDDAD;EAAACDDCDADDCBDEECEECBDCDADEEBCBEBADBCEBDBDDDDCECB;ABBABBADDDBBCECEADCEBCCCDBADCBEDAECADACDBCECE;1;80;120;80;60;100;440
3900157;2024;15105016;1508357;Vitória do Xingu;15;PA;2;1;1;1500602;Altamira;15;PA;0;1;1;0;;1386;1397;;;417.8;331.3;;;BEDBABABCDCECEACCAEADDDACCAAAADAECCABAAAB.BCA;AADDADDCCDEBEAEDEBDDDEAEAAEACCCADDBACBBECDAAC;;1;;ACBCADCEDBAECEDADBADBEBCDADABCDEABCAEDEBBCECE;AACEADACDDCBEDADEEBDDBDBBCEECBDCBADDDCBDEDDCECBECE;;6;0;0;0;0;0;0
480483;2024;;;;;;;;;1500602;Altamira;15;PA;1;1;1;1;1421;1386;1397;1409;373.2;537;547.4;391.1;AACEEEBBCEBEACDBBCADDDDDCBCBBDACABBEDCEADDCAA;ABCCABEDCEEDCEDBAAADCEACACDBECDEAEDEADEEBCEED;AAACECAEBADEEADAEDBBDAAAACDDCDBCCDDEDDAECDECE;ABDEDBBBACBDBABEACDABCCAACACBCEEBBECBDCBBDABD;0;DDBDDEBBAAEDECBCEEDCAACDBBCEDBBAEXCCAEAACCAED;ACBCADCEDBAECEDADBADBEBCDADABCDEABCAEDEBBCECE;AACEADACDDCBEDADEEBDDBDBBCEECBDCBADDDCBDEDDCECBECE;CEBCEADBBCEADDDABBABBCCDCCECEDBACADECABEDADCB;1;120;160;120;120;100;620
1554214;2024;15107035;1504455;Medicilândia;15;PA;2;1;1;1500602;Altamira;15;PA;1;1;1;1;1422;1384;1396;1410;484.4;438.9;501;484.2;DACBBEACDBDEDEEEBDAEBCACEBDEDBECCBCECDCBBDDCA;DADEEBECDBDCBEABCAEADCABABDDDEACDADBCDEABCCBA;DCDEBDBDEDBBDDADBDECAAAEDEAAADBEEAECECEEDECBC;ABDEBBBEBECABCDADECBDCDEDCBCBDDDEAACDACBCBEDD;1;BBCEDBBAEXCCAEDDBCAEDAACAAEDDDEBBECBCEEDCAACD;DADABCDCECEDEBBBEBCDBADACBCADCEBEADBAECAECEDA;AACEADDDACDADECBBDBEEBDDECCBEDDCADBBDEBCEBDCECEDDC;DBCECEACADABBECBEDADCCDCCABBBCECEBCEADABBADDD;1;120;140;120;120;120;620
2723471;2024;15105016;1508357;Vitória do Xingu;15;PA;2;1;1;1500602;Altamira;15;PA;1;1;1;1;1419;1385;1398;1407;501.5;509.7;527.7;472.5;DDEABEABDDBEAECDEDADABAADDEBABBABDEACBDECECDB;DADABCACCCDCCEACAAEADBAACBCAEEAEAAAACBDDCDBDD;DDDAACBABDAECBAADDEEADEDBCDEEBDBCACDEEDDDAECB;ABBACDBDCAAECDAEEAAAABCBABDBAAADDCCDDEDABDDDB;0;BCEAACDEDCAAEDDDEBBDDBECCAEDBBAAACCAEEXCBBCED;CAEDBADBEBCCEDADBAEACBCADCEDEBBEBACECEABCDDAD;EAAACDDCDADDCBDEECEECBDCDADEEBCBEBADBCEBDBDDDDCECB;ABBABBADDDBBCECEADCEBCCCDBADCBEDAECADACDBCECE;1;140;160;120;140;160;720
2090505;2024;15106101;1500602;Altamira;15;PA;2;1;1;1500602;Altamira;15;PA;1;1;1;1;1422;1384;1396;1410;511.1;598.8;562.7;558.5;ACBEBAACECDEADDDCCBEDEDBCBCDCEBEB*EBCBEBDDEDC;BCDAECCCAAEDEBDCEBEDBCDABEAADEEEBCDBAECAECEDA;AAECDDADECBDDDAEBDECACBEDDAAEDBDEBCADAEECACDD;CCDECBEDBBDBBEBADEDACCBCBABBCDCDB*BCDDAEABCEB;0;BBCEDBBAEXCCAEDDBCAEDAACAAEDDDEBBECBCEEDCAACD;DADABCDCECEDEBBBEBCDBADACBCADCEBEADBAECAECEDA;AACEADDDACDADECBBDBEEBDDECCBEDDCADBBDEBCEBDCECEDDC;DBCECEACADABBECBEDADCCDCCABBBCECEBCEADABBADDD;1;160;160;160;180;160;820
1173568;2024;;;;;;;;;1500602;Altamira;15;PA;1;1;1;1;1421;1386;1397;1409;357.7;377.5;455;386.3;AEBDEDBEBEBCDBDCBCCDACECCACDCDACDDEEDADDBEDDC;BDEEADBECBBDBACDBDCDBCEECBACDEEEACCDCCDCDEADE;CAAACDDEDAECECDDCDDBCBBCDEEDCBCEBDBACDBDDBBDC;ADCCCCDCCEDDCCCDCDBAEBBAEDCCDBDEECCCEEDBDDCEE;0;DDBDDEBBAAEDECBCEEDCAACDBBCEDBBAEXCCAEAACCAED;ACBCADCEDBAECEDADBADBEBCDADABCDEABCAEDEBBCECE;AACEADACDDCBEDADEEBDDBDBBCEECBDCBADDDCBDEDDCECBECE;CEBCEADBBCEADDDABBABBCCDCCECEDBACADECABEDADCB;1;120;160;120;140;0;540
678837;2024;;;;;;;;;1500602;Altamira;15;PA;1;1;1;1;1421;1386;1397;1409;509.6;496;519.6;426.8;DCACDDEBBCCEAEBCECBEADECCDBCABEBABBEADAACEDEB;ADECACAAEEEACEBAAEDAAEABDCDCACABAACAECAEDAAEA;BACBEEBDDDDCEBDBDDDBDCCBACCAEDBBCBADCDAECBECD;CDBBDCCDABABBBCBBABEACDCDBCEACBCDCAABCDEBEBAC;0;DDBDDEBBAAEDECBCEEDCAACDBBCEDBBAEXCCAEAACCAED;ACBCADCEDBAECEDADBADBEBCDADABCDEABCAEDEBBCECE;AACEADACDDCBEDADEEBDDBDBBCEECBDCBADDDCBDEDDCECBECE;CEBCEADBBCEADDDABBABBCCDCCECEDBACADECABEDADCB;1;100;120;120;140;140;620
1092722;2024;;;;;;;;;1500602;Altamira;15;PA;1;1;1;1;1419;1385;1398;1407;490;485.3;526.5;471.5;ABBDCBBEDAACADADDAEDCBEDDEABCABEDBECEECDDCCBC;ABDCBADDCACCCDAAEACABCEADECABABDCAAEAEAEBCDCB;CDCDCBDBBDEECADDDADAADEDAEDACCABADCDEDEDDBECA;DBDDCEBDECEACAAAEACEAAECBCCEECBABECECECABEECB;1;BCEAACDEDCAAEDDDEBBDDBECCAEDBBAAACCAEEXCBBCED;CAEDBADBEBCCEDADBAEACBCADCEDEBBEBACECEABCDDAD;EAAACDDCDADDCBDEECEECBDCDADEEBCBEBADBCEBDBDDDDCECB;ABBABBADDDBBCECEADCEBCCCDBADCBEDAECADACDBCECE;1;100;180;80;120;120;600
2475629;2024;;;;;;;;;1500602;Altamira;15;PA;0;0;0;0;;;;;;;;;;;;;0;;;;;;;;;;;
1877420;2024;15106250;1501725;Brasil Novo;15;PA;2;1;1;1500602;Altamira;15;PA;1;1;1;1;1421;1386;1397;1409;519.6;488.9;425.5;415.9;DEADAEAEACAEBCACDBECADCEAAACBBBAEBDABABECBDAB;ADDEADDDAEAACAAAAEEAACBEDBDBAEDDAADDBAEEEDEAE;DEBDDDCCBBDDBCDACDEBCEDCEDEADBBBAAACEEEBEDAEC;DDAADECEADCBEDBDEDBCBDDBBDEDCBAEDCAACBDADABEA;1;DDBDDEBBAAEDECBCEEDCAACDBBCEDBBAEXCCAEAACCAED;ACBCADCEDBAECEDADBADBEBCDADABCDEABCAEDEBBCECE;AACEADACDDCBEDADEEBDDBDBBCEECBDCBADDDCBDEDDCECBECE;CEBCEADBBCEADDDABBABBCCDCCECEDBACADECABEDADCB;1;120;160;120;120;120;640
394943;2024;;;;;;;;;1500602;Altamira;15;PA;1;1;1;1;1421;1386;1397;1409;614.4;578.9;478.9;684.5;DDBDEEBBABBCACBEBBDCBDCDBEAEDCDDBACBAEAECECEB;ACBCECEECBABCCDAABADBEBCDDDBAADCAECAEDCCECBCA;DABECDCECBDCEDDDBDBBCBECADEADDBDCAADCBECDBBCA;CEADBACBBCDBBEAABBACBCCBCCCDBCBACADCCABEDABDB;1;DDBDDEBBAAEDECBCEEDCAACDBBCEDBBAEXCCAEAACCAED;ACBCADCEDBAECEDADBADBEBCDADABCDEABCAEDEBBCECE;AACEADACDDCBEDADEEBDDBDBBCEECBDCBADDDCBDEDDCECBECE;CEBCEADBBCEADDDABBABBCCDCCECEDBACADECABEDADCB;1;140;200;140;180;160;820
4160997;2024;;;;;;;;;1500602;Altamira;15;PA;1;1;1;1;1419;1385;1398;1407;409.9;483;440.7;450;EABBDEADBACCEE**DBADBCCAEADBCBABCAEBCEBACBDCA;DAAEDDDCDBCDEDAEDABEBDCACEDBABBEABDECAECBCECB;DAEBEDDCAEEECBAADEECBBBBCABBCBDCAECDAEDCADACD;ADBCBDACEBDEAECCBEDEECABDADCABEEACABDEACDBCBD;1;BCEAACDEDCAAEDDDEBBDDBECCAEDBBAAACCAEEXCBBCED;CAEDBADBEBCCEDADBAEACBCADCEDEBBEBACECEABCDDAD;EAAACDDCDADDCBDEECEECBDCDADEEBCBEBADBCEBDBDDDDCECB;ABBABBADDDBBCECEADCEBCCCDBADCBEDAECADACDBCECE;1;80;120;100;100;40;440
1936962;2024;;;;;;;;;1500602;Altamira;15;PA;1;1;1;1;1419;1385;1398;1407;366.9;333.2;328;423.8;DDACBEDDCDBECDACEBDDBDCECEDCEDCBDACDAADCECEDE;EEBDDBDBDCAACCBDEBCCBDEDCAEACEBDBBEBEADCEDAEC;AECB*CDDBEEBADEBDBDDEBCEDBCABECADEDBAEBCBCADB;DCBCBBEBCDEACDDBCDADCCDABADCDCDCABDDACDDECBDE;1;BCEAACDEDCAAEDDDEBBDDBECCAEDBBAAACCAEEXCBBCED;CAEDBADBEBCCEDADBAEACBCADCEDEBBEBACECEABCDDAD;EAAACDDCDADDCBDEECEECBDCDADEEBCBEBADBCEBDBDDDDCECB;ABBABBADDDBBCECEADCEBCCCDBADCBEDAECADACDBCECE;1;100;100;80;80;80;440
1804023;2024;;;;;;;;;1500602;Altamira;15;PA;0;0;0;0;;;;;;;;;;;;;1;;;;;;;;;;;
1905985;2024;;;;;;;;;1500602;Altamira;15;PA;1;1;1;1;1420;1383;1395;1408;611.2;629.7;628.6;688.9;ECEBADCEAEEBBDBAEDBCBAECDCCEBDEBACCECDDEBBDDC;AADEBEBCDCADDDEBBBCDCAECEBACBBEACCADCEDADADEC;CAAAEECBECADDBBDECDACDBDCBDEBDBBDBEACBECADEEB;DECBDEEDDDBBCDAABECEBDBCCADBBDABEECDDBCABCBEC;0;CAEDAACCAEEXCBBAEDBBCAACDEDCBCEECAAEDDDEBBDDB;CECEBEBCDBADDEBBABCDCAECEDADBAEABEADCEDADACBC;CAAAECDDDAECBECEDDCBDEDDCECBDCBCEADBBDBDDCBEDADEEB;CECEBEDADCAADECDBBCEBDCCCACABBABBADDDCEADBBCE;1;140;200;140;160;180;820
2052793;2024;;;;;;;;;1500602;Altamira;15;PA;1;1;1;1;1422;1384;1396;1410;442.5;337.8;342.1;462.9;CDBDCBABBEAEADBDCBCABECDCDBEAECBBEABADCBCCEBC;CABCCBADCABCABCDDABAEBDCBACBCEDBEABDBDACCADAB;ABDCABDCDDCABADEADACCEBDBECADACBBADCACABDBADB;ECCDEAEACEBCDCAABCCEDCABDDABADCCEBDBACDADEEAD;0;BBCEDBBAEXCCAEDDBCAEDAACAAEDDDEBBECBCEEDCAACD;DADABCDCECEDEBBBEBCDBADACBCADCEBEADBAECAECEDA;AACEADDDACDADECBBDBEEBDDECCBEDDCADBBDEBCEBDCECEDDC;DBCECEACADABBECBEDADCCDCCABBBCECEBCEADABBADDD;1;120;180;120;120;0;540
414372;2024;;;;;;;;;1500602;Altamira;15;PA;1;1;1;1;1419;1385;1398;1407;423.8;357.2;432.1;414;EDAADBDBDBCCCEBDABABECBACEEACBBEACDBCBBDDDBBB;ACDBADEEACBADCEEDADDCEBDAECEBDCBBABDCEECDBCBB;DDCBECBCAEAECCCBCBDEACAECACBBCABEBDEADDBECABC;DADBCBBCBDEDBAAABBADBBBDCCCBEADEBACDDADBBDBEC;1;BCEAACDEDCAAEDDDEBBDDBECCAEDBBAAACCAEEXCBBCED;CAEDBADBEBCCEDADBAEACBCADCEDEBBEBACECEABCDDAD;EAAACDDCDADDCBDEECEECBDCDADEEBCBEBADBCEBDBDDDDCECB;ABBABBADDDBBCECEADCEBCCCDBADCBEDAECADACDBCECE;1;80;120;120;120;20;460
2227859;2024;;;;;;;;;1500602;Altamira;15;PA;0;0;0;0;;;;;;;;;;;;;1;;;;;;;;;;;
4036370;2024;15105016;1508357;Vitória do Xingu;15;PA;2;1;1;1500602;Altamira;15;PA;0;0;0;0;;;;;;;;;;;;;0;;;;;;;;;;;
1968909;2024;;;;;;;;;1500602;Altamira;15;PA;1;1;1;1;1421;1386;1397;1409;500.5;448.8;484;526.7;DEADBEBBCECEECBCDCCDBDADBCBEDBDBCBDBAEEEDCBDB;CADCBCDAEBAACCBADDCDBCABDBCDCBBBACEDDBCBAADCC;ABDDBCBEBADDEBDDADABCADBCCCBBEACEDEDDBECBECCC;BAACBDDCDDECEDDABCBDEBDDBDECDBEEDDBECCDCEDBCE;1;DDBDDEBBAAEDECBCEEDCAACDBBCEDBBAEXCCAEAACCAED;ACBCADCEDBAECEDADBADBEBCDADABCDEABCAEDEBBCECE;AACEADACDDCBEDADEEBDDBDBBCEECBDCBADDDCBDEDDCECBECE;CEBCEADBBCEADDDABBABBCCDCCECEDBACADECABEDADCB;1;140;180;160;200;160;840
2157848;2024;15141179;1500602;Altamira;15;PA;4;1;1;1500602;Altamira;15;PA;1;1;1;1;1421;1386;1397;1409;508.6;547;564.8;627.6;DCADBABEEBACCEBDAACBDCCDADCABBADEBBEDCABECBEE;ADCDADDEAEDECCBABBCABEADDADCBA.EA.DADDDCBCEEB;AADEADBEDADDEDBECDDBDBBCEBDCABDAABDEDDAECBECB;CCBCDECBBACDBDBACBBDCBCEEDEBBBBACDCCDBDDDDBCC;0;DDBDDEBBAAEDECBCEEDCAACDBBCEDBBAEXCCAEAACCAED;ACBCADCEDBAECEDADBADBEBCDADABCDEABCAEDEBBCECE;AACEADACDDCBEDADEEBDDBDBBCEECBDCBADDDCBDEDDCECBECE;CEBCEADBBCEADDDABBABBCCDCCECEDBACADECABEDADCB;1;140;180;120;120;200;760
81871;2024;;;;;;;;;1500602;Altamira;15;PA;0;0;0;0;;;;;;;;;;;;;1;;;;;;;;;;;
1659792;2024;15106250;1501725;Brasil Novo;15;PA;2;1;1;1500602;Altamira;15;PA;1;1;1;1;1421;1386;1397;1409;385.5;321.9;353.2;396.7;BEAEECBABACCAADDDECDADABECAECAACABDEAEEEBECAD;EEABDCADDECEABCEBAECADCEBCDABABCDBEADBDAAEDDB;BADECEACBECBBBADEEBDDBDBBDCBBBCEDBEABDEAECDAE;BBEBBDCBDBABABBBBEDCAADDADBBCAABDAABBADCDABBB;1;DDBDDEBBAAEDECBCEEDCAACDBBCEDBBAEXCCAEAACCAED;ACBCADCEDBAECEDADBADBEBCDADABCDEABCAEDEBBCECE;AACEADACDDCBEDADEEBDDBDBBCEECBDCBADDDCBDEDDCECBECE;CEBCEADBBCEADDDABBABBCCDCCECEDBACADECABEDADCB;1;120;160;120;160;120;680
1897251;2024;;;;;;;;;1500602;Altamira;15;PA;1;1;1;1;1420;1383;1395;1408;438.7;406.7;496.5;537.2;EDAAEDBEABDDBCABCCCDCB*DDACABCDEBECDAECEEAACB;ADEADADBCACBDCCADBCADBEEBEADCADCDAACDEACECABE;DBDDEECBECECDECBABBCCAEECBCEADBDADEEADEECEEAC;DECDADCAC*BCCDAEADCEBADEBBDDDDABBACACABDBCADB;1;CAEDAACCAEEXCBBAEDBBCAACDEDCBCEECAAEDDDEBBDDB;CECEBEBCDBADDEBBABCDCAECEDADBAEABEADCEDADACBC;CAAAECDDDAECBECEDDCBDEDDCECBDCBCEADBBDBDDCBEDADEEB;CECEBEDADCAADECDBBCEBDCCCACABBABBADDDCEADBBCE;1;100;80;80;120;0;380
3981685;2024;;;;;;;;;1500602;Altamira;15;PA;0;0;0;0;;;;;;;;;;;;;1;;;;;;;;;;;
1232065;2024;;;;;;;;;1500602;Altamira;15;PA;0;0;0;0;;;;;;;;;;;;;1;;;;;;;;;;;
4108030;2024;;;;;;;;;1500602;Altamira;15;PA;1;1;1;1;1421;1386;1397;1409;451.7;438.2;489.9;468;DEAEDCBDBCAAEAACADBAADECDDAAECEBDCDEACADADAEC;ECBAABAACEABBEAAABAACBBCCADBDAABECEDBAAABCCBA;AAEECDBECBBCCBEABECBDCEAECDDAAADCEEECDAEDBEDE;DDDCBEBEAEEECDCACBCBABADBAEBDBAEBCBADBDABBADC;1;DDBDDEBBAAEDECBCEEDCAACDBBCEDBBAEXCCAEAACCAED;ACBCADCEDBAECEDADBADBEBCDADABCDEABCAEDEBBCECE;AACEADACDDCBEDADEEBDDBDBBCEECBDCBADDDCBDEDDCECBECE;CEBCEADBBCEADDDABBABBCCDCCECEDBACADECABEDADCB;1;100;120;40;80;40;380
114246;2024;15104907;1500602;Altamira;15;PA;2;1;1;1500602;Altamira;15;PA;1;1;1;1;1419;1385;1398;1407;521.7;387.3;490.3;501.3;ACEDCCCDAACCCCADBDBDCAEBDEABDBBEACEDDBDCDBCCD;EBBACBCDDBACDDECAEBCEADBECADBCACDADBCAAEADCDE;BDCCEADCECEEADEBDBCEADCCBECDDCCBDDBEBDDBCCECA;CDCAEBDBBCCEBBCBEECADBADADCBAECDDCBCBBDAACECB;1;BCEAACDEDCAAEDDDEBBDDBECCAEDBBAAACCAEEXCBBCED;CAEDBADBEBCCEDADBAEACBCADCEDEBBEBACECEABCDDAD;EAAACDDCDADDCBDEECEECBDCDADEEBCBEBADBCEBDBDDDDCECB;ABBABBADDDBBCECEADCEBCCCDBADCBEDAECADACDBCECE;1;120;160;120;120;80;600
1123224;2024;;;;;;;;;1500602;Altamira;15;PA;1;1;1;1;1419;1385;1398;1407;455.5;613.7;532.1;590;ADBCBDADCDEABEDBEABDEADDEECDCEAAACDEDABDDDDEB;CAAECACBDBCCEDACBEEACCCADEEDEEBEEDCECADBCCDAD;BBDABCDDBBEECCEEEDEDADAEBBDECDEBCDDDDAADDAEED;AACACADAEBBCCDDBAECDACCEEADDBDDCADDCAECDDBEAA;1;BCEAACDEDCAAEDDDEBBDDBECCAEDBBAAACCAEEXCBBCED;CAEDBADBEBCCEDADBAEACBCADCEDEBBEBACECEABCDDAD;EAAACDDCDADDCBDEECEECBDCDADEEBCBEBADBCEBDBDDDDCECB;ABBABBADDDBBCECEADCEBCCCDBADCBEDAECADACDBCECE;1;140;160;120;160;180;760
1529045;2024;;;;;;;;;1500602;Altamira;15;PA;0;0;0;0;;;;;;;;;;;;;1;;;;;;;;;;;
799895;2024;;;;;;;;;1500602;Altamira;15;PA;0;0;0;0;;;;;;;;;;;;;1;;;;;;;;;;;
1891950;2024;;;;;;;;;1500602;Altamira;15;PA;1;1;1;1;1419;1385;1398;1407;510.6;550.2;578.6;468.7;AEDADDCEDDACDDEBEADDABECEEEAADEBAAEEEDDBACBDA;AEEDEBDAECACEDACEEDADBAADDDBEEBEAADECEAACCDCE;CBCACBDCBCEECCCBBDEDADEEBCCEBACBCCBDDCDDDAECB;DAAECCAAEBEDBBABDCCCACCBBCDBCCCBADACEDDACCCBC;1;BCEAACDEDCAAEDDDEBBDDBECCAEDBBAAACCAEEXCBBCED;CAEDBADBEBCCEDADBAEACBCADCEDEBBEBACECEABCDDAD;EAAACDDCDADDCBDEECEECBDCDADEEBCBEBADBCEBDBDDDDCECB;ABBABBADDDBBCECEADCEBCCCDBADCBEDAECADACDBCECE;1;120;120;100;120;0;460
4092004;2024;;;;;;;;;1500602;Altamira;15;PA;1;1;1;1;1421;1386;1397;1409;411.5;451.8;436.4;444.8;DABBAEBDECCCBACECABDDCEBDABBCAABEBBCEABADDBCD;BDCBEDDABEDBBABAEDADEBACAEDBCBADA.CBBEEBDBEAA;AABCCBBEDADDADEEBDACBDAEECABCDCEABBBBBDCCACAD;CDAACDADCADAABDDEEBACCDCAEDBAEBED.CABBEACBBCB;0;DDBDDEBBAAEDECBCEEDCAACDBBCEDBBAEXCCAEAACCAED;ACBCADCEDBAECEDADBADBEBCDADABCDEABCAEDEBBCECE;AACEADACDDCBEDADEEBDDBDBBCEECBDCBADDDCBDEDDCECBECE;CEBCEADBBCEADDDABBABBCCDCCECEDBACADECABEDADCB;1;120;160;120;140;120;660
372630;2024;;;;;;;;;1500602;Altamira;15;PA;0;0;0;0;;;;;;;;;;;;;0;;;;;;;;;;;
121384;2024;;;;;;;;;1500602;Altamira;15;PA;1;1;1;1;1420;1383;1395;1408;434;559.9;578.2;511.9;BDEBEAAEEEDCBBADCDECBADDBEECEABBADEDDBEDACDCA;BECBBECEEBBDDEEDBEBDCAEDEEAEEADADDACDEBEDADCC;CBDDCECBECBDDABDECDCEABDCBDEDCDBDADBCBDBBAEEB;BCBEDCCCBCABDCDADABABBCCCADECBDBCEBEDADDACEAD;1;CAEDAACCAEEXCBBAEDBBCAACDEDCBCEECAAEDDDEBBDDB;CECEBEBCDBADDEBBABCDCAECEDADBAEABEADCEDADACBC;CAAAECDDDAECBECEDDCBDEDDCECBDCBCEADBBDBDDCBEDADEEB;CECEBEDADCAADECDBBCEBDCCCACABBABBADDDCEADBBCE;1;120;160;120;120;160;680
1426611;2024;;;;;;;;;1500602;Altamira;15;PA;1;1;1;1;1422;1384;1396;1410;444.5;471.3;543.8;426.1;DDCBBCAAABCEAEDACEDAADACCCDAADBEDEDAADBCDADED;EAEBEBAADBDCEACCCCDEBCDABCBCDEAEEACAABAADBEDA;ABAECBADECCBDAEDBAEDACBEBDAAAAADEBDCBAEECBDDC;CACBBBEDAECDBCEADDBBCDEABBADCEBCCADBEDBACBABE;0;BBCEDBBAEXCCAEDDBCAEDAACAAEDDDEBBECBCEEDCAACD;DADABCDCECEDEBBBEBCDBADACBCADCEBEADBAECAECEDA;AACEADDDACDADECBBDBEEBDDECCBEDDCADBBDEBCEBDCECEDDC;DBCECEACADABBECBEDADCCDCCABBBCECEBCEADABBADDD;1;120;180;120;120;140;680
3789509;2024;;;;;;;;;1500602;Altamira;15;PA;1;1;1;1;1420;1383;1395;1408;413.6;410;501.7;506.5;DDAEEACEEEDDCDABDBDDDADBDDCEDDDECEEDEDEEDDCED;BAAAABADAEDEDBADEBEBBEECBDDEEBCACBACBEAEDDCAE;AABABECBECEEDBAACCACDBDECBDDDCCEEADDEBEEBDCEA;BBDCDBDBCDACCCCCBDCCECCCBADECDEDDEBADADAECADD;0;CAEDAACCAEEXCBBAEDBBCAACDEDCBCEECAAEDDDEBBDDB;CECEBEBCDBADDEBBABCDCAECEDADBAEABEADCEDADACBC;CAAAECDDDAECBECEDDCBDEDDCECBDCBCEADBBDBDDCBEDADEEB;CECEBEDADCAADECDBBCEBDCCCACABBABBADDDCEADBBCE;1;140;140;120;140;80;620
3672631;2024;15200205;1500602;Altamira;15;PA;1;1;1;1500602;Altamira;15;PA;0;1;1;0;;1384;1396;;;350.9;431.2;;;EABDEDDDBBDCBCAEAADBEDCCEDCAACEEACEDCEAAEBADE;DBCBEDDDECEBDBDBBDBEEACAACEDADDEAEAAEEDDEEEBA;;0;;DADABCDCECEDEBBBEBCDBADACBCADCEBEADBAECAECEDA;AACEADDDACDADECBBDBEEBDDECCBEDDCADBBDEBCEBDCECEDDC;;4;0;0;0;0;0;0
1619267;2024;;;;;;;;;1500602;Altamira;15;PA;0;0;0;0;;;;;;;;;;;;;1;;;;;;;;;;;
219878;2024;;;;;;;;;1500602;Altamira;15;PA;1;1;1;1;1421;1386;1397;1409;524;493.4;528.7;470;EADCEEBBCBEECCABEBDDACCECEBDACBABCACAEBDCEEAC;EBCAADEBCBBEDEDCEDBDBBADDABCECECAECAADCDBBDDA;AACCDDCBDADEEBDDBDBBCCCABACDAEABCAEECDABCDEEE;AEADADEDBDBBCECABECCDCADBBDCCCCCDCACDEDCEDBCE;0;DDBDDEBBAAEDECBCEEDCAACDBBCEDBBAEXCCAEAACCAED;ACBCADCEDBAECEDADBADBEBCDADABCDEABCAEDEBBCECE;AACEADACDDCBEDADEEBDDBDBBCEECBDCBADDDCBDEDDCECBECE;CEBCEADBBCEADDDABBABBCCDCCECEDBACADECABEDADCB;1;160;200;160;120;160;800
4259395;2024;;;;;;;;;1500602;Altamira;15;PA;0;1;1;0;;1386;1397;;;377.8;450.5;;;ADCDAECDCC.AECDACCDCEC.CADBDBCBBDABECACAECADE;CCEB.ECBCADCEACDEBEEC.DEDADDEEDDCACDBBBECEEDE;;1;;ACBCADCEDBAECEDADBADBEBCDADABCDEABCAEDEBBCECE;AACEADACDDCBEDADEEBDDBDBBCEECBDCBADDDCBDEDDCECBECE;;3;0;0;0;0;0;0
1374804;2024;;;;;;;;;1500602;Altamira;15;PA;0;0;0;0;;;;;;;;;;;;;1;;;;;;;;;;;
3824443;2024;;;;;;;;;1500602;Altamira;15;PA;0;0;0;0;;;;;;;;;;;;;1;;;;;;;;;;;
569401;2024;15583058;1500602;Altamira;15;PA;2;1;1;1500602;Altamira;15;PA;1;1;1;1;1422;1384;1396;1410;429.1;356.7;491.4;411.5;ECAACABABCDDEEBCDEECDBEAACDDACCDEACACEEEDDCBE;EADBECCBAABBAADCBCBAECBDDECDCAEEEDBBCACBDDCDA;AEECEBAEECBADCDDADDBADBBCAADCAABEBCCBDCEDDEDC;EAAECDDDACBBCACACECCEDADAEEBADBEDABDDCBCAACBB;1;BBCEDBBAEXCCAEDDBCAEDAACAAEDDDEBBECBCEEDCAACD;DADABCDCECEDEBBBEBCDBADACBCADCEBEADBAECAECEDA;AACEADDDACDADECBBDBEEBDDECCBEDDCADBBDEBCEBDCECEDDC;DBCECEACADABBECBEDADCCDCCABBBCECEBCEADABBADDD;1;120;120;120;140;140;640
1249080;2024;15106250;1501725;Brasil Novo;15;PA;2;1;1;1500602;Altamira;15;PA;1;1;1;1;1419;1385;1398;1407;509.8;583.3;591.4;635.9;DDBADCCBBDCCCCACCEADDBECEDCBBCBEBEEEEEBCDBABE;CAEDBADBDABACEAEEAEACBAADECDDBBEADCECBABCEEED;DAAECCDCBDEECCCBADCDADEEADBEDABBCEBDCDDDDCECB;ECCACEACDDDAACABADCCACDCBAABBBCDAEABCEDADDECD;0;BCEAACDEDCAAEDDDEBBDDBECCAEDBBAAACCAEEXCBBCED;CAEDBADBEBCCEDADBAEACBCADCEDEBBEBACECEABCDDAD;EAAACDDCDADDCBDEECEECBDCDADEEBCBEBADBCEBDBDDDDCECB;ABBABBADDDBBCECEADCEBCCCDBADCBEDAECADACDBCECE;1;160;200;160;160;160;840
1476764;2024;15169138;1500602;Altamira;15;PA;2;1;1;1500602;Altamira;15;PA;1;1;1;1;1422;1384;1396;1410;375.5;388.1;389.1;492.4;CACCEBECBDEDDBBEAECDAAAACBACBDBDECDAEADAEDABA;AABDEACCDB*EDCABECBACBDADAEADDBACACEBAAEBDBAD;CAEAEEBBEDCDDECEADEDACABDAEDCECBDAEACBDEEBABD;CABACBBDCBDEBCABCDAACAEDBDABDACCAECBACCEBACAD;0;BBCEDBBAEXCCAEDDBCAEDAACAAEDDDEBBECBCEEDCAACD;DADABCDCECEDEBBBEBCDBADACBCADCEBEADBAECAECEDA;AACEADDDACDADECBBDBEEBDDECCBEDDCADBBDEBCEBDCECEDDC;DBCECEACADABBECBEDADCCDCCABBBCECEBCEADABBADDD;1;80;80;80;80;40;360
1404195;2024;;;;;;;;;1500602;Altamira;15;PA;0;0;0;0;;;;;;;;;;;;;1;;;;;;;;;;;
1341294;2024;;;;;;;;;1500602;Altamira;15;PA;1;1;1;1;1420;1383;1395;1408;560.4;537.4;547;541.1;ECEEAEDAEDEDEAEBBCBABCECCCBDBCBECDADEADEEADDB;AEBBCCCDDDCDDEEBBBCDCAECBBADEADCECADEBBADEDBA;CAAACEDBECBCDBBDEABCCBDCDBBBAEDEDADACAECADDEB;ACBCDCEBBCAABEDCDCCDADECEACDCBDBEBBDDBDEDDDCC;0;CAEDAACCAEEXCBBAEDBBCAACDEDCBCEECAAEDDDEBBDDB;CECEBEBCDBADDEBBABCDCAECEDADBAEABEADCEDADACBC;CAAAECDDDAECBECEDDCBDEDDCECBDCBCEADBBDBDDCBEDADEEB;CECEBEDADCAADECDBBCEBDCCCACABBABBADDDCEADBBCE;1;140;200;140;180;140;800
262866;2024;;;;;;;;;1500602;Altamira;15;PA;0;0;0;0;;;;;;;;;;;;;1;;;;;;;;;;;
4092626;2024;;;;;;;;;1500602;Altamira;15;PA;0;0;0;0;;;;;;;;;;;;;1;;;;;;;;;;;
3395702;2024;;;;;;;;;1500602;Altamira;15;PA;1;1;1;1;1421;1386;1397;1409;517.3;479.2;481;440.1;DCAEDEBCECDDECBCDDDAABABCCDEBEABDADEBECDCCCEA;ADAEAEEACEBACEEAAEDAABBCBDDAECCECECDADCADBEEB;DBCDBCAECADEDBDDCDABBAADDDBBEACBADCCACBECECDD;EDAABAEDCBDBCABDCEDABCDACDDECBEECCCBBACDDABAB;1;DDBDDEBBAAEDECBCEEDCAACDBBCEDBBAEXCCAEAACCAED;ACBCADCEDBAECEDADBADBEBCDADABCDEABCAEDEBBCECE;AACEADACDDCBEDADEEBDDBDBBCEECBDCBADDDCBDEDDCECBECE;CEBCEADBBCEADDDABBABBCCDCCECEDBACADECABEDADCB;1;120;100;100;120;80;520
3176980;2024;;;;;;;;;1500602;Altamira;15;PA;1;1;1;1;1421;1386;1397;1409;392;463.9;463.3;377;BEACCEADDDDEEBDADDBBAEEDCCDECCABBCEEBEBCEAAAC;EDBDADDECEADDCDCCBCAAECEDEDABBABACDBDBCECAECA;ACBEBBBABADADCDDDDADDCEBDDEDCEDDCBCABDABEBEDB;EBDDCCEDADDCBECDCACCBADCDDCACDAAEBCDBBBCACDBC;1;DDBDDEBBAAEDECBCEEDCAACDBBCEDBBAEXCCAEAACCAED;ACBCADCEDBAECEDADBADBEBCDADABCDEABCAEDEBBCECE;AACEADACDDCBEDADEEBDDBDBBCEECBDCBADDDCBDEDDCECBECE;CEBCEADBBCEADDDABBABBCCDCCECEDBACADECABEDADCB;1;100;140;80;80;0;400
1268235;2024;;;;;;;;;1500602;Altamira;15;PA;0;0;0;0;;;;;;;;;;;;;1;;;;;;;;;;;
646166;2024;;;;;;;;;1500602;Altamira;15;PA;0;1;1;0;;1384;1396;;;546.2;513;;;BADBBCDCEABDECBABBEABCAACDBACEAECABDAEABBCEDA;ABCBACADBCBCDDECBDAABABECDAEBBACCBAEDCDECACBD;;0;;DADABCDCECEDEBBBEBCDBADACBCADCEBEADBAECAECEDA;AACEADDDACDADECBBDBEEBDDECCBEDDCADBBDEBCEBDCECEDDC;;1;120;140;120;120;120;620
1185409;2024;;;;;;;;;1500602;Altamira;15;PA;1;1;1;1;1420;1383;1395;1408;377;387.8;396.3;425.8;ECCBEACBAEACEEEADABEDAEDBACEDBBBAEDBACECEDBED;DEBEDCBDEBDAEACACBAEBCDEBDEBDEAECECDABDBDADBC;CCBD*BCAECACECADEBBEAABACEBEBDBECEDAECDACEBAD;CCEAEEBBABDCAEDDCDCEEBDEADCBDACAEEDADBDCBAEBD;1;CAEDAACCAEEXCBBAEDBBCAACDEDCBCEECAAEDDDEBBDDB;CECEBEBCDBADDEBBABCDCAECEDADBAEABEADCEDADACBC;CAAAECDDDAECBECEDDCBDEDDCECBDCBCEADBBDBDDCBEDADEEB;CECEBEDADCAADECDBBCEBDCCCACABBABBADDDCEADBBCE;1;100;120;100;40;20;380
2951249;2024;15177912;1501725;Brasil Novo;15;PA;2;2;1;1500602;Altamira;15;PA;1;1;1;1;1422;1384;1396;1410;443.5;413.1;414.7;426.1;DCAEDEABBCDEAEDBABECDEDEEDBBDDEDCEEEBADACDDEB;DDBBBAAEADBCBEEADAACBEADEBECAACCAAEBBDAABCEEA;ACECAA*EEBBDDAAEEDDDBBAABDBCDEAECEABCCDEECCDD;BAAECCEEBACAADDCEDDEABCEBABEADABCADBCCDEACCBA;1;BBCEDBBAEXCCAEDDBCAEDAACAAEDDDEBBECBCEEDCAACD;DADABCDCECEDEBBBEBCDBADACBCADCEBEADBAECAECEDA;AACEADDDACDADECBBDBEEBDDECCBEDDCADBBDEBCEBDCECEDDC;DBCECEACADABBECBEDADCCDCCABBBCECEBCEADABBADDD;1;60;100;80;60;0;300
589855;2024;15109194;1507805;Senador José Porfírio;15;PA;2;1;1;1500602;Altamira;15;PA;0;0;0;0;;;;;;;;;;;;;0;;;;;;;;;;;
1251406;2024;;;;;;;;;1500602;Altamira;15;PA;1;1;1;1;1421;1386;1397;1409;500.7;406.5;466;374.8;DDBEDDDCEEBCBAECABBCABCBBCBDEECAAADECCCBCECEE;AABBBECDDBEBDCECBBDBBDBEABDBEABDBDBDACEDBDACC;BAAEACBEEBDCEBDDDBCBDBDAACEDDABCBAAADCBCDAEBC;ACCAEDCEACEBCACDAECBEADECDDCDCEEDBCCBDEAAEAEC;0;DDBDDEBBAAEDECBCEEDCAACDBBCEDBBAEXCCAEAACCAED;ACBCADCEDBAECEDADBADBEBCDADABCDEABCAEDEBBCECE;AACEADACDDCBEDADEEBDDBDBBCEECBDCBADDDCBDEDDCECBECE;CEBCEADBBCEADDDABBABBCCDCCECEDBACADECABEDADCB;1;80;120;40;80;40;360
1785221;2024;;;;;;;;;1500602;Altamira;15;PA;1;1;1;1;1420;1383;1395;1408;388.6;319.8;326;511.7;EEABAACDABCECEACBCCDDACBBCCDEAEACEEDEEDBCDAAA;DCAECDEADADEEBCCABCADEABDABABCACCDACDBBAECDBA;DBAAEEBAADCAAAECEADBDCEACADCEEDABAAECAADACEAC;CABAAAACBEDEBADCEBACDDBDABCDAAAEBCBDABDAEDBCC;1;CAEDAACCAEEXCBBAEDBBCAACDEDCBCEECAAEDDDEBBDDB;CECEBEBCDBADDEBBABCDCAECEDADBAEABEADCEDADACBC;CAAAECDDDAECBECEDDCBDEDDCECBDCBCEADBBDBDDCBEDADEEB;CECEBEDADCAADECDBBCEBDCCCACABBABBADDDCEADBBCE;1;120;120;80;120;120;560
704173;2024;15106250;1501725;Brasil Novo;15;PA;2;1;1;1500602;Altamira;15;PA;0;0;0;0;;;;;;;;;;;;;1;;;;;;;;;;;
1504830;2024;;;;;;;;;1500602;Altamira;15;PA;1;1;1;1;1422;1384;1396;1410;504.8;360.2;487;398.2;CDADDBCAEBDDAEDCCBDACDACA*ABDCCBBEBDAABCCBEAB;DABACEBEBDCDCDBCCCEBDDAABBEBCAECBCAEDCAEBDACA;CDDCCAAEDCBCDDACBDDAEBDACDEBEDDBEEECBBCECADCB;EECABCEDBBAECDCDCDBBAEADCCBEEDEEBCDDECBBCADAD;1;BBCEDBBAEXCCAEDDBCAEDAACAAEDDDEBBECBCEEDCAACD;DADABCDCECEDEBBBEBCDBADACBCADCEBEADBAECAECEDA;AACEADDDACDADECBBDBEEBDDECCBEDDCADBBDEBCEBDCECEDDC;DBCECEACADABBECBEDADCCDCCABBBCECEBCEADABBADDD;4;0;0;0;0;0;0
3346368;2024;;;;;;;;;1500602;Altamira;15;PA;1;1;1;1;1422;1384;1396;1410;579.5;566.7;598.9;394.3;BDDDEBBAECBEAEDDBEDADEBCDACEBDEBBECBEBDBAABDC;DBDBBCDCEABBEADCEAEBDDDEBCBADAEECABBAEBAEDEDA;ABEEADADECBBDBEEBDDECCBEDDCDEDADEBECCDCECEDDB;BCBDBCEDCABECEDBDDECBCADEDCDCBEABDCBDEDEABBEC;0;BBCEDBBAEXCCAEDDBCAEDAACAAEDDDEBBECBCEEDCAACD;DADABCDCECEDEBBBEBCDBADACBCADCEBEADBAECAECEDA;AACEADDDACDADECBBDBEEBDDECCBEDDCADBBDEBCEBDCECEDDC;DBCECEACADABBECBEDADCCDCCABBBCECEBCEADABBADDD;1;120;200;120;120;120;680
1460088;2024;15140463;1500602;Altamira;15;PA;4;1;1;1500602;Altamira;15;PA;1;1;1;1;1421;1386;1397;1409;589.4;614.5;619.2;679.6;EDBDDEBBAACABCCCBBABEECCCBDAEEBCACEECECDCEAED;EBDAADBECBEECEDACAADBCBCDCDAECBEDECAEDDBBCECE;AACEABBACADEEBEECDBBCEEABDEBADDDDBCEDDCECBECC;CEBEAADDBCEDBDDABCECBABBEBECECBDCBEDAADCEDDAB;0;DDBDDEBBAAEDECBCEEDCAACDBBCEDBBAEXCCAEAACCAED;ACBCADCEDBAECEDADBADBEBCDADABCDEABCAEDEBBCECE;AACEADACDDCBEDADEEBDDBDBBCEECBDCBADDDCBDEDDCECBECE;CEBCEADBBCEADDDABBABBCCDCCECEDBACADECABEDADCB;1;160;200;160;180;200;900
59158;2024;15104907;1500602;Altamira;15;PA;2;1;1;1500602;Altamira;15;PA;1;1;1;1;1422;1384;1396;1410;528.1;294;370;417.8;BDEBECAABBACDDDACCCEAEBEDECAADADDEABBECDCDCCE;ECDBEAAACDBEBECCEBDEACCCDEACECBEAECEBEDBDBDBD;DBDBEADEBDBEECAACEADBEBECBECECECBECEACEACDDCB;CDCCDCECABEAAABDCAEECABBEACDECBEDBEEEADCDBEAD;1;BBCEDBBAEXCCAEDDBCAEDAACAAEDDDEBBECBCEEDCAACD;DADABCDCECEDEBBBEBCDBADACBCADCEBEADBAECAECEDA;AACEADDDACDADECBBDBEEBDDECCBEDDCADBBDEBCEBDCECEDDC;DBCECEACADABBECBEDADCCDCCABBBCECEBCEADABBADDD;1;160;200;160;200;200;920
861121;2024;15104893;1500602;Altamira;15;PA;2;1;1;1500602;Altamira;15;PA;1;1;1;1;1420;1383;1395;1408;487.2;543.3;556.8;466.3;DCDBEDEEADEBECBDEBAECADCACCDBCAACCBBCBBEECCAB;BAABAEBAABBABEDDABCEBAECCDADEAEAEEADEAAADBCCA;ABAEBECBECEDDAADEBCBABDDCBCBCDCEDADECBECADEED;DDCBECEDEEABCBAADBADABBCCEDDCBADCCCBBCBECCECC;0;CAEDAACCAEEXCBBAEDBBCAACDEDCBCEECAAEDDDEBBDDB;CECEBEBCDBADDEBBABCDCAECEDADBAEABEADCEDADACBC;CAAAECDDDAECBECEDDCBDEDDCECBDCBCEADBBDBDDCBEDADEEB;CECEBEDADCAADECDBBCEBDCCCACABBABBADDDCEADBBCE;1;180;200;200;180;200;960
2891055;2024;;;;;;;;;1500602;Altamira;15;PA;1;1;1;1;1422;1384;1396;1410;405.1;511.1;490.6;409.3;ECBADEDBCDAEDCDCCDBEABCDCEDECADBDCAEBDCAEDDBA;CEDBCCDBEEBEBEDCBBEDDCDABBCDDEAABADEBECDABCDA;ABCDEDEDDCBBDDBEDECDBCADDAEDECBCDBADCBCEECDAB;CEBECBDBDEDCDDACBEADBDBBDEBCADDEBABCEEBCBDDEA;0;BBCEDBBAEXCCAEDDBCAEDAACAAEDDDEBBECBCEEDCAACD;DADABCDCECEDEBBBEBCDBADACBCADCEBEADBAECAECEDA;AACEADDDACDADECBBDBEEBDDECCBEDDCADBBDEBCEBDCECEDDC;DBCECEACADABBECBEDADCCDCCABBBCECEBCEADABBADDD;1;100;140;120;180;140;680
969949;2024;;;;;;;;;1500602;Altamira;15;PA;0;0;0;0;;;;;;;;;;;;;1;;;;;;;;;;;
4116135;2024;;;;;;;;;1500602;Altamira;15;PA;1;1;1;1;1422;1384;1396;1410;522.7;469.4;568.6;395.4;BBDDEADDCABECDDDBEABEE.DAECECBBDBEDBEBCEAADCC;AEDABBCBEBCADEBAECCBADDABDEDDBAACABBDAAADCBEE;DDDEBDADECBEDACEBCDEBCDEDDCDEABCEBCAADBEEADDC;DAADBAEDBBBCADEABEDCCBDAECBBDADBAECBDDECBBDEA;1;BBCEDBBAEXCCAEDDBCAEDAACAAEDDDEBBECBCEEDCAACD;DADABCDCECEDEBBBEBCDBADACBCADCEBEADBAECAECEDA;AACEADDDACDADECBBDBEEBDDECCBEDDCADBBDEBCEBDCECEDDC;DBCECEACADABBECBEDADCCDCCABBBCECEBCEADABBADDD;1;140;120;100;100;100;560
3264654;2024;;;;;;;;;1500602;Altamira;15;PA;1;1;1;1;1422;1384;1396;1410;419.4;539.9;479.6;425.2;CCEDCAACDCBEADDEADAABDDADBEAEDECDECADDABCADBA;BDDAEBAAEBEDDEDBDCEBDADADBEABECEEADEAECAEDECA;ACACEBACECBBDEDDBDEEDBAABACBADAEEBABCCEEABCAD;EECDBBECDDDCBACCCDCBCAAEBCBEABEADEDCEEBCEBCDA;0;BBCEDBBAEXCCAEDDBCAEDAACAAEDDDEBBECBCEEDCAACD;DADABCDCECEDEBBBEBCDBADACBCADCEBEADBAECAECEDA;AACEADDDACDADECBBDBEEBDDECCBEDDCADBBDEBCEBDCECEDDC;DBCECEACADABBECBEDADCCDCCABBBCECEBCEADABBADDD;1;120;140;120;140;100;620
3964469;2024;15104893;1500602;Altamira;15;PA;2;1;1;1500602;Altamira;15;PA;1;1;1;1;1421;1386;1397;1409;364.8;457.5;426.6;425;EEBCCCCCCCCCCEAAAACCCCEEEEEBBBBEDDDBBBEAAAAAD;BEEEAEDDACADAADECCCDACCCDCCCCCACAEEADAEDBCCCC;BBAEAAAABADADCADCAAEACDDCDEEACCCCCCCCCCACDEDC;DDDDDDCCCCCEDDDDDCEADCDBBCCCCCCCDCCCCACCDCCCA;0;DDBDDEBBAAEDECBCEEDCAACDBBCEDBBAEXCCAEAACCAED;ACBCADCEDBAECEDADBADBEBCDADABCDEABCAEDEBBCECE;AACEADACDDCBEDADEEBDDBDBBCEECBDCBADDDCBDEDDCECBECE;CEBCEADBBCEADDDABBABBCCDCCECEDBACADECABEDADCB;1;60;80;60;80;40;320
1851823;2024;;;;;;;;;1500602;Altamira;15;PA;1;1;1;1;1421;1386;1397;1409;630.3;630;671.4;763.8;DBBDEEEDACEBECCCEDCDBACBABCADCBDEBCDAEDACCCDD;ABCEADEDDEAECEDADBBDBEBEDADCBCBBACCAEDEBBCEAE;AACEACBEDBDEEBDDBDBBDEEDBDCCDDDDABDEDDCECBECE;CBBCBADCBBEEDDDACBABDCCDBCEDEDBACEDBCADEEACCA;0;DDBDDEBBAAEDECBCEEDCAACDBBCEDBBAEXCCAEAACCAED;ACBCADCEDBAECEDADBADBEBCDADABCDEABCAEDEBBCECE;AACEADACDDCBEDADEEBDDBDBBCEECBDCBADDDCBDEDDCECBECE;CEBCEADBBCEADDDABBABBCCDCCECEDBACADECABEDADCB;1;160;200;180;200;200;940
1718967;2024;;;;;;;;;1500602;Altamira;15;PA;1;1;1;1;1420;1383;1395;1408;707;630.7;653.4;852.3;CCEDAACCADECCBBADDBBCBACDDBCCCEDCCDCDDDEBBDDB;BECEAEBCABCDDEDDDBCECAECEEACBEEABEADCEDBDACCC;CAAAEECBECCDDCBDEDBCECBACBDECDDCDBDADBEDADEEB;CECECEDADCACDECDBCCEBDCCCACABBABBAADDCBADBBCE;0;CAEDAACCAEEXCBBAEDBBCAACDEDCBCEECAAEDDDEBBDDB;CECEBEBCDBADDEBBABCDCAECEDADBAEABEADCEDADACBC;CAAAECDDDAECBECEDDCBDEDDCECBDCBCEADBBDBDDCBEDADEEB;CECEBEDADCAADECDBBCEBDCCCACABBABBADDDCEADBBCE;1;180;200;160;180;200;920
1777889;2024;;;;;;;;;1500602;Altamira;15;PA;1;1;1;1;1419;1385;1398;1407;373.2;497;398.9;500.7;ABADCDBCEDCCAECDCABAEAAEDDBADABCBEBADEEBDCAAA;CABABDDCBCBCAEADEBAACAEBAEEDDCCBAADEAECBEBBAD;BEAAACDBBCADECDDECEDEDBEAACABAAEEBCDCAAAECEBC;BCDCEDBDABAACEAEEBCAAACDCBAEABCEAECCBBDABCECA;0;BCEAACDEDCAAEDDDEBBDDBECCAEDBBAAACCAEEXCBBCED;CAEDBADBEBCCEDADBAEACBCADCEDEBBEBACECEABCDDAD;EAAACDDCDADDCBDEECEECBDCDADEEBCBEBADBCEBDBDDDDCECB;ABBABBADDDBBCECEADCEBCCCDBADCBEDAECADACDBCECE;1;80;120;100;80;80;460
1334556;2024;15104907;1500602;Altamira;15;PA;2;1;1;1500602;Altamira;15;PA;1;1;1;1;1422;1384;1396;1410;568.2;572.5;576.8;534.6;CDCCCCDBDDACACDEBCCEBAADCCABDDEDEECBDECBBAEEB;CADBBBBDECBBEEDBEBEDABDECEACDDEEEADBACBAECECA;AEDCEDADECBCDCEEBDEEBCBEDDAAEABAEBCCBCEECAEAC;CEEEDDECCCCCDBBCDECADEACCAECBDCBDACBEBBABDCDD;1;BBCEDBBAEXCCAEDDBCAEDAACAAEDDDEBBECBCEEDCAACD;DADABCDCECEDEBBBEBCDBADACBCADCEBEADBAECAECEDA;AACEADDDACDADECBBDBEEBDDECCBEDDCADBBDEBCEBDCECEDDC;DBCECEACADABBECBEDADCCDCCABBBCECEBCEADABBADDD;1;160;200;160;160;200;880
304747;2024;15104907;1500602;Altamira;15;PA;2;1;1;1500602;Altamira;15;PA;1;1;1;1;1420;1383;1395;1408;403.5;381.8;522.6;514.6;EBADCAEBEDDBBCBAACCCEADDBEACDBBCABBEDAEBCEDAA;AABACCCAEECBBBEEDDEB*BBDCCAAEADCEDACEDBEDDBDA;EBACDDCBEDDDEBCEEDDAABBECBABEEEBDBEBCAECBDEEB;CDCBBBCCCEEBCBCADCBEBBDECBDCADACBBBDBDCDAABBE;0;CAEDAACCAEEXCBBAEDBBCAACDEDCBCEECAAEDDDEBBDDB;CECEBEBCDBADDEBBABCDCAECEDADBAEABEADCEDADACBC;CAAAECDDDAECBECEDDCBDEDDCECBDCBCEADBBDBDDCBEDADEEB;CECEBEDADCAADECDBBCEBDCCCACABBABBADDDCEADBBCE;1;140;200;160;160;160;820
3282803;2024;15200205;1500602;Altamira;15;PA;1;1;1;1500602;Altamira;15;PA;1;1;1;1;1422;1384;1396;1410;420.2;571.3;578;393.7;CBAEDEAABBDEABACAEAADBBDCECADDCDDEEDCEDBBACAA;DDDBBCDBECBDABDBCBCDAADEDDAACBEEBDDEAABAEDEDA;ACDABDAAECBCDACEBDBABABEDDCAEDBDEBCEDCEECEBDC;EDDDBACBDCDCECAACBCDBEDDEBEAAEEDBCACAEEBABADC;1;BBCEDBBAEXCCAEDDBCAEDAACAAEDDDEBBECBCEEDCAACD;DADABCDCECEDEBBBEBCDBADACBCADCEBEADBAECAECEDA;AACEADDDACDADECBBDBEEBDDECCBEDDCADBBDEBCEBDCECEDDC;DBCECEACADABBECBEDADCCDCCABBBCECEBCEADABBADDD;1;120;200;120;80;140;660
1654673;2024;;;;;;;;;1500602;Altamira;15;PA;1;1;1;1;1419;1385;1398;1407;408.1;498.5;526.4;644.3;AAECEBCACABEDDCEDDABCBECEABBBADBEAEADCDDCBCDA;ABEDACDDCAECCBABEADACBAAAEEDCACBCAAEBBBB.AACD;DDAEEDBCBEEECDCACDCAADEDBAAEDDDBDBDECCABDAECE;CCDABEADDDEAABBBDDBABCCC*BADCEEBDACBBEDDDECCB;1;BCEAACDEDCAAEDDDEBBDDBECCAEDBBAAACCAEEXCBBCED;CAEDBADBEBCCEDADBAEACBCADCEDEBBEBACECEABCDDAD;EAAACDDCDADDCBDEECEECBDCDADEEBCBEBADBCEBDBDDDDCECB;ABBABBADDDBBCECEADCEBCCCDBADCBEDAECADACDBCECE;1;100;120;120;140;120;600
2229774;2024;15104907;1500602;Altamira;15;PA;2;1;1;1500602;Altamira;15;PA;1;1;1;1;1422;1384;1396;1410;422.1;414.9;355.7;421.4;DCACEBADDBDEBBEDEBEEAEAEDCAEEECAACBADADBEDACB;AABBBBCDEABCBEBCEBACBAAADDCBCCBAEADABCCBCABAC;ABBEACCEDADADABBADAEADCACBEBDEBADEBBECADECCBD;BABADCBDBCACACBADEBBBBBCBDBCCABCBDDBCBEBDDDDC;1;BBCEDBBAEXCCAEDDBCAEDAACAAEDDDEBBECBCEEDCAACD;DADABCDCECEDEBBBEBCDBADACBCADCEBEADBAECAECEDA;AACEADDDACDADECBBDBEEBDDECCBEDDCADBBDEBCEBDCECEDDC;DBCECEACADABBECBEDADCCDCCABBBCECEBCEADABBADDD;3;0;0;0;0;0;0
294341;2024;15582728;1500859;Anapu;15;PA;2;1;1;1500602;Altamira;15;PA;0;0;0;0;;;;;;;;;;;;;1;;;;;;;;;;;
1984597;2024;;;;;;;;;1500602;Altamira;15;PA;0;0;0;0;;;;;;;;;;;;;1;;;;;;;;;;;
356804;2024;;;;;;;;;1500602;Altamira;15;PA;1;1;1;1;1419;1385;1398;1407;464.8;322.1;486.9;427.8;EBEDABCDECCCEAAEEDCACBBEDAECBDEACBABEDAEBCDAE;ACBAAEADBBEDACCBEAACDBEEABAACBAACBECDBBADEEBC;BEAAABADECEEEAEDCEEEADAEBABECDAECDBEAEADEEEBC;CADECABCBDAEACADBACEDBCEADBECABEBCADBADEAD*CA;0;BCEAACDEDCAAEDDDEBBDDBECCAEDBBAAACCAEEXCBBCED;CAEDBADBEBCCEDADBAEACBCADCEDEBBEBACECEABCDDAD;EAAACDDCDADDCBDEECEECBDCDADEEBCBEBADBCEBDBDDDDCECB;ABBABBADDDBBCECEADCEBCCCDBADCBEDAECADACDBCECE;1;120;140;120;120;120;620
2659635;2024;15107035;1504455;Medicilândia;15;PA;2;1;1;1500602;Altamira;15;PA;1;1;1;1;1419;1385;1398;1407;528.2;435.9;535.4;438;BDBCBCDCDABBECDEBBADDCEAEDEBCDEADBADDBCDACDBE;CACCEBDACDDAEBDBEECAAEBCDDBAECCBBDAECAADDCEAB;EAAACBBDADEDCABAAEECBDCEBCBECADBCECEBBECDDBCA;DCBADECBEBADBECDEDDBCADEBCEACDBCEADBBCBEABDCE;0;BCEAACDEDCAAEDDDEBBDDBECCAEDBBAAACCAEEXCBBCED;CAEDBADBEBCCEDADBAEACBCADCEDEBBEBACECEABCDDAD;EAAACDDCDADDCBDEECEECBDCDADEEBCBEBADBCEBDBDDDDCECB;ABBABBADDDBBCECEADCEBCCCDBADCBEDAECADACDBCECE;1;100;180;140;120;160;700
3158978;2024;15552900;1500602;Altamira;15;PA;4;1;1;1500602;Altamira;15;PA;1;1;1;1;1420;1383;1395;1408;514.3;420.5;517;444.9;DCBABDBDCEEDDCDAABDBBDDCDDDDABCEDCCEBEAEEBDCB;AEEDDCCDACDAAAEBCBDCADBCCEABEBBCCDDDEAAADEBAE;EBAECECBEAEDDEEDEDBCACDBECEBDCDBCADDCCBCADCEA;DDEABACADDBC.BBCCCABADEBABDBCCACCCBCEBCACCDCB;0;CAEDAACCAEEXCBBAEDBBCAACDEDCBCEECAAEDDDEBBDDB;CECEBEBCDBADDEBBABCDCAECEDADBAEABEADCEDADACBC;CAAAECDDDAECBECEDDCBDEDDCECBDCBCEADBBDBDDCBEDADEEB;CECEBEDADCAADECDBBCEBDCCCACABBABBADDDCEADBBCE;1;120;120;120;160;140;660
3925312;2024;;;;;;;;;1500602;Altamira;15;PA;1;1;1;1;1420;1383;1395;1408;458.2;558.7;506.5;520.9;CAEBEAEEEDACBBCDBBCADEDCBDCAAEBACDDCCCBEDBDCA;CECBCEDEBCADDECBCEDBCADCEBADBEEACDCDAECBDACDB;DBDBCBCBECABDEAABDCEACECBDBECAABDADDDBECDDEEB;EECBDEDEACDCDCACEBCDECDADBDDCBBABBDCAADBCCBDE;1;CAEDAACCAEEXCBBAEDBBCAACDEDCBCEECAAEDDDEBBDDB;CECEBEBCDBADDEBBABCDCAECEDADBAEABEADCEDADACBC;CAAAECDDDAECBECEDDCBDEDDCECBDCBCEADBBDBDDCBEDADEEB;CECEBEDADCAADECDBBCEBDCCCACABBABBADDDCEADBBCE;1;100;120;100;80;0;400
2082942;2024;;;;;;;;;1500602;Altamira;15;PA;0;0;0;0;;;;;;;;;;;;;1;;;;;;;;;;;
1759815;2024;;;;;;;;;1500602;Altamira;15;PA;1;1;1;1;1420;1383;1395;1408;377.6;445.3;395.8;412.5;ADABBAAABAEAABBBAAACDBEAAAADAAAAAAAAAAAAAA**A;BEBAAAAAAAAABBAAAADBAAACAEAAAAAAABAABAADEACAA;CABBABCBDCABAAACABAACACABBACBAAEBAAABABAAAAAA;CAACAAEAAAABDAAAEAEAADAAAAAAAABAABAAEAAEAAAAA;1;CAEDAACCAEEXCBBAEDBBCAACDEDCBCEECAAEDDDEBBDDB;CECEBEBCDBADDEBBABCDCAECEDADBAEABEADCEDADACBC;CAAAECDDDAECBECEDDCBDEDDCECBDCBCEADBBDBDDCBEDADEEB;CECEBEDADCAADECDBBCEBDCCCACABBABBADDDCEADBBCE;1;80;120;80;100;0;380
1654245;2024;;;;;;;;;1500602;Altamira;15;PA;1;1;1;1;1420;1383;1395;1408;459.4;448.3;402.6;435.4;EAADBACEAEDEDDACECDCBBDBDBECADBBCEEBDBDEDEDBB;BEAABEACBEDADEAECBBBCDCECDADEBAACEEDEAACCBBCA;ABAEADDADCECBEAAEDAADBCAAAEDEEBCDEDCACBDAEDDB;AACBBDCEDACEDDCCECCDCEADADBABACACDDEDACEAEEEA;0;CAEDAACCAEEXCBBAEDBBCAACDEDCBCEECAAEDDDEBBDDB;CECEBEBCDBADDEBBABCDCAECEDADBAEABEADCEDADACBC;CAAAECDDDAECBECEDDCBDEDDCECBDCBCEADBBDBDDCBEDADEEB;CECEBEDADCAADECDBBCEBDCCCACABBABBADDDCEADBBCE;1;120;40;40;120;40;360
1343585;2024;15105016;1508357;Vitória do Xingu;15;PA;2;1;1;1500602;Altamira;15;PA;1;1;1;1;1421;1386;1397;1409;564.1;529.1;550.8;387.3;DABADCBAABBAECBCBACDDADBECCBBAEBECCCAECADEAAB;ADCAAEEEBEBDCACACEAAEEADBADCBCCDAEEABDEBBCACE;ABBDDCCEBADCEADABDABDABDBDECEABECBEEDDCECBEEE;ACACEDACDACBCDADECDEBDDBAEDCDBBCDCCCBCBECCBAB;1;DDBDDEBBAAEDECBCEEDCAACDBBCEDBBAEXCCAEAACCAED;ACBCADCEDBAECEDADBADBEBCDADABCDEABCAEDEBBCECE;AACEADACDDCBEDADEEBDDBDBBCEECBDCBADDDCBDEDDCECBECE;CEBCEADBBCEADDDABBABBCCDCCECEDBACADECABEDADCB;1;140;120;140;140;180;720
2302722;2024;;;;;;;;;1500602;Altamira;15;PA;0;0;0;0;;;;;;;;;;;;;1;;;;;;;;;;;
245276;2024;15107035;1504455;Medicilândia;15;PA;2;1;1;1500602;Altamira;15;PA;1;1;1;1;1419;1385;1398;1407;428.9;538.1;491.3;544.9;DCBDCCCCABADDEECDDCDBCEAECDBAADDDD*AAAACBDB*C;DAEECBDBACACDBADAAEADDCADEDDEEDCCAAECAAEBCAAD;CAABDCABCDEEEECCDBEDDDACAAABECBEBBCDADEDDAECB;AAAABCCCCDDAAAAECBBEAACECBBECDAAAADEAABBBBEDD;0;BCEAACDEDCAAEDDDEBBDDBECCAEDBBAAACCAEEXCBBCED;CAEDBADBEBCCEDADBAEACBCADCEDEBBEBACECEABCDDAD;EAAACDDCDADDCBDEECEECBDCDADEEBCBEBADBCEBDBDDDDCECB;ABBABBADDDBBCECEADCEBCCCDBADCBEDAECADACDBCECE;1;120;160;140;120;120;660
4136578;2024;;;;;;;;;1500602;Altamira;15;PA;0;0;0;0;;;;;;;;;;;;;1;;;;;;;;;;;
4074203;2024;;;;;;;;;1500602;Altamira;15;PA;1;1;1;1;1419;1385;1398;1407;391.1;543.5;401.6;505;ACBDBEBDADCBBCBDAADDAEACADADCACBACAABBDBCADCB;DAEDEBDBEACCAEABEACBCBAACCEDEABECADECABBBACDB;DEEACBDADBCABCDAECEEBDCCBDABECAADBDDACEABDACD;CACABDBCABCADBDACBCACBDBCBDACAADACBABADCDCACA;1;BCEAACDEDCAAEDDDEBBDDBECCAEDBBAAACCAEEXCBBCED;CAEDBADBEBCCEDADBAEACBCADCEDEBBEBACECEABCDDAD;EAAACDDCDADDCBDEECEECBDCDADEEBCBEBADBCEBDBDDDDCECB;ABBABBADDDBBCECEADCEBCCCDBADCBEDAECADACDBCECE;4;0;0;0;0;0;0
2620371;2024;;;;;;;;;1500602;Altamira;15;PA;0;1;1;0;;1385;1398;;;445.8;377.6;;;CDBBAEDACCCCCAADDDDACDCBCEABEAAEADABAABCCACAE;BABBDBBAAED*AEEABEDDEEDCEEABBECBDACDCCABEABBE;;1;;CAEDBADBEBCCEDADBAEACBCADCEDEBBEBACECEABCDDAD;EAAACDDCDADDCBDEECEECBDCDADEEBCBEBADBCEBDBDDDDCECB;;1;80;120;60;100;20;380
437759;2024;15106250;1501725;Brasil Novo;15;PA;2;1;1;1500602;Altamira;15;PA;1;1;1;1;1420;1383;1395;1408;478.5;453.8;506.2;501.7;BCEDEABBAEABABDEBCACAEDDACCCBBDACEEDBADDBBCCC;CECADBCDBECCDDCEABBBCEACCEDBEADAABADDDAABEBAE;ABABDBCBECCDDEBEEDAADEADDBDEDDECDDEDABDCCDBAA;DEBAECCDECBDBBBEBAAEEABEBEDCBAABACBBDCDCCBCBD;0;CAEDAACCAEEXCBBAEDBBCAACDEDCBCEECAAEDDDEBBDDB;CECEBEBCDBADDEBBABCDCAECEDADBAEABEADCEDADACBC;CAAAECDDDAECBECEDDCBDEDDCECBDCBCEADBBDBDDCBEDADEEB;CECEBEDADCAADECDBBCEBDCCCACABBABBADDDCEADBBCE;1;120;160;120;120;160;680
2698970;2024;;;;;;;;;1500602;Altamira;15;PA;1;1;1;1;1421;1386;1397;1409;557.6;597.4;554.9;607.6;DDADDAEBBCEDAABCBEBEDDCBCEDCCCADEBDEEEAABEAAD;ADEAADEDAAEECCDEDBCDBEBEDADABCBEAECAEAEEBCACB;DDDBDCBEDADDEADEBDDBCACADCCAACCBCBCEDDAECBEAA;CAEDBAACDAEBADDAAEBDDCBBBEECCBBEDCDCCAACECDCA;1;DDBDDEBBAAEDECBCEEDCAACDBBCEDBBAEXCCAEAACCAED;ACBCADCEDBAECEDADBADBEBCDADABCDEABCAEDEBBCECE;AACEADACDDCBEDADEEBDDBDBBCEECBDCBADDDCBDEDDCECBECE;CEBCEADBBCEADDDABBABBCCDCCECEDBACADECABEDADCB;1;120;160;100;140;160;680
2875229;2024;15107035;1504455;Medicilândia;15;PA;2;1;1;1500602;Altamira;15;PA;1;1;1;1;1422;1384;1396;1410;445.4;461.6;521.2;466.5;ACBDCBDAEDEEDBDBBDADABADEABECDCDEAEDCACDAADAD;AADBBCCDECDBBCDDDCEADBDDBDACADACCCDBBECACCDAC;AAACDDADECECDBDEBDEAADBCCDAEBBBDEBEBECCEDEBDD;CDDECDEDCCCBBDCDEDEBCCCBCEDDCCBEBDBCDBCEDEDDD;1;BBCEDBBAEXCCAEDDBCAEDAACAAEDDDEBBECBCEEDCAACD;DADABCDCECEDEBBBEBCDBADACBCADCEBEADBAECAECEDA;AACEADDDACDADECBBDBEEBDDECCBEDDCADBBDEBCEBDCECEDDC;DBCECEACADABBECBEDADCCDCCABBBCECEBCEADABBADDD;1;120;200;140;140;140;740
2456125;2024;;;;;;;;;1500602;Altamira;15;PA;1;1;1;1;1421;1386;1397;1409;374;476;415.4;446;DCECBEEACCACDADBADBCADBDECDBDCAABBDCEBBCDCDBA;ABCDADBAADCECCCAAEBDCCBBAEEEABCCACDDCCEACBEBC;EECBACBBABCEBBABDEBBDBCAEBECBDDEBCAEDACADABDE;EADDEBEEBCDCBDDECDBADCDDBCDEACDADBCEBDCBDDCBA;1;DDBDDEBBAAEDECBCEEDCAACDBBCEDBBAEXCCAEAACCAED;ACBCADCEDBAECEDADBADBEBCDADABCDEABCAEDEBBCECE;AACEADACDDCBEDADEEBDDBDBBCEECBDCBADDDCBDEDDCECBECE;CEBCEADBBCEADDDABBABBCCDCCECEDBACADECABEDADCB;1;60;140;60;60;0;320
55888;2024;15140463;1500602;Altamira;15;PA;4;1;1;1500602;Altamira;15;PA;1;1;1;1;1420;1383;1395;1408;609.6;609.2;585.2;651.2;EEEDADCCEEECCBBABDBDCBECCEDBBEBEEBCCBEDEBADCB;CECBBDBCDCADDEBBCBCDCBECEBAEEEEAACADEDDADADCC;CAAACECBECBDDBBDEBDCBCDADBDBAAACEADECBEDADEEB;BECEDEEDABDCBBDABBECBBCBCBCAADACBABEDCBAEBDCC;0;CAEDAACCAEEXCBBAEDBBCAACDEDCBCEECAAEDDDEBBDDB;CECEBEBCDBADDEBBABCDCAECEDADBAEABEADCEDADACBC;CAAAECDDDAECBECEDDCBDEDDCECBDCBCEADBBDBDDCBEDADEEB;CECEBEDADCAADECDBBCEBDCCCACABBABBADDDCEADBBCE;1;160;180;160;180;180;860
3173370;2024;;;;;;;;;1500602;Altamira;15;PA;1;1;1;1;1422;1384;1396;1410;452.1;575.3;547.1;390.6;ECEDBAADEBBAAEDCBECDBCEDEAEDDACBBABCEDBEDBDBA;DAECACDBECBDEBDBEBCABADABBEADEAAEAD*BDCBBCCAA;ECDBCBADECBBEBDEBDDEBCBDDDAACCADEBCEDCEEDACBC;BDCABEBDCADEBCDABECDBABAECDADEDBACDEABDBCEBAA;1;BBCEDBBAEXCCAEDDBCAEDAACAAEDDDEBBECBCEEDCAACD;DADABCDCECEDEBBBEBCDBADACBCADCEBEADBAECAECEDA;AACEADDDACDADECBBDBEEBDDECCBEDDCADBBDEBCEBDCECEDDC;DBCECEACADABBECBEDADCCDCCABBBCECEBCEADABBADDD;1;140;160;140;140;160;740
4278220;2024;;;;;;;;;1500602;Altamira;15;PA;0;1;1;0;;1386;1397;;;393.3;432.4;;;CBDDADAABDEECBBBCCACACBBBBDCABADDBCBDACDACDDE;BBABACBCDECBEBDEAEBEEDDBBDEBBEACCBDBAACDEEEDB;;0;;ACBCADCEDBAECEDADBADBEBCDADABCDEABCAEDEBBCECE;AACEADACDDCBEDADEEBDDBDBBCEECBDCBADDDCBDEDDCECBECE;;3;0;0;0;0;0;0
1052789;2024;;;;;;;;;1500602;Altamira;15;PA;0;0;0;0;;;;;;;;;;;;;0;;;;;;;;;;;
389681;2024;;;;;;;;;1500602;Altamira;15;PA;0;0;0;0;;;;;;;;;;;;;1;;;;;;;;;;;
1302462;2024;;;;;;;;;1500602;Altamira;15;PA;0;0;0;0;;;;;;;;;;;;;1;;;;;;;;;;;
2721082;2024;15104907;1500602;Altamira;15;PA;2;1;1;1500602;Altamira;15;PA;1;1;1;1;1420;1383;1395;1408;385;446.6;491.5;381.4;BDCBEADBDEABBBABACECADDEAAAC*AAABEABBAEABDDCA;AABCBCAAADA*EAAACBBCBADCBAACAABDAAADAABABABAE;D*ABAECAECDDEDEAEDABAADACADAEAAEDCDADBAAADDBB;CDCCBBCBDBCDABCCAAABADCADABDCCBCECEEABCEABADB;0;CAEDAACCAEEXCBBAEDBBCAACDEDCBCEECAAEDDDEBBDDB;CECEBEBCDBADDEBBABCDCAECEDADBAEABEADCEDADACBC;CAAAECDDDAECBECEDDCBDEDDCECBDCBCEADBBDBDDCBEDADEEB;CECEBEDADCAADECDBBCEBDCCCACABBABBADDDCEADBBCE;1;120;160;120;100;120;620
1676982;2024;;;;;;;;;1500602;Altamira;15;PA;0;0;0;0;;;;;;;;;;;;;1;;;;;;;;;;;
1926349;2024;15169138;1500602;Altamira;15;PA;2;1;1;1500602;Altamira;15;PA;1;1;1;1;1420;1383;1395;1408;380.3;393.6;347.3;555.5;CBACBADBAEABDCBDECBDEAEBCDACDEBABCADECEABEACA;CBCDBCABCDCEACDECECACBCABEAECDAADEBAECAEDCABD;ABCDEBCECDCBCECECDADABCCADDCBCDABB*BCABEBBCED;DEACBEDACBDAEDAADACDBACEDADDEBBACDEDBAEABECDD;1;CAEDAACCAEEXCBBAEDBBCAACDEDCBCEECAAEDDDEBBDDB;CECEBEBCDBADDEBBABCDCAECEDADBAEABEADCEDADACBC;CAAAECDDDAECBECEDDCBDEDDCECBDCBCEADBBDBDDCBEDADEEB;CECEBEDADCAADECDBBCEBDCCCACABBABBADDDCEADBBCE;1;80;120;60;80;60;400
845198;2024;15109194;1507805;Senador José Porfírio;15;PA;2;1;1;1500602;Altamira;15;PA;0;0;0;0;;;;;;;;;;;;;0;;;;;;;;;;;
981512;2024;15105016;1508357;Vitória do Xingu;15;PA;2;1;1;1500602;Altamira;15;PA;1;1;1;1;1422;1384;1396;1410;474.2;505.2;491.9;376.2;BDAEBDAEDABADDADAEDABAAECCAACEDCAECBCEDEDDCAC;DEBAACDAEAAEEEBDDCCEDBDADAEACDEABDDEAEDEDCACA;ADCDDEEEECBEEEABBEAAADCADDCDDDAEBBEEDAEECDDDC;CECDCDEDEBECADEDCACCABDDABDBAEBECCDCBEEBDEDEB;0;BBCEDBBAEXCCAEDDBCAEDAACAAEDDDEBBECBCEEDCAACD;DADABCDCECEDEBBBEBCDBADACBCADCEBEADBAECAECEDA;AACEADDDACDADECBBDBEEBDDECCBEDDCADBBDEBCEBDCECEDDC;DBCECEACADABBECBEDADCCDCCABBBCECEBCEADABBADDD;1;60;140;60;60;0;320
3134231;2024;;;;;;;;;1500602;Altamira;15;PA;0;1;1;0;;1384;1396;;;428.4;364.6;;;CDEABCDBDCECBEBCAACDBABBEBBB.CECDBDBCABBCBCEA;BBECBEDDECADBCBCEBABCDDCEDCADCCDAEEBCBAADDAEB;;1;;DADABCDCECEDEBBBEBCDBADACBCADCEBEADBAECAECEDA;AACEADDDACDADECBBDBEEBDDECCBEDDCADBBDEBCEBDCECEDDC;;1;80;120;80;80;0;360
254665;2024;;;;;;;;;1500602;Altamira;15;PA;0;0;0;0;;;;;;;;;;;;;1;;;;;;;;;;;
2501107;2024;;;;;;;;;1500602;Altamira;15;PA;1;1;1;1;1420;1383;1395;1408;530.9;623.5;643.6;631.3;EDEDBCCBEAECCAECDCAEBCDBAAEDEBBAEADCCCDEABDDA;AECBBDBCDBCDDEEBABCDCAECEDADEEEACEADEEBADACEE;CAAAEECBECCDDABDEDDCDABDCBCCDDBBDBDBCDEDADEEB;BADCBEDCACEABECAACCBBCCBCEDDCBACBACDADBCDEBEA;0;CAEDAACCAEEXCBBAEDBBCAACDEDCBCEECAAEDDDEBBDDB;CECEBEBCDBADDEBBABCDCAECEDADBAEABEADCEDADACBC;CAAAECDDDAECBECEDDCBDEDDCECBDCBCEADBBDBDDCBEDADEEB;CECEBEDADCAADECDBBCEBDCCCACABBABBADDDCEADBBCE;1;160;160;140;160;80;700
308801;2024;;;;;;;;;1500602;Altamira;15;PA;1;1;1;1;1419;1385;1398;1407;487.7;543;518.4;415.2;BDEDDACDBCDBBECBCBDDBCACEAACABAEABBEAECBDCDDA;BCEBCCDBEACCEEADBAEADCEAECDBCBBBECBECADEBCDCD;CEAAEBDCBBEECDBEDACBADEEBCCEBBDBDAEEDDDEEDBDB;ACBBEDBCDDAECDECDADDBBCDDCBABCCDDEBACDDCDCCDB;0;BCEAACDEDCAAEDDDEBBDDBECCAEDBBAAACCAEEXCBBCED;CAEDBADBEBCCEDADBAEACBCADCEDEBBEBACECEABCDDAD;EAAACDDCDADDCBDEECEECBDCDADEEBCBEBADBCEBDBDDDDCECB;ABBABBADDDBBCECEADCEBCCCDBADCBEDAECADACDBCECE;1;120;160;160;180;180;800
803386;2024;;;;;;;;;1500602;Altamira;15;PA;0;0;0;0;;;;;;;;;;;;;1;;;;;;;;;;;
2924606;2024;15575497;1500859;Anapu;15;PA;2;1;1;1500602;Altamira;15;PA;1;1;1;1;1422;1384;1396;1410;433.6;385.8;392;455.1;ECDEEBCDCCECECEECBDEEBECCEDDCCDDECDABBDDCADCC;EBCCAEECDCABCDDCC.D.AABCDEA.CCCDBDCEEDCACCCBA;ACACEBBDCCEBCDCCBBACBCCBCBABCACACCABBAADEB*AE;BEBEDCABCEDCEDEBDCCDBEACECDBDEAEDBECCBEDEDEBD;1;BBCEDBBAEXCCAEDDBCAEDAACAAEDDDEBBECBCEEDCAACD;DADABCDCECEDEBBBEBCDBADACBCADCEBEADBAECAECEDA;AACEADDDACDADECBBDBEEBDDECCBEDDCADBBDEBCEBDCECEDDC;DBCECEACADABBECBEDADCCDCCABBBCECEBCEADABBADDD;1;80;100;80;80;60;400
4151334;2024;;;;;;;;;1500602;Altamira;15;PA;1;1;1;1;1422;1384;1396;1410;480.3;283.8;348.6;495;ACDEBCDCEECBDEDBCCCDEAADBCECECBCCEEEBDBBEADCD;A............................................;DCCABADECBEDCEBBABBBABEDBDCABCADEEDEBEDEBBDCD;ABACECADCDDEBBBEACADDAEACABCDEDCEDBADDDBDCACC;1;BBCEDBBAEXCCAEDDBCAEDAACAAEDDDEBBECBCEEDCAACD;DADABCDCECEDEBBBEBCDBADACBCADCEBEADBAECAECEDA;AACEADDDACDADECBBDBEEBDDECCBEDDCADBBDEBCEBDCECEDDC;DBCECEACADABBECBEDADCCDCCABBBCECEBCEADABBADDD;1;120;120;100;120;80;540
2945751;2024;;;;;;;;;1500602;Altamira;15;PA;0;0;0;0;;;;;;;;;;;;;1;;;;;;;;;;;
1861618;2024;15104893;1500602;Altamira;15;PA;2;1;1;1500602;Altamira;15;PA;0;0;0;0;;;;;;;;;;;;;0;;;;;;;;;;;
686361;2024;;;;;;;;;1500602;Altamira;15;PA;1;1;1;1;1422;1384;1396;1410;398.4;428;386;376.3;CCAEBCABEAABAEEEABBABDAADEEBEDEDCCAEADCEBADEE;AEDAABEBEBBBCAEBDAAACAADBBCBDCCAEABCAAABBCAEE;AAABCEDEEEBADCBEADABAAABADBEDAAEBAEBAEEAECB*B;EEDDDEEDDEBDAABECEBCAAADACCAEACEAAACCBECCABEB;0;BBCEDBBAEXCCAEDDBCAEDAACAAEDDDEBBECBCEEDCAACD;DADABCDCECEDEBBBEBCDBADACBCADCEBEADBAECAECEDA;AACEADDDACDADECBBDBEEBDDECCBEDDCADBBDEBCEBDCECEDDC;DBCECEACADABBECBEDADCCDCCABBBCECEBCEADABBADDD;1;100;180;120;140;140;680
287805;2024;15104907;1500602;Altamira;15;PA;2;1;1;1500602;Altamira;15;PA;1;1;1;1;1419;1385;1398;1407;479.9;371.5;360.7;436.4;EABCDCCCECEBACDABBBDDCECBDAACACECDEACDEDDBAEC;CACAEACCD.EAC.DCEDECAEACEECDBBB.ADEACDBEADECD;........ACEAACABEAEDBCDEBBEDABAEEAEEAEBBDCA*B;CCCDEBCEDCEECEADDDDCCBBEABDBEDB*ACCACDEECAEAB;0;BCEAACDEDCAAEDDDEBBDDBECCAEDBBAAACCAEEXCBBCED;CAEDBADBEBCCEDADBAEACBCADCEDEBBEBACECEABCDDAD;EAAACDDCDADDCBDEECEECBDCDADEEBCBEBADBCEBDBDDDDCECB;ABBABBADDDBBCECEADCEBCCCDBADCBEDAECADACDBCECE;1;100;160;140;140;20;560
1147441;2024;15106250;1501725;Brasil Novo;15;PA;2;1;1;1500602;Altamira;15;PA;1;1;1;1;1421;1386;1397;1409;518.5;549.9;592.2;659.8;DCBEBACEABBABDECBBCDCDCBEBCBDCDAEBAEAECECBAAB;ABDCACEDBEAECDEAABCDAECBDADBBBCEABCABDABBACCB;AACEECBEBADEEBDBBDBBCEBCBACADBBBCEDEDCCECBECE;CCEDBADCBBCACDDACCCCACCADCECECCADCDCBCBDDDCBB;1;DDBDDEBBAAEDECBCEEDCAACDBBCEDBBAEXCCAEAACCAED;ACBCADCEDBAECEDADBADBEBCDADABCDEABCAEDEBBCECE;AACEADACDDCBEDADEEBDDBDBBCEECBDCBADDDCBDEDDCECBECE;CEBCEADBBCEADDDABBABBCCDCCECEDBACADECABEDADCB;1;80;200;120;180;160;740
1149617;2024;15106250;1501725;Brasil Novo;15;PA;2;1;1;1500602;Altamira;15;PA;1;1;1;1;1421;1386;1397;1409;554.4;489.5;513.9;451.3;DCAADEBAEBBDCCBEAADADCCDECACDABCABBECEAABEDED;AAECADCDCEADCECAADBACBCBBEDCEBDCAECEBCAEBCBAB;AAECEEBADADCDBEDBDABDADCCDCAAEEDBDCEBDEBCBECA;CDBDEDADDEBBAEAEBDBCDEBBCBBACBDACDACBECADBBCD;0;DDBDDEBBAAEDECBCEEDCAACDBBCEDBBAEXCCAEAACCAED;ACBCADCEDBAECEDADBADBEBCDADABCDEABCAEDEBBCECE;AACEADACDDCBEDADEEBDDBDBBCEECBDCBADDDCBDEDDCECBECE;CEBCEADBBCEADDDABBABBCCDCCECEDBACADECABEDADCB;1;140;160;80;140;140;660
848499;2024;;;;;;;;;1500602;Altamira;15;PA;1;1;1;1;1422;1384;1396;1410;455.3;431;494.3;497;BDDEBCCACBEBAEECAECAAADBECBECCCAEDABDACCADDCB;DCDAAAEBBCCDEBDCBBEEECCDBCDECAAEBEEBECEACDEBA;EDACCDDDECBBDADEDADAAEECBCEDBBCDBBCEBBCECAEBB;ABCDDBECAB*CCABDDDBCACDBEEACDBACBEDDECADBCBEB;1;BBCEDBBAEXCCAEDDBCAEDAACAAEDDDEBBECBCEEDCAACD;DADABCDCECEDEBBBEBCDBADACBCADCEBEADBAECAECEDA;AACEADDDACDADECBBDBEEBDDECCBEDDCADBBDEBCEBDCECEDDC;DBCECEACADABBECBEDADCCDCCABBBCECEBCEADABBADDD;1;40;160;80;120;100;500
511506;2024;;;;;;;;;1500602;Altamira;15;PA;0;0;0;0;;;;;;;;;;;;;0;;;;;;;;;;;
1447756;2024;;;;;;;;;1500602;Altamira;15;PA;1;1;1;1;1422;1384;1396;1410;423.5;529.5;506.6;466.8;CDDEBEABACDEAADEBEACBEACBAACDBEEDCBACDDDDCDEE;BADABBCCAAEBDADBBAAABCDABCAADEECBABEAEBAACDDA;AADCACADEEBCDCDEEDDDDBBECDEDBBAAEBCBEEDEACBBB;BEEDCBEDCCDAEBADCEBDDCBBAAAEBCEADACDEDECEDDDD;1;BBCEDBBAEXCCAEDDBCAEDAACAAEDDDEBBECBCEEDCAACD;DADABCDCECEDEBBBEBCDBADACBCADCEBEADBAECAECEDA;AACEADDDACDADECBBDBEEBDDECCBEDDCADBBDEBCEBDCECEDDC;DBCECEACADABBECBEDADCCDCCABBBCECEBCEADABBADDD;1;120;140;120;120;0;500
2283817;2024;;;;;;;;;1500602;Altamira;15;PA;0;0;0;0;;;;;;;;;;;;;0;;;;;;;;;;;
3398200;2024;;;;;;;;;1500602;Altamira;15;PA;0;0;0;0;;;;;;;;;;;;;1;;;;;;;;;;;
2280325;2024;;;;;;;;;1500602;Altamira;15;PA;1;1;1;1;1421;1386;1397;1409;632.1;620.3;499.4;536.2;DDCDDEBBACCCBCBAEEDBADBCECCEBDBAABCCAEABCEAEB;ACCAADEEBBADCEDADAADBEABDEDCBCDDAECAEBDBBCECB;AACCACBECADDEBEABDDBDAADCAEBDDADABCDBDABDABAD;BDBDBCACBCEEBDBACDCDDEBCBAEDBBBEDECBDDCCDBBBA;0;DDBDDEBBAAEDECBCEEDCAACDBBCEDBBAEXCCAEAACCAED;ACBCADCEDBAECEDADBADBEBCDADABCDEABCAEDEBBCECE;AACEADACDDCBEDADEEBDDBDBBCEECBDCBADDDCBDEDDCECBECE;CEBCEADBBCEADDDABBABBCCDCCECEDBACADECABEDADCB;1;120;180;120;180;160;760
1283610;2024;15104907;1500602;Altamira;15;PA;2;1;1;1500602;Altamira;15;PA;0;0;0;0;;;;;;;;;;;;;1;;;;;;;;;;;
401645;2024;;;;;;;;;1500602;Altamira;15;PA;0;0;0;0;;;;;;;;;;;;;1;;;;;;;;;;;
1236182;2024;;;;;;;;;1500602;Altamira;15;PA;1;1;1;1;1422;1384;1396;1410;440.6;453.9;551.3;464.1;BCDEBBEAEBBEAADCAEEBEBECBECEEDBBBACADBCEDDDBD;AEEEEEDAAEBDECDEBDCEEDDADDCAACDACEBEAEEBDCBAE;ABACACADDCBBEBEEBDCEABBEDDEB*BBEEBDADDEECECDB;ACDDCDBBBCBBBCCCCDBBCACBCDDDECBBCBCBBCABCCCCA;0;BBCEDBBAEXCCAEDDBCAEDAACAAEDDDEBBECBCEEDCAACD;DADABCDCECEDEBBBEBCDBADACBCADCEBEADBAECAECEDA;AACEADDDACDADECBBDBEEBDDECCBEDDCADBBDEBCEBDCECEDDC;DBCECEACADABBECBEDADCCDCCABBBCECEBCEADABBADDD;1;120;120;120;140;140;640
192096;2024;;;;;;;;;1500602;Altamira;15;PA;0;1;1;0;;1385;1398;;;323.9;430.7;;;DDBCCCDEDCCEBCCCECCABCDD*EECDDCAACBCCBCDECDDA;DDEABAEABBDADEAACDCEADACEBAECBBDDBDDCDAEECDCD;;1;;CAEDBADBEBCCEDADBAEACBCADCEDEBBEBACECEABCDDAD;EAAACDDCDADDCBDEECEECBDCDADEEBCBEBADBCEBDBDDDDCECB;;9;0;0;0;0;0;0
2760824;2024;;;;;;;;;1500602;Altamira;15;PA;1;1;1;1;1419;1385;1398;1407;537.5;550;530.9;406;ACABBCBEADACCEDCEECDECACECABAAAAECBACEABDCBBB;CABAECDBEBACACABEAAACEAADECDEEAAEAAEAEBECCACD;CAAAADDCAEEEAEEBDEDEADDEACBABCBBDEBEADDDDAACB;DCDBCAECEDCCBBBDAEABABBCAABAADBCAACDCEDCEDDCB;0;BCEAACDEDCAAEDDDEBBDDBECCAEDBBAAACCAEEXCBBCED;CAEDBADBEBCCEDADBAEACBCADCEDEBBEBACECEABCDDAD;EAAACDDCDADDCBDEECEECBDCDADEEBCBEBADBCEBDBDDDDCECB;ABBABBADDDBBCECEADCEBCCCDBADCBEDAECADACDBCECE;1;120;160;120;120;80;600
1019551;2024;;;;;;;;;1500602;Altamira;15;PA;0;0;0;0;;;;;;;;;;;;;0;;;;;;;;;;;
3786090;2024;15104907;1500602;Altamira;15;PA;2;1;1;1500602;Altamira;15;PA;1;1;1;1;1421;1386;1397;1409;426.2;323.7;386.2;418;DEAAEADBEECCDCABEDBCDCACCBEBEDCABDBEBCACDCEBB;DADBEEC.EEBEDBCCDCDBCDCCBDAACCEDDABCBCADCDEDC;ACDDDBBBEDEDDABACDCCACDBDACDEADDBADACDBBADECC;AEDCACBECDDBDECACCBDCBBDBDDDCACDDEACCBDDCCDAE;0;DDBDDEBBAAEDECBCEEDCAACDBBCEDBBAEXCCAEAACCAED;ACBCADCEDBAECEDADBADBEBCDADABCDEABCAEDEBBCECE;AACEADACDDCBEDADEEBDDBDBBCEECBDCBADDDCBDEDDCECBECE;CEBCEADBBCEADDDABBABBCCDCCECEDBACADECABEDADCB;3;0;0;0;0;0;0
853515;2024;15106101;1500602;Altamira;15;PA;2;1;1;1500602;Altamira;15;PA;1;1;1;1;1422;1384;1396;1410;548.4;622.4;629.5;616.3;ECCBBCDBEBDEAEDCCDCEDAADDECEEDCDBBCBCEDECAEDC;DCDBECDCECDDEBBBEACCDADACEEADEECEAEBEECBBCEDA;AACEADADECBDDAEEBDABBCBEDDCDD*DDEBCCBDCECEDBA;BADEECDDACAEEEDDCECADEBDBAADBECCCBBAADABEBCDA;0;BBCEDBBAEXCCAEDDBCAEDAACAAEDDDEBBECBCEEDCAACD;DADABCDCECEDEBBBEBCDBADACBCADCEBEADBAECAECEDA;AACEADDDACDADECBBDBEEBDDECCBEDDCADBBDEBCEBDCECEDDC;DBCECEACADABBECBEDADCCDCCABBBCECEBCEADABBADDD;1;180;200;160;200;200;940
472105;2024;;;;;;;;;1500602;Altamira;15;PA;1;1;1;1;1420;1383;1395;1408;602.7;508.8;547.4;583.8;EAEDCABCADBBECAAECBCDBDCBEDCBDBACAEBDCDEBBDAB;AECBCEBDEBBADECDABEDBADCCDBEDACACEBDADEDDBDBE;CBAACECBEDCDDCADEDDCADDCABDCEBADEEDCBBCCADEEA;BECBDBEDECBDDEDCBBBDBBCBDEDAECACDBBEBCEDDCBAD;0;CAEDAACCAEEXCBBAEDBBCAACDEDCBCEECAAEDDDEBBDDB;CECEBEBCDBADDEBBABCDCAECEDADBAEABEADCEDADACBC;CAAAECDDDAECBECEDDCBDEDDCECBDCBCEADBBDBDDCBEDADEEB;CECEBEDADCAADECDBBCEBDCCCACABBABBADDDCEADBBCE;1;120;140;120;120;100;600
3927938;2024;;;;;;;;;1500602;Altamira;15;PA;1;1;1;1;1420;1383;1395;1408;365.3;442.9;391.5;469.6;BDBBCDBBAACCBCACCBCCAACBADBBAACDBCABEAEEBEDBC;AACABECCEBBABCBCCCABDABCCCAAEBDAEDECBEBABBBED;AABCDEBCBEBCDEDDCCCBBACBCBDDBAABADAAACACEBECA;DDCBCBADBABCDABBDDACDBEBDAECDAABCDCECBCAACDBB;0;CAEDAACCAEEXCBBAEDBBCAACDEDCBCEECAAEDDDEBBDDB;CECEBEBCDBADDEBBABCDCAECEDADBAEABEADCEDADACBC;CAAAECDDDAECBECEDDCBDEDDCECBDCBCEADBBDBDDCBEDADEEB;CECEBEDADCAADECDBBCEBDCCCACABBABBADDDCEADBBCE;1;120;60;60;100;60;400
339439;2024;15177858;1500602;Altamira;15;PA;2;2;1;1500602;Altamira;15;PA;1;1;1;1;1422;1384;1396;1410;512.2;542.3;531;398.6;DBCECBAAABDEACDDADBEBAAAEBCAEBBADBCBEBCEBACAB;DADABCCBACBACABBECEABDBAAECAAEDEDABEBDAAECEEA;ABEDECADECBCDAAEBDBCACAADDADCCBCEBDBEACECEBBB;ADDBBCADBCBCCACBADECEDBEDAAEECBEAACDCABABDCBA;0;BBCEDBBAEXCCAEDDBCAEDAACAAEDDDEBBECBCEEDCAACD;DADABCDCECEDEBBBEBCDBADACBCADCEBEADBAECAECEDA;AACEADDDACDADECBBDBEEBDDECCBEDDCADBBDEBCEBDCECEDDC;DBCECEACADABBECBEDADCCDCCABBBCECEBCEADABBADDD;1;120;120;120;120;140;620
2342623;2024;;;;;;;;;1500602;Altamira;15;PA;1;1;1;1;1420;1383;1395;1408;522.3;447.1;459.6;450.5;DDEBBECEAEACBDABDAABDDECBDAEACECBCEEADDEBEDAC;BADBCEBCAEDEBACDAEBDCABCEADBEACAECBDAECDBEDBA;AAABBDCBDCEECACCABDEABEDDBAEDCDCDACDBEDEAAECB;CDEABEDBCCBDCACABCBDCDAEDBDCCAAEDBCBA*ED*BAAD;0;CAEDAACCAEEXCBBAEDBBCAACDEDCBCEECAAEDDDEBBDDB;CECEBEBCDBADDEBBABCDCAECEDADBAEABEADCEDADACBC;CAAAECDDDAECBECEDDCBDEDDCECBDCBCEADBBDBDDCBEDADEEB;CECEBEDADCAADECDBBCEBDCCCACABBABBADDDCEADBBCE;1;120;180;120;160;180;760
1946541;2024;;;;;;;;;1500602;Altamira;15;PA;1;1;1;1;1421;1386;1397;1409;399.3;443;362.4;418;DACEAEAEDDBAADDAEADDACECEADDCAAACBAEAABAADAAA;DBBEADECBEDDCBEACDEAEECBBABECBDBAACADADCCAADE;.....CBBDACDDABACDBEABDADEDECCCBDEDBDEBBEACEA;CCCAEDABCACDAECDDEADBADAEEADECAADBADAEDACABCA;0;DDBDDEBBAAEDECBCEEDCAACDBBCEDBBAEXCCAEAACCAED;ACBCADCEDBAECEDADBADBEBCDADABCDEABCAEDEBBCECE;AACEADACDDCBEDADEEBDDBDBBCEECBDCBADDDCBDEDDCECBECE;CEBCEADBBCEADDDABBABBCCDCCECEDBACADECABEDADCB;1;120;120;120;120;120;600
428206;2024;;;;;;;;;1500602;Altamira;15;PA;0;0;0;0;;;;;;;;;;;;;0;;;;;;;;;;;
3080642;2024;;;;;;;;;1500602;Altamira;15;PA;0;0;0;0;;;;;;;;;;;;;0;;;;;;;;;;;
1868343;2024;;;;;;;;;1500602;Altamira;15;PA;1;1;1;1;1420;1383;1395;1408;417.1;421.5;435;536.5;BCABAEBEAEDBDEDCDEDAEABEDDECEAEEECDBCECBCBEAA;DEBBBCA.BDCDDAEDADEADDCCEDCDCAEBACBCBCDDECCEB;ACBDCBCBEDBAABBCDADDBADACEECDBEDCBDECBDCAECDA;CEBEDEDADAEEEBACBDECBCDECDBDAADBEECEBCEEDCEDE;1;CAEDAACCAEEXCBBAEDBBCAACDEDCBCEECAAEDDDEBBDDB;CECEBEBCDBADDEBBABCDCAECEDADBAEABEADCEDADACBC;CAAAECDDDAECBECEDDCBDEDDCECBDCBCEADBBDBDDCBEDADEEB;CECEBEDADCAADECDBBCEBDCCCACABBABBADDDCEADBBCE;1;100;100;80;80;60;420
2966550;2024;;;;;;;;;1500602;Altamira;15;PA;1;1;1;1;1419;1385;1398;1407;541.8;536.7;555.5;620.6;BDBCECCCEEAABCAEDEBDABAACDEBDAAABBAADCDBBDCEE;BADBABBBCCEDEDADEAAACEEADAEDCDDBEABECBCECDBCD;DEDDDADBACEECEEBBCBDAACEADBECAEBCDDDDDDDDBECB;AACACAEDDBCDCDEBEDCBBCCEABEEADDDADBEBACCCDCBE;1;BCEAACDEDCAAEDDDEBBDDBECCAEDBBAAACCAEEXCBBCED;CAEDBADBEBCCEDADBAEACBCADCEDEBBEBACECEABCDDAD;EAAACDDCDADDCBDEECEECBDCDADEEBCBEBADBCEBDBDDDDCECB;ABBABBADDDBBCECEADCEBCCCDBADCBEDAECADACDBCECE;1;120;120;120;120;100;580
13994;2024;;;;;;;;;1500602;Altamira;15;PA;1;1;1;1;1419;1385;1398;1407;418.8;498.3;535.6;505.5;EEBEDBADCEBCCAABBDEDDAABDCCBCAAEDCDAEBBCDCAEC;AABBDCDCBBECAEABDEDEDEBBDDDCDADEEABACBEBCDDCD;DBAECCACBCEECDEDDBEDACEECBBEADBBCABEADDADEACB;BBBAEBBCCBEBABBAECCDABEBCACAADCDECCCCEDBBDDBC;0;BCEAACDEDCAAEDDDEBBDDBECCAEDBBAAACCAEEXCBBCED;CAEDBADBEBCCEDADBAEACBCADCEDEBBEBACECEABCDDAD;EAAACDDCDADDCBDEECEECBDCDADEEBCBEBADBCEBDBDDDDCECB;ABBABBADDDBBCECEADCEBCCCDBADCBEDAECADACDBCECE;1;100;120;100;120;40;480
2478368;2024;15176045;1500602;Altamira;15;PA;4;1;1;1500602;Altamira;15;PA;1;1;1;1;1420;1383;1395;1408;465.5;628.7;580.4;617.8;ECBAAACAAEEBBCADACCBDAEDCCDBEDBBBCBBEEDCBCDCC;CECEBEBCAADDCEBADBCDCAACE.ADEAEABBADEEDEDACDC;CAAADECBECCDDCBDECDCBABCEBDADEDBDADAABEEACEED;CECCDDDCCBCACCDAACCEBBBCCEDCABACCEBDDABEACBEB;0;CAEDAACCAEEXCBBAEDBBCAACDEDCBCEECAAEDDDEBBDDB;CECEBEBCDBADDEBBABCDCAECEDADBAEABEADCEDADACBC;CAAAECDDDAECBECEDDCBDEDDCECBDCBCEADBBDBDDCBEDADEEB;CECEBEDADCAADECDBBCEBDCCCACABBABBADDDCEADBBCE;1;160;160;140;160;180;800
4086729;2024;;;;;;;;;1500602;Altamira;15;PA;0;0;0;0;;;;;;;;;;;;;1;;;;;;;;;;;
2513733;2024;15104907;1500602;Altamira;15;PA;2;1;1;1500602;Altamira;15;PA;0;1;1;0;;1386;1397;;;419;485.6;;;CDBCADBEBADCEBAABCBDACADEEBCADEBDADBCDEACEBAB;EAADEABEDADD.BDCDDABCABAEDC.EBCDBCDBEDABC*BDA;;0;;ACBCADCEDBAECEDADBADBEBCDADABCDEABCAEDEBBCECE;AACEADACDDCBEDADEEBDDBDBBCEECBDCBADDDCBDEDDCECBECE;;1;120;140;120;160;140;680
114358;2024;15583058;1500602;Altamira;15;PA;2;1;1;1500602;Altamira;15;PA;1;1;1;1;1421;1386;1397;1409;440.8;463.8;515.1;489.1;AEBAEEBEDCCAECAACBAADCCBDAACDBDDEEEBADBADEBAA;ABAACDEABBAECCEDEBCDADACADBECABCEAEBEBECEDBCB;AAABDACACAAEEBDDEEABDEADDCEABBCDCBEEDDEBCBEAA;EDBDCDEDBCDECAAAEDDCAADAEEDBDECEDBBBBABCDEABC;0;DDBDDEBBAAEDECBCEEDCAACDBBCEDBBAEXCCAEAACCAED;ACBCADCEDBAECEDADBADBEBCDADABCDEABCAEDEBBCECE;AACEADACDDCBEDADEEBDDBDBBCEECBDCBADDDCBDEDDCECBECE;CEBCEADBBCEADDDABBABBCCDCCECEDBACADECABEDADCB;1;120;180;120;160;200;780
824470;2024;15107035;1504455;Medicilândia;15;PA;2;1;1;1500602;Altamira;15;PA;1;1;1;1;1419;1385;1398;1407;395.2;496.9;520.3;400.1;EB.ADDBDCEEDAECCEEBDBACCEAABDEBDEACBCDCBACCDD;CEEABCBAECCDADACEBDBBDCDDEEDEABBEAADBBABEDCED;ADDDADBBAAEEDCDABACEABEEBAAEAAABDEC*AEAEDCECC;CCADDBDDEBCC.BCDBAAEBBCDEEDAADAEABCACCAECABBC;1;BCEAACDEDCAAEDDDEBBDDBECCAEDBBAAACCAEEXCBBCED;CAEDBADBEBCCEDADBAEACBCADCEDEBBEBACECEABCDDAD;EAAACDDCDADDCBDEECEECBDCDADEEBCBEBADBCEBDBDDDDCECB;ABBABBADDDBBCECEADCEBCCCDBADCBEDAECADACDBCECE;1;120;180;140;160;120;720
702259;2024;;;;;;;;;1500602;Altamira;15;PA;1;1;1;1;1422;1384;1396;1410;402.4;464.4;455.9;502.4;BBDBDCADDACEACDCCEDADECDECAEBDABEAADCDDACACBC;DAEABBCAEEEDEEECDEBBCAABCDCAAEEEBADEBCABBCBCA;DCAABCBEBCBCDADCADDDDCDDBABBDDDCEBDCDCDEDCEAB;DDDECCEDAECCACDCBDBCCDBDCECCAACEABDCEAADCCCDB;1;BBCEDBBAEXCCAEDDBCAEDAACAAEDDDEBBECBCEEDCAACD;DADABCDCECEDEBBBEBCDBADACBCADCEBEADBAECAECEDA;AACEADDDACDADECBBDBEEBDDECCBEDDCADBBDEBCEBDCECEDDC;DBCECEACADABBECBEDADCCDCCABBBCECEBCEADABBADDD;1;120;120;120;120;80;560
2432297;2024;15106101;1500602;Altamira;15;PA;2;1;1;1500602;Altamira;15;PA;1;1;1;1;1421;1386;1397;1409;452.1;502.9;529.5;416.2;DCAADEECCECDEBDCBDAEACDBEBDEBDBAECEEDBEBAECDC;ABDCBDBCDEEACCDAEEAABDACCBDCBBDEBEDABCEDBAEBA;BAACAEBEBADCEBDBEDABCABABABEAEBACACDDDAECBEED;DACBCDECCBAEEAADBEACCCDEDECBCDEECBEAAACDEEDCB;0;DDBDDEBBAAEDECBCEEDCAACDBBCEDBBAEXCCAEAACCAED;ACBCADCEDBAECEDADBADBEBCDADABCDEABCAEDEBBCECE;AACEADACDDCBEDADEEBDDBDBBCEECBDCBADDDCBDEDDCECBECE;CEBCEADBBCEADDDABBABBCCDCCECEDBACADECABEDADCB;1;140;120;180;160;120;720
2228019;2024;15583058;1500602;Altamira;15;PA;2;1;1;1500602;Altamira;15;PA;1;1;1;1;1420;1383;1395;1408;367.8;520.7;500.6;434.1;EADBBAAECEABDBAECBCCAECACDADDBBBBCBADEAEAEAEC;AEABABBCABDDBABDDBADCAECAAAEEDBACAADEACADBEED;CABACECBEEDEDABCBCBCBBACDBAADBADDDCDCDECADBDD;EEDBACDBABCDABCDACAECCDABEBABADEDBAEAABAADAAC;0;CAEDAACCAEEXCBBAEDBBCAACDEDCBCEECAAEDDDEBBDDB;CECEBEBCDBADDEBBABCDCAECEDADBAEABEADCEDADACBC;CAAAECDDDAECBECEDDCBDEDDCECBDCBCEADBBDBDDCBEDADEEB;CECEBEDADCAADECDBBCEBDCCCACABBABBADDDCEADBBCE;1;100;120;80;120;100;520
1345870;2024;;;;;;;;;1500602;Altamira;15;PA;1;1;1;1;1419;1385;1398;1407;475.2;471.1;513.3;488.9;ABBDDCCDAABCCCACCCADBAABEDEABEACDDCCBECCBEDAA;CACABAABDCECDCCAEDDDCBBAABBDEEDDAABECCCEEBDAE;CDEDBBBABCEECBBACAEDACCEBBDDACEBADCDEADDDCBCE;BBBDAABCDAEADBCAAECCBCABDDCBBEDCBBCEEDBCAAACB;1;BCEAACDEDCAAEDDDEBBDDBECCAEDBBAAACCAEEXCBBCED;CAEDBADBEBCCEDADBAEACBCADCEDEBBEBACECEABCDDAD;EAAACDDCDADDCBDEECEECBDCDADEEBCBEBADBCEBDBDDDDCECB;ABBABBADDDBBCECEADCEBCCCDBADCBEDAECADACDBCECE;1;120;140;120;140;140;660
1268299;2024;;;;;;;;;1500602;Altamira;15;PA;1;1;1;1;1420;1383;1395;1408;403.7;457.7;442;396.1;DAAAAACEBEBCBEABEBECEAEDCCAAACBADDABEDCDCDEBB;AABBCDECCDEADAECBEDDCBACDAADDBCCAEADBAAEDABDE;CDBDBDCBEECACBDCBCAACBCBBBDBBCC.BBADDCCBABBEA;DCBCDBBDADBBDCDEEBBACCDADCDABCBCECDEBBCEABADE;1;CAEDAACCAEEXCBBAEDBBCAACDEDCBCEECAAEDDDEBBDDB;CECEBEBCDBADDEBBABCDCAECEDADBAEABEADCEDADACBC;CAAAECDDDAECBECEDDCBDEDDCECBDCBCEADBBDBDDCBEDADEEB;CECEBEDADCAADECDBBCEBDCCCACABBABBADDDCEADBBCE;1;120;160;120;160;120;680
1642695;2024;;;;;;;;;1500602;Altamira;15;PA;1;1;1;1;1421;1386;1397;1409;628.1;648.3;635;718.4;DDBCDEBBCEDDECBCECDDDEEDBAAADBEAABBEEEAACCAED;ACDEACEECBAECEDADBDDBEACDADBBCDEAECAEBEEDCECE;AACCACBEDADEEBDABDBBDCEDEDCACDDDCBDEDDCECBECA;CBBADADABBAACEDABCCBBCCDCBEABCBADEBECECEDABDB;0;DDBDDEBBAAEDECBCEEDCAACDBBCEDBBAEXCCAEAACCAED;ACBCADCEDBAECEDADBADBEBCDADABCDEABCAEDEBBCECE;AACEADACDDCBEDADEEBDDBDBBCEECBDCBADDDCBDEDDCECBECE;CEBCEADBBCEADDDABBABBCCDCCECEDBACADECABEDADCB;1;160;200;200;200;180;940
2556831;2024;;;;;;;;;1500602;Altamira;15;PA;1;1;1;1;1420;1383;1395;1408;395.1;447.6;479.7;466.4;AEACEDCEBCEABAABCCAAADDBDCCADEABEBCEEADDDEDBC;BAAACDCCCAABAABAAEAEDBBAEDABECAAECADCEAADBDDC;AAAEBECEDCADDABEAEDACCEAEBDEBEBBDBBDACDDBEABB;CAEBACCAABDECACCEBDEBADABBDDAAAECECEBAADCEBAC;0;CAEDAACCAEEXCBBAEDBBCAACDEDCBCEECAAEDDDEBBDDB;CECEBEBCDBADDEBBABCDCAECEDADBAEABEADCEDADACBC;CAAAECDDDAECBECEDDCBDEDDCECBDCBCEADBBDBDDCBEDADEEB;CECEBEDADCAADECDBBCEBDCCCACABBABBADDDCEADBBCE;1;100;120;120;120;20;480
1749421;2024;15177912;1501725;Brasil Novo;15;PA;2;2;1;1500602;Altamira;15;PA;1;1;1;1;1422;1384;1396;1410;383.6;439.4;460.5;428.8;BCDBBCECADBEACDCBEAABEECDBCACEDDBCEABDDACCEDC;ADBCEBCBAABDEAECCACADCAABEDEEBBEEAADAEABBCDAA;BBABEBADECBDDDCDBEACBAAAAAAEEACEEADBBAEEDAEBD;EBCACBDDCABCBEACDBBCDEDBAEBEDBABDAEDAEDBBAEDB;0;BBCEDBBAEXCCAEDDBCAEDAACAAEDDDEBBECBCEEDCAACD;DADABCDCECEDEBBBEBCDBADACBCADCEBEADBAECAECEDA;AACEADDDACDADECBBDBEEBDDECCBEDDCADBBDEBCEBDCECEDDC;DBCECEACADABBECBEDADCCDCCABBBCECEBCEADABBADDD;1;140;120;120;120;40;540
3789593;2024;15178145;1508357;Vitória do Xingu;15;PA;2;2;1;1500602;Altamira;15;PA;0;0;0;0;;;;;;;;;;;;;1;;;;;;;;;;;
2343022;2024;;;;;;;;;1500602;Altamira;15;PA;1;1;1;1;1420;1383;1395;1408;441.8;575.3;462.4;485.5;CDEBECBBECBBECABCDBCCADCCDCCDCBBBBBBBBBBBBBBB;EECECEAEDDCDCECABACACABCEDADBADAADADEEBADACEE;CCCCCBEAECACDABDEDBABBBBBBBBBBBBBBBBBBBBBBBBB;ADCCDADCACADBCBCBECBABCBCADEBABCCBEEBDDDCADCD;1;CAEDAACCAEEXCBBAEDBBCAACDEDCBCEECAAEDDDEBBDDB;CECEBEBCDBADDEBBABCDCAECEDADBAEABEADCEDADACBC;CAAAECDDDAECBECEDDCBDEDDCECBDCBCEADBBDBDDCBEDADEEB;CECEBEDADCAADECDBBCEBDCCCACABBABBADDDCEADBBCE;1;100;120;120;120;140;600
2972206;2024;;;;;;;;;1500602;Altamira;15;PA;1;1;1;1;1421;1386;1397;1409;493.1;470.3;533.7;453.4;DCACDEEBACCEECBDBBCDBBDBDDCEBAABDBBEDBCDBCDAC;AADEACEEAEBEBCDAABDDCEACDEBEB.ABDABADCEADBCAC;BADEACAEDADEEADEDCCBCBCBDDEDBCBBCBEEDDBBDBEDB;EDBCBDACBDCBBADBDDBCBADCBDDACBCABCBEDACB*DBDB;0;DDBDDEBBAAEDECBCEEDCAACDBBCEDBBAEXCCAEAACCAED;ACBCADCEDBAECEDADBADBEBCDADABCDEABCAEDEBBCECE;AACEADACDDCBEDADEEBDDBDBBCEECBDCBADDDCBDEDDCECBECE;CEBCEADBBCEADDDABBABBCCDCCECEDBACADECABEDADCB;1;100;140;120;100;100;560
2112921;2024;;;;;;;;;1500602;Altamira;15;PA;1;1;1;1;1421;1386;1397;1409;508.8;497.6;531.5;490.3;EDCACABBCECEACEDDBDBDDCDBBADDABBDADEDEBABDEEE;ACEBAABAADDBCEDAEACDCEACBADAABBBACDABDBBDBDAB;DECDDCCACAAEE*DDBCDBACDCACCBBBDDBECECDBECBECC;BDBCCEACBBCBCEBDABDBACBCDDCBADBBDCDCCABDCCAEC;1;DDBDDEBBAAEDECBCEEDCAACDBBCEDBBAEXCCAEAACCAED;ACBCADCEDBAECEDADBADBEBCDADABCDEABCAEDEBBCECE;AACEADACDDCBEDADEEBDDBDBBCEECBDCBADDDCBDEDDCECBECE;CEBCEADBBCEADDDABBABBCCDCCECEDBACADECABEDADCB;1;80;40;40;120;0;280
3964242;2024;15583058;1500602;Altamira;15;PA;2;1;1;1500602;Altamira;15;PA;1;1;1;1;1419;1385;1398;1407;432.7;510.8;540.3;379.8;DDEACACBCBCCBCADEEADEBACDAAABABEDAEBEACBBEAEC;CEAEBBABBCBCCDDBEEDACDCADBCEEEDEECBECACECAAAD;DDACABACBDEECEEBACCBAADEBCBBBDBBDCBDCDDDDAECE;DBCDCADCEBDCECDBECEDABEBCBADBBDCDABDCEDB*DBBD;0;BCEAACDEDCAAEDDDEBBDDBECCAEDBBAAACCAEEXCBBCED;CAEDBADBEBCCEDADBAEACBCADCEDEBBEBACECEABCDDAD;EAAACDDCDADDCBDEECEECBDCDADEEBCBEBADBCEBDBDDDDCECB;ABBABBADDDBBCECEADCEBCCCDBADCBEDAECADACDBCECE;1;100;140;60;120;180;600
3489849;2024;;;;;;;;;1500602;Altamira;15;PA;0;1;1;0;;1384;1396;;;502.7;537.4;;;DADAEABBECDDDCDBBADEADDABCBAEEEABCBEAACECCCBA;ADECABADEDBDDADDBDCCACBEDDAABBAEEBCEEACECCCBC;;0;;DADABCDCECEDEBBBEBCDBADACBCADCEBEADBAECAECEDA;AACEADDDACDADECBBDBEEBDDECCBEDDCADBBDEBCEBDCECEDDC;;1;120;200;160;180;200;860
2121587;2024;;;;;;;;;1500602;Altamira;15;PA;1;1;1;1;1419;1385;1398;1407;455.8;497.5;533;386.9;BABCBBCDCCCECBEECEBDCBBADEAECBBCADDADABABCDEA;AABACCDBBABCBCADAABADCDACCDBEAEDECEBAADBCABAD;CDABCBECBCEEACAAEADCADEEBCBDECEBDCBDAEDBDAECB;CDADCABBDACCDCCCEBDACADEBBCDEABDBDEACDDAABCAA;0;BCEAACDEDCAAEDDDEBBDDBECCAEDBBAAACCAEEXCBBCED;CAEDBADBEBCCEDADBAEACBCADCEDEBBEBACECEABCDDAD;EAAACDDCDADDCBDEECEECBDCDADEEBCBEBADBCEBDBDDDDCECB;ABBABBADDDBBCECEADCEBCCCDBADCBEDAECADACDBCECE;1;140;120;100;120;40;520
3286043;2024;;;;;;;;;1500602;Altamira;15;PA;1;1;1;1;1421;1386;1397;1409;441.2;488.6;382.3;507;DEBAEDBCACAEAABDBDADEDBDEEBEBEDEAEBBAAEBADBDE;ABDEADEECEECCECAEBCAACDCAAEEEEDDD.CCCDABBCBDD;CDAADEEEDDCCEAACDEBCECEEBDCCECEBAAEEBABECBDDE;EEBCCADEAECBCABCCBCEACCCAEDDDDEBDEECAAEEEEEEA;1;DDBDDEBBAAEDECBCEEDCAACDBBCEDBBAEXCCAEAACCAED;ACBCADCEDBAECEDADBADBEBCDADABCDEABCAEDEBBCECE;AACEADACDDCBEDADEEBDDBDBBCEECBDCBADDDCBDEDDCECBECE;CEBCEADBBCEADDDABBABBCCDCCECEDBACADECABEDADCB;1;120;160;120;120;120;640
4181391;2024;;;;;;;;;1500602;Altamira;15;PA;0;0;0;0;;;;;;;;;;;;;0;;;;;;;;;;;
2705048;2024;;;;;;;;;1500602;Altamira;15;PA;0;1;1;0;;1383;1395;;;306.9;350.4;;;DBECAEDABDACDCEAAECACAEBBECCEDBBDABCCEDBADAEB;DAEACBBEACEACAAACAEBBDEACCAEAEBDADCECAECADADE;;1;;CECEBEBCDBADDEBBABCDCAECEDADBAEABEADCEDADACBC;CAAAECDDDAECBECEDDCBDEDDCECBDCBCEADBBDBDDCBEDADEEB;;4;0;0;0;0;0;0
2295215;2024;15169138;1500602;Altamira;15;PA;2;1;1;1500602;Altamira;15;PA;0;0;0;0;;;;;;;;;;;;;1;;;;;;;;;;;
122122;2024;15583058;1500602;Altamira;15;PA;2;1;1;1500602;Altamira;15;PA;1;1;1;1;1421;1386;1397;1409;457.5;506.3;495.1;412.8;DBAABEACBDADEDADBDDCDCCACEACCAABDBBEEEEBCEDAA;ACCEADDABEAECEDAEBBEACADABBEBEDDAEDABBEDEBDEE;DADDAECBEADCCADADDAECDAAECAECECDBBCEDEBECBEAC;DAACEECEBDEBEBADCCADCCDBDCBBBBEBDDEDDEDCECDDC;1;DDBDDEBBAAEDECBCEEDCAACDBBCEDBBAEXCCAEAACCAED;ACBCADCEDBAECEDADBADBEBCDADABCDEABCAEDEBBCECE;AACEADACDDCBEDADEEBDDBDBBCEECBDCBADDDCBDEDDCECBECE;CEBCEADBBCEADDDABBABBCCDCCECEDBACADECABEDADCB;1;120;140;120;120;120;620
2435120;2024;;;;;;;;;1500602;Altamira;15;PA;0;0;0;0;;;;;;;;;;;;;1;;;;;;;;;;;
1654499;2024;;;;;;;;;1500602;Altamira;15;PA;1;1;1;1;1419;1385;1398;1407;446.3;322.5;414.6;394.6;ACBABDCDBCBCACBDBDBDBDBDBCEBDBCECBDBDBDBACCBD;ABD.DB.BEDB.BDCABDBDBDBABBCDBECBDBDADABEBDBCB;DDCBABDBDCECBDBAAECACBDB*DBACEAACBADBBCBCBACC;CCBDBDBCBDBCDCBBDBDBEBDBDBDBAAECADCB.CADCBDBA;1;BCEAACDEDCAAEDDDEBBDDBECCAEDBBAAACCAEEXCBBCED;CAEDBADBEBCCEDADBAEACBCADCEDEBBEBACECEABCDDAD;EAAACDDCDADDCBDEECEECBDCDADEEBCBEBADBCEBDBDDDDCECB;ABBABBADDDBBCECEADCEBCCCDBADCBEDAECADACDBCECE;1;120;120;120;120;120;600
2139242;2024;15582728;1500859;Anapu;15;PA;2;1;1;1500602;Altamira;15;PA;1;1;1;1;1419;1385;1398;1407;377.7;348.6;502.7;434.5;DABCDDCEADCBDE.AEDCEEADBEBACCEBCCECAECDBBCDAE;DDBEECD.ACBADAEAEBDBDADCBACACEAABADACDDCBEACD;BADDBCACABEEDAAABCECBDDDADBEEBEBCACDECADDDDCB;CBACBCDADECACDEBCECAEBDAEACBDABCDCBEAACDBEACE;1;BCEAACDEDCAAEDDDEBBDDBECCAEDBBAAACCAEEXCBBCED;CAEDBADBEBCCEDADBAEACBCADCEDEBBEBACECEABCDDAD;EAAACDDCDADDCBDEECEECBDCDADEEBCBEBADBCEBDBDDDDCECB;ABBABBADDDBBCECEADCEBCCCDBADCBEDAECADACDBCECE;1;120;80;80;100;0;380
1686721;2024;;;;;;;;;1500602;Altamira;15;PA;1;1;1;1;1420;1383;1395;1408;394.9;447.5;418.1;407.4;CEABBACEAEEDDAABEBCCDACBCCEDECEAADBBEECEDEAAA;AAEBBCCCADCDDBEEDEACCAECBCAAECAEECAEEEDDBBBEE;ACBDEEEAECCBDEEADECCBCBACEDEECDADBBEEAADDCDAC;EDCAADBEBCCCEDDEADADECDBDEDBDADDECEEAADEBBBDE;1;CAEDAACCAEEXCBBAEDBBCAACDEDCBCEECAAEDDDEBBDDB;CECEBEBCDBADDEBBABCDCAECEDADBAEABEADCEDADACBC;CAAAECDDDAECBECEDDCBDEDDCECBDCBCEADBBDBDDCBEDADEEB;CECEBEDADCAADECDBBCEBDCCCACABBABBADDDCEADBBCE;1;120;140;120;120;80;580
1838270;2024;15575497;1500859;Anapu;15;PA;2;1;1;1500602;Altamira;15;PA;1;1;1;1;1420;1383;1395;1408;361.6;405.8;413.6;416;BAABEBAEAAAEDAB*CAECADCAAABCDEABABBBBAABABCBB;AACEBCEBADAADECBACBEDEACCABAEDBADADCEBABBCDEA;ACACEEEDDEDDEAADDEEEAECCEBDDDBDADEEBCDABAEBCB;BABABAB*ABBBACABAAABDEEAABDAAABBBAADABABEABEA;1;CAEDAACCAEEXCBBAEDBBCAACDEDCBCEECAAEDDDEBBDDB;CECEBEBCDBADDEBBABCDCAECEDADBAEABEADCEDADACBC;CAAAECDDDAECBECEDDCBDEDDCECBDCBCEADBBDBDDCBEDADEEB;CECEBEDADCAADECDBBCEBDCCCACABBABBADDDCEADBBCE;6;0;0;0;0;0;0
602984;2024;15105016;1508357;Vitória do Xingu;15;PA;2;1;1;1500602;Altamira;15;PA;0;0;0;0;;;;;;;;;;;;;1;;;;;;;;;;;
1436130;2024;;;;;;;;;1500602;Altamira;15;PA;0;0;0;0;;;;;;;;;;;;;1;;;;;;;;;;;
385129;2024;15575497;1500859;Anapu;15;PA;2;1;1;1500602;Altamira;15;PA;1;1;1;1;1420;1383;1395;1408;431.6;397.1;486.7;538.7;EECBEBCEAECCBCABEDDBBBCEDEAEABAACADDDCBCAECDA;AAAADBDBDCBAEDBCABCDECDEDCBACDDAECABCECBDEBAD;CADDCECDEACDCABCDAACDEACBBDEDAECDDDDCAEDBCAED;BDCDBCECBABBDACEDACCACDDBDDEBCABCDEEDCBAABACC;0;CAEDAACCAEEXCBBAEDBBCAACDEDCBCEECAAEDDDEBBDDB;CECEBEBCDBADDEBBABCDCAECEDADBAEABEADCEDADACBC;CAAAECDDDAECBECEDDCBDEDDCECBDCBCEADBBDBDDCBEDADEEB;CECEBEDADCAADECDBBCEBDCCCACABBABBADDDCEADBBCE;1;120;180;120;120;100;640
1664381;2024;;;;;;;;;1500602;Altamira;15;PA;1;1;1;1;1421;1386;1397;1409;556.4;590.1;557.7;424.9;DDCAADBBAECBAABABBDCDCDABCDDBDBEEBEAAECACEBEE;ADCAADEDCEAE*EBAEDCDBEEEDADBBCDEAEAAADEDBAECE;DACDDABEDADDEBDDBDEBDAACACDDAECBBBDEDACECBECD;DBECBEEDAECBEDCAEECBDEDAADACCBCEDCCCEDCCCCEAB;0;DDBDDEBBAAEDECBCEEDCAACDBBCEDBBAEXCCAEAACCAED;ACBCADCEDBAECEDADBADBEBCDADABCDEABCAEDEBBCECE;AACEADACDDCBEDADEEBDDBDBBCEECBDCBADDDCBDEDDCECBECE;CEBCEADBBCEADDDABBABBCCDCCECEDBACADECABEDADCB;1;160;180;160;180;180;860
3556653;2024;15104907;1500602;Altamira;15;PA;2;1;1;1500602;Altamira;15;PA;1;1;1;1;1419;1385;1398;1407;412.4;542.7;571;413.1;ECDBABDABEADBAEABCEDBBDCEBBEDACBEABADCCEABCDE;AAEEBADACADCECAEBAEAADCADAEEDEDBEABEDEAECAECB;EAAACBDCBDEEDEBBDCBDADEDBBBEADCBDCBDABADDEECB;BEACDEEBDEDBACCBEBADADBCBCDBBEBDCCCECDDCEECBE;0;BCEAACDEDCAAEDDDEBBDDBECCAEDBBAAACCAEEXCBBCED;CAEDBADBEBCCEDADBAEACBCADCEDEBBEBACECEABCDDAD;EAAACDDCDADDCBDEECEECBDCDADEEBCBEBADBCEBDBDDDDCECB;ABBABBADDDBBCECEADCEBCCCDBADCBEDAECADACDBCECE;1;140;160;140;140;180;760
2410632;2024;;;;;;;;;1500602;Altamira;15;PA;0;0;0;0;;;;;;;;;;;;;1;;;;;;;;;;;
2898226;2024;;;;;;;;;1500602;Altamira;15;PA;0;0;0;0;;;;;;;;;;;;;1;;;;;;;;;;;
1744123;2024;;;;;;;;;1500602;Altamira;15;PA;1;1;1;1;1421;1386;1397;1409;676.7;657.7;602.7;802.3;DDBDBEBBAADBECBAECCCDBCBBDDEDDBDEBDCAEAACEAED;ACCCADCECDAECEDADBBEBEBEDADAACCEABCABDEBBCECE;AACEACBECADEEDDACDBBDDEDDDDDDDCBCBDEDDAECBECC;CCBEAADABCEADDDABCAEBCCDCCECEDBACBDDCADEDBDCC;0;DDBDDEBBAAEDECBCEEDCAACDBBCEDBBAEXCCAEAACCAED;ACBCADCEDBAECEDADBADBEBCDADABCDEABCAEDEBBCECE;AACEADACDDCBEDADEEBDDBDBBCEECBDCBADDDCBDEDDCECBECE;CEBCEADBBCEADDDABBABBCCDCCECEDBACADECABEDADCB;1;160;200;160;180;200;900
1790684;2024;15104907;1500602;Altamira;15;PA;2;1;1;1500602;Altamira;15;PA;1;1;1;1;1422;1384;1396;1410;516.4;591.9;496.4;485.4;ACCECBBAEBCEACDDCECEAAEBEADAEBDAAABCCCBBCDCAB;DADBBCDAECBCACDBEACDBBDACEEAEEEEEABEAECAECBBC;BBCCCDADECBCDAEABEDCDCBBDDBBCCBCCCBEEAABBDCEB;CADEDCAEACBBDACBCBDCCCCBBCDAEDEDCADBDBAACBABA;1;BBCEDBBAEXCCAEDDBCAEDAACAAEDDDEBBECBCEEDCAACD;DADABCDCECEDEBBBEBCDBADACBCADCEBEADBAECAECEDA;AACEADDDACDADECBBDBEEBDDECCBEDDCADBBDEBCEBDCECEDDC;DBCECEACADABBECBEDADCCDCCABBBCECEBCEADABBADDD;1;80;200;120;120;200;720
2305861;2024;;;;;;;;;1500602;Altamira;15;PA;1;1;1;1;1422;1384;1396;1410;544.5;510;511.5;445.9;CBCAEBACDEBEAEDCBEAEDDACADCDCDDDBEAECBADAADEB;AEDDBBCDEAADABDAECDDBDDADEAACDEECAAEAACBDDEAB;DBDAADAEECCEDDDDBBDDBCEADCBEADBAEBDADEBECAEDB;BCEDBAAECDCDDACDBEBABEDBCCEADCAD.CEBDCABECBAE;1;BBCEDBBAEXCCAEDDBCAEDAACAAEDDDEBBECBCEEDCAACD;DADABCDCECEDEBBBEBCDBADACBCADCEBEADBAECAECEDA;AACEADDDACDADECBBDBEEBDDECCBEDDCADBBDEBCEBDCECEDDC;DBCECEACADABBECBEDADCCDCCABBBCECEBCEADABBADDD;1;120;160;160;120;120;680
2981299;2024;;;;;;;;;1500602;Altamira;15;PA;1;1;1;1;1421;1386;1397;1409;428.8;523.9;523.2;483.9;ACBBACDECCBEEBACDBDAABADCCBCABABEEDED*AEDBDAB;BDBAACEECEAACDAADDBABEACACBDACBBAEBAEDEDDCECA;ACCCDDBECAABEBCBCDABDAD*DAEABACDCBC*DCDECBECD;AEBDCBADAACACDAEDDDCACBBABECDCDACBA*BBABCBBCD;1;DDBDDEBBAAEDECBCEEDCAACDBBCEDBBAEXCCAEAACCAED;ACBCADCEDBAECEDADBADBEBCDADABCDEABCAEDEBBCECE;AACEADACDDCBEDADEEBDDBDBBCEECBDCBADDDCBDEDDCECBECE;CEBCEADBBCEADDDABBABBCCDCCECEDBACADECABEDADCB;1;80;120;100;100;100;500
2498032;2024;;;;;;;;;1500602;Altamira;15;PA;1;1;1;1;1420;1383;1395;1408;516.5;501.1;446.9;487.2;DBABEACECDABCEDBBCCCDAEEDDDDBAEBCCACEDAEBCAEB;EBACBCCAEABCBEEDACDDCBEABDAABAEACCAEEEBADADCB;ACACBDDCEADDDAADEAEBBADCDBDBCCEADAEDBAADBECDB;DBCBBCDCDCEBCACACACCBCEBDDDCADDEAEDACEEDDDBBC;0;CAEDAACCAEEXCBBAEDBBCAACDEDCBCEECAAEDDDEBBDDB;CECEBEBCDBADDEBBABCDCAECEDADBAEABEADCEDADACBC;CAAAECDDDAECBECEDDCBDEDDCECBDCBCEADBBDBDDCBEDADEEB;CECEBEDADCAADECDBBCEBDCCCACABBABBADDDCEADBBCE;1;160;160;120;160;200;800
3818031;2024;;;;;;;;;1500602;Altamira;15;PA;0;0;0;0;;;;;;;;;;;;;1;;;;;;;;;;;
2367373;2024;;;;;;;;;1500602;Altamira;15;PA;1;1;1;1;1421;1386;1397;1409;434.6;395.4;526.3;461.1;DCBBBCEACCDBBDCDCEADADDCBBDEBEBDEBDAEC.ECDADC;ABAADCEBBBBDCBDAADCDCEACEBBDBACBCADBDAADCECBC;AAAAADBEDAAEEBEAEEEBDABDDCDAEBBDCEEEBDBECBEDA;ADACCDACDDDBDDDACABACEEDBCBDCECBDADBDDDCEBCEB;0;DDBDDEBBAAEDECBCEEDCAACDBBCEDBBAEXCCAEAACCAED;ACBCADCEDBAECEDADBADBEBCDADABCDEABCAEDEBBCECE;AACEADACDDCBEDADEEBDDBDBBCEECBDCBADDDCBDEDDCECBECE;CEBCEADBBCEADDDABBABBCCDCCECEDBACADECABEDADCB;1;100;200;140;180;180;800
32714;2024;15109194;1507805;Senador José Porfírio;15;PA;2;1;1;1500602;Altamira;15;PA;1;1;1;1;1420;1383;1395;1408;444.4;552.2;498.8;593.9;DEEACEEBAEBEA.BCDDCDBDCEBDCDACDAECCDDACDCBDCA;BECACCBCABCDDDCDABCBBAECEEADABBDEEACCEDCDEBDC;EEADCDCBECCBDDECEBCDAABDEBDECABCDACDCBEDBEDCE;CECCDECDCCDDCEBBCCBECDEACECBDCACCDBDDDECDAECD;0;CAEDAACCAEEXCBBAEDBBCAACDEDCBCEECAAEDDDEBBDDB;CECEBEBCDBADDEBBABCDCAECEDADBAEABEADCEDADACBC;CAAAECDDDAECBECEDDCBDEDDCECBDCBCEADBBDBDDCBEDADEEB;CECEBEDADCAADECDBBCEBDCCCACABBABBADDDCEADBBCE;1;140;120;120;140;120;640
4146495;2024;;;;;;;;;1500602;Altamira;15;PA;0;0;0;0;;;;;;;;;;;;;1;;;;;;;;;;;
261367;2024;;;;;;;;;1500602;Altamira;15;PA;0;0;0;0;;;;;;;;;;;;;0;;;;;;;;;;;
1636011;2024;15583058;1500602;Altamira;15;PA;2;1;1;1500602;Altamira;15;PA;1;1;1;1;1421;1386;1397;1409;540.3;319.2;480.5;490.1;DBBEECCBABDCDCACBDCEACEDCDCBAACBBBCEAEAACCDEB;DEADBCDEDBDCEDCBBBDCCDBDCDEDBABBBDCDCBACDBCAC;DCDBEAAADAEDDBABDDBBDCDDBCCDBBDAAAEECDBEDBEDC;BCDDBAEACCDEECDBBCCECCCDEDCBADDEDCCCBADBDCBCB;1;DDBDDEBBAAEDECBCEEDCAACDBBCEDBBAEXCCAEAACCAED;ACBCADCEDBAECEDADBADBEBCDADABCDEABCAEDEBBCECE;AACEADACDDCBEDADEEBDDBDBBCEECBDCBADDDCBDEDDCECBECE;CEBCEADBBCEADDDABBABBCCDCCECEDBACADECABEDADCB;1;100;160;60;100;100;520
2206593;2024;;;;;;;;;1500602;Altamira;15;PA;1;1;1;1;1419;1385;1398;1407;489.8;451.8;520;606.2;ADEBDCBCBDBE*EECEBBDCEAEECADCACABBCAEBCBEDAEA;ABDAECDABADCECAABAABBCBBCEABDEDBEAEDCAABBECBD;BAAADBBCBCEECABBECCBADEDAEBEDCBBDBDEADEBDABCB;BAEACCAEEDCBDECCCDCBBADCBABDAACEDCAEABBBABECB;0;BCEAACDEDCAAEDDDEBBDDBECCAEDBBAAACCAEEXCBBCED;CAEDBADBEBCCEDADBAEACBCADCEDEBBEBACECEABCDDAD;EAAACDDCDADDCBDEECEECBDCDADEEBCBEBADBCEBDBDDDDCECB;ABBABBADDDBBCECEADCEBCCCDBADCBEDAECADACDBCECE;1;160;160;140;160;140;760
1124763;2024;15583058;1500602;Altamira;15;PA;2;1;1;1500602;Altamira;15;PA;0;0;0;0;;;;;;;;;;;;;0;;;;;;;;;;;
4205948;2024;15177980;1504455;Medicilândia;15;PA;2;2;1;1500602;Altamira;15;PA;1;1;1;1;1421;1386;1397;1409;512.2;386.7;454;439.6;DDCEEBBBBCABABBCDDBBBCCADCCBACBBCDACDEEABCBCA;EBCACDCDABEECBABADCCCEAEDBDCEDECAEDDDCACADCAB;BDECEEBDCAAEEBDEBDABCDDBBCCDAECAACDABCECBADDD;CCBCCBAEDDADAAADDBCEBCAEBECBDBCEDBCACABBCBBBD;1;DDBDDEBBAAEDECBCEEDCAACDBBCEDBBAEXCCAEAACCAED;ACBCADCEDBAECEDADBADBEBCDADABCDEABCAEDEBBCECE;AACEADACDDCBEDADEEBDDBDBBCEECBDCBADDDCBDEDDCECBECE;CEBCEADBBCEADDDABBABBCCDCCECEDBACADECABEDADCB;1;100;120;120;120;120;580
3947547;2024;15169138;1500602;Altamira;15;PA;2;1;1;1500602;Altamira;15;PA;0;0;0;0;;;;;;;;;;;;;1;;;;;;;;;;;
1880145;2024;;;;;;;;;1500602;Altamira;15;PA;1;1;1;1;1421;1386;1397;1409;517.9;515.8;437.3;505.4;DDBCAEDBEACCDEACBAEDCABCDBCCDDADCCEAABDBCEACD;ACCAADBEDEADCBBAADBDCCBEDEDCEABCDEABEBEEDDECA;BACCBEBEBADEEABDADDDCAAADECECBBDDAECCEBDDAABC;BCBBDEAEAEDDCDDABDCCEBEBBDECBAABDBAECCDABCEBD;0;DDBDDEBBAAEDECBCEEDCAACDBBCEDBBAEXCCAEAACCAED;ACBCADCEDBAECEDADBADBEBCDADABCDEABCAEDEBBCECE;AACEADACDDCBEDADEEBDDBDBBCEECBDCBADDDCBDEDDCECBECE;CEBCEADBBCEADDDABBABBCCDCCECEDBACADECABEDADCB;1;100;100;80;100;140;520
1770339;2024;;;;;;;;;1500602;Altamira;15;PA;1;1;1;1;1419;1385;1398;1407;477.6;521.2;516.1;398.8;BBAADEBACBDCCDECDBBADAECECABCAAADDEABDBDCCBBB;CADDBBDAEAECBECAEADACEBADBAAEDAAEABEABCBADDAB;AEAAECDCBAEECDAACEDDAACEEDADADABDBBDBDDEDCBCB;DBBBCBCABBBADBBCCAACDBCBCCBBCCADDCCEBBDCADCBC;0;BCEAACDEDCAAEDDDEBBDDBECCAEDBBAAACCAEEXCBBCED;CAEDBADBEBCCEDADBAEACBCADCEDEBBEBACECEABCDDAD;EAAACDDCDADDCBDEECEECBDCDADEEBCBEBADBCEBDBDDDDCECB;ABBABBADDDBBCECEADCEBCCCDBADCBEDAECADACDBCECE;1;80;120;80;80;80;440
538081;2024;15169138;1500602;Altamira;15;PA;2;1;1;1500602;Altamira;15;PA;1;1;1;1;1419;1385;1398;1407;471.4;494.2;507.3;473.9;EAAACDEDEBAEBBBABEEDDACDEDEAEEBDACEBAEBDDCECB;BABABBDADACCEEABAEDAABAADECECAABECAECBBBACAAA;AACEABDBACEEDADEE*ECADCEBACEEABEAEBDCDADAEACB;DDCACAEBBAEAEBABECADABDEDEAEBDDADACBDBDBCDEBE;1;BCEAACDEDCAAEDDDEBBDDBECCAEDBBAAACCAEEXCBBCED;CAEDBADBEBCCEDADBAEACBCADCEDEBBEBACECEABCDDAD;EAAACDDCDADDCBDEECEECBDCDADEEBCBEBADBCEBDBDDDDCECB;ABBABBADDDBBCECEADCEBCCCDBADCBEDAECADACDBCECE;1;100;120;120;120;120;580
3789909;2024;;;;;;;;;1500602;Altamira;15;PA;1;1;1;1;1420;1383;1395;1408;541.3;485.6;582.6;551.2;EDEBADCECADCBCAAEDBDBBECBADBECDBEABCEAACEBDAB;CEBEBCCAACACDDABDEACDEACEDADEAAAEBACAADCDEECB;DAAAEECBECADDDBBEBDCBEEACBCEADAEDADBCBECABEEB;CCCDDCDACBDEDECBCAADBABECABBCEECCADBEBDEDCBAA;0;CAEDAACCAEEXCBBAEDBBCAACDEDCBCEECAAEDDDEBBDDB;CECEBEBCDBADDEBBABCDCAECEDADBAEABEADCEDADACBC;CAAAECDDDAECBECEDDCBDEDDCECBDCBCEADBBDBDDCBEDADEEB;CECEBEDADCAADECDBBCEBDCCCACABBABBADDDCEADBBCE;1;120;160;120;120;140;660
1137058;2024;;;;;;;;;1500602;Altamira;15;PA;1;1;1;1;1422;1384;1396;1410;492;430.3;489;504.8;DCEBDEABECDEBDDDBDAEBCAEBCDBCECECBEAADCEDADCA;BCCECCADEABD*AAA.ADCAEDDACDEADCAA*BEABCEECACA;ABACBDBDCCABDEEEEDDBAAECDCEABADEEABCADEECAEAE;CEBDBCABCDDEEDCABAAEDAEDBDCBDBECEACBDDAACBDAE;0;BBCEDBBAEXCCAEDDBCAEDAACAAEDDDEBBECBCEEDCAACD;DADABCDCECEDEBBBEBCDBADACBCADCEBEADBAECAECEDA;AACEADDDACDADECBBDBEEBDDECCBEDDCADBBDEBCEBDCECEDDC;DBCECEACADABBECBEDADCCDCCABBBCECEBCEADABBADDD;6;0;0;0;0;0;0
953744;2024;;;;;;;;;1500602;Altamira;15;PA;1;1;1;1;1419;1385;1398;1407;401.6;425.9;398.7;444.8;EABBDDBAEBBCACDEAEDDEBDACAADBCBEBAEBDBDCDECAD;ACBAAACCBADCCEBABAABBDCABEBDEDBBCCBACECABCADA;ADBECBEDAEEEBCAAECCDCEBADBADEBDBBCBBECACCEBAD;EBCCBEBEDCBBAAABDCBEECBCCBDEBABBCABCBECECDBDE;1;BCEAACDEDCAAEDDDEBBDDBECCAEDBBAAACCAEEXCBBCED;CAEDBADBEBCCEDADBAEACBCADCEDEBBEBACECEABCDDAD;EAAACDDCDADDCBDEECEECBDCDADEEBCBEBADBCEBDBDDDDCECB;ABBABBADDDBBCECEADCEBCCCDBADCBEDAECADACDBCECE;1;120;160;120;100;100;600
371857;2024;;;;;;;;;1500602;Altamira;15;PA;1;1;1;1;1421;1386;1397;1409;447.4;359.6;461.6;383.5;DBABCEBDBEAEBCDACBDEACDACDAEBCAACEAECBEBACDEB;BDECCDAEBEADDECDBCEAECACBDEACDEADDCBDBCBACDAE;BADCABAEEDDBEAECBDABDBAECACABDCAEBDEACDBBDEAD;AECADBABAEBCCECDDACDADBEAACEABDEABEDCECBDADBD;1;DDBDDEBBAAEDECBCEEDCAACDBBCEDBBAEXCCAEAACCAED;ACBCADCEDBAECEDADBADBEBCDADABCDEABCAEDEBBCECE;AACEADACDDCBEDADEEBDDBDBBCEECBDCBADDDCBDEDDCECBECE;CEBCEADBBCEADDDABBABBCCDCCECEDBACADECABEDADCB;1;100;180;120;120;180;700
1552358;2024;;;;;;;;;1500602;Altamira;15;PA;0;0;0;0;;;;;;;;;;;;;1;;;;;;;;;;;
3156356;2024;;;;;;;;;1500602;Altamira;15;PA;1;1;1;1;1421;1386;1397;1409;603.1;581;559.5;603.6;DDBEEAEBDECBACBCEDAEBCCDBCCCBEBDADCCECDACCCE.;ABDCADEEDEABCEBABAABBEBCDAECECDEAECCADEEBBEBA;AACEAABEBDDDEBEDCDBDCBADBACDBDCDBAEEDDEECBEDC;EDBCEADCECEBCEAABCCBBCBBCEBDEBCABBCCBDDECADBC;0;DDBDDEBBAAEDECBCEEDCAACDBBCEDBBAEXCCAEAACCAED;ACBCADCEDBAECEDADBADBEBCDADABCDEABCAEDEBBCECE;AACEADACDDCBEDADEEBDDBDBBCEECBDCBADDDCBDEDDCECBECE;CEBCEADBBCEADDDABBABBCCDCCECEDBACADECABEDADCB;1;140;120;120;120;120;620
381240;2024;;;;;;;;;1500602;Altamira;15;PA;1;1;1;1;1420;1383;1395;1408;451.9;510.4;539.9;407.4;EBABACCEAEDCCDABBEBDCBCACDDBDAAEABCBAEECDCACB;BEAEBEAADCBCBEADBEBCBDECECACEAEAEEADEBBCBBBDA;BEAABBCBEDCDDCBCEDBCAABAEBCEDDBBDADADAECAACEB;DBCEDADCEDDBCABBCDCAEADEDA.CC.DCEBDACEACBDADA;0;CAEDAACCAEEXCBBAEDBBCAACDEDCBCEECAAEDDDEBBDDB;CECEBEBCDBADDEBBABCDCAECEDADBAEABEADCEDADACBC;CAAAECDDDAECBECEDDCBDEDDCECBDCBCEADBBDBDDCBEDADEEB;CECEBEDADCAADECDBBCEBDCCCACABBABBADDDCEADBBCE;1;100;120;120;120;40;500
81811;2024;;;;;;;;;1500602;Altamira;15;PA;1;1;1;1;1420;1383;1395;1408;427.4;388.4;459.4;408.4;EEEABCABAAB.EAAAEBCCBACDDBACAADEEACDEAADAAAAA;BEAABCACCCAADEAEBCBEDDEAACBAAEAAABECAAAABEDAA;AAAADBCBEEDAAEBBEEACDACAABCBEBAADEAAADBBCEDCA;BBBCACEECDEDDCACDBADBCBEDADBBABCCCCDBADEBAEDE;1;CAEDAACCAEEXCBBAEDBBCAACDEDCBCEECAAEDDDEBBDDB;CECEBEBCDBADDEBBABCDCAECEDADBAEABEADCEDADACBC;CAAAECDDDAECBECEDDCBDEDDCECBDCBCEADBBDBDDCBEDADEEB;CECEBEDADCAADECDBBCEBDCCCACABBABBADDDCEADBBCE;1;120;80;80;80;0;360
2824442;2024;;;;;;;;;1500602;Altamira;15;PA;1;1;1;1;1421;1386;1397;1409;515.3;519.3;600.6;652.2;DCACDDBBADEAEEADEDBDBBACACEBACBCECDEABEBDECEC;ADCAACBACEADCCBAABCABEABAADABCCCAEDAEDABEAADC;DACEAEBEDADEEBDDDDABCEEBECCADCBDCBDEDDCECBECB;CDBEBACCBEDADDDABEEBDEBACDEDABAADEDDCDBAEBBAC;0;DDBDDEBBAAEDECBCEEDCAACDBBCEDBBAEXCCAEAACCAED;ACBCADCEDBAECEDADBADBEBCDADABCDEABCAEDEBBCECE;AACEADACDDCBEDADEEBDDBDBBCEECBDCBADDDCBDEDDCECBECE;CEBCEADBBCEADDDABBABBCCDCCECEDBACADECABEDADCB;1;140;160;140;120;160;720
2561812;2024;;;;;;;;;1500602;Altamira;15;PA;1;1;1;1;1420;1383;1395;1408;427.4;469.8;455.5;388;AAEBEADEBACEDBDCCCAAEEDEABDEDB.AEEBDEAAEDADCC;EEAABDCBADDABEADCDECABBDEDAAEACAEDADAEBEBAEAB;CDBCCBCBACEBDABADCCDAEDACADBCEEDDBDEBCAEBDDDB;CDBBACECEBADAEBAECAEADAADEBECDDDECEBCABECAADB;1;CAEDAACCAEEXCBBAEDBBCAACDEDCBCEECAAEDDDEBBDDB;CECEBEBCDBADDEBBABCDCAECEDADBAEABEADCEDADACBC;CAAAECDDDAECBECEDDCBDEDDCECBDCBCEADBBDBDDCBEDADEEB;CECEBEDADCAADECDBBCEBDCCCACABBABBADDDCEADBBCE;1;100;120;80;100;20;420
2717669;2024;;;;;;;;;1500602;Altamira;15;PA;1;1;1;1;1420;1383;1395;1408;539.9;499.8;500.3;410;EDEBADCBCEEADBDCABBCEACAAEDDDBBECBCCDDEABBDAC;CECBBBCEABDCEABEADACECBCACABDCEAAEADBECCDDBEA;CEABCECEECDCCEACEBDAAACEEBDCBAECEADEEBADAEEEA;CDDDBCDCBCAAECBACCABEDCEBADCADBCECCBBEEDBEACE;0;CAEDAACCAEEXCBBAEDBBCAACDEDCBCEECAAEDDDEBBDDB;CECEBEBCDBADDEBBABCDCAECEDADBAEABEADCEDADACBC;CAAAECDDDAECBECEDDCBDEDDCECBDCBCEADBBDBDDCBEDADEEB;CECEBEDADCAADECDBBCEBDCCCACABBABBADDDCEADBBCE;1;160;200;160;160;140;820
1630150;2024;;;;;;;;;1500602;Altamira;15;PA;0;0;0;0;;;;;;;;;;;;;1;;;;;;;;;;;
3605635;2024;;;;;;;;;1500602;Altamira;15;PA;1;1;1;1;1420;1383;1395;1408;398.7;618.4;598;558.1;EDDBAADEAEBEDABBDEADCADECCBEDEAAEBCCDCBEAAABC;AECEBEACDDCDDEBBBECDCAECEBADEEBAEEACCEDADACDA;CAAAEECBDCEDDCBDECEAEBECEEDCADBBDADCCAEDADEEB;DBCDDCEBACCDDDAEABBAAEDEBADDACABCBDDDDCABDBBC;0;CAEDAACCAEEXCBBAEDBBCAACDEDCBCEECAAEDDDEBBDDB;CECEBEBCDBADDEBBABCDCAECEDADBAEABEADCEDADACBC;CAAAECDDDAECBECEDDCBDEDDCECBDCBCEADBBDBDDCBEDADEEB;CECEBEDADCAADECDBBCEBDCCCACABBABBADDDCEADBBCE;1;140;120;120;120;100;600
3681596;2024;;;;;;;;;1500602;Altamira;15;PA;0;0;0;0;;;;;;;;;;;;;1;;;;;;;;;;;
237868;2024;15107035;1504455;Medicilândia;15;PA;2;1;1;1500602;Altamira;15;PA;1;1;1;1;1422;1384;1396;1410;521.5;567.9;542;556.5;BCCBAEAAEACEABABBEAEBCAACBCEAEBEBCEDAEBDCEBCD;AADBDCDAECBDCEDBAADDDCAABCAADBDCEACBEECAECECA;DCACCDACECDEECEECEDEBCBECDAAABDDEBCABAEECDCBA;CDDCCBADDDBBBEECCECECBDBBBADECDCEBACEDACCBBAC;1;BBCEDBBAEXCCAEDDBCAEDAACAAEDDDEBBECBCEEDCAACD;DADABCDCECEDEBBBEBCDBADACBCADCEBEADBAECAECEDA;AACEADDDACDADECBBDBEEBDDECCBEDDCADBBDEBCEBDCECEDDC;DBCECEACADABBECBEDADCCDCCABBBCECEBCEADABBADDD;1;160;200;160;200;140;860
4080333;2024;;;;;;;;;1500602;Altamira;15;PA;1;1;1;1;1420;1383;1395;1408;381.6;407.4;494.5;486.7;EAABBBABDDEBDCECDBEACDBEBDCDABACBDEADBEBCABDC;AACBCEBADCBCEBDABCDCACEBDCAEDBCAEBDACBBADBCCA;ECADEECDEDABDCDCEBBCEBCACBBEDCEBDADACAEBCBCDE;CCCBACEDCCACCCCBCEDEADDACADCECADBBCABCACEBDAD;0;CAEDAACCAEEXCBBAEDBBCAACDEDCBCEECAAEDDDEBBDDB;CECEBEBCDBADDEBBABCDCAECEDADBAEABEADCEDADACBC;CAAAECDDDAECBECEDDCBDEDDCECBDCBCEADBBDBDDCBEDADEEB;CECEBEDADCAADECDBBCEBDCCCACABBABBADDDCEADBBCE;1;120;120;120;120;80;560
3142095;2024;;;;;;;;;1500602;Altamira;15;PA;0;0;0;0;;;;;;;;;;;;;1;;;;;;;;;;;
1257094;2024;;;;;;;;;1500602;Altamira;15;PA;1;1;1;1;1420;1383;1395;1408;487.4;593.2;541.5;450.8;EDDBCCCEAEBABBABABCDCADEBEACBBBAAECBDCDEBBDEC;CECBBCBCDAADBEABADCDAAECEDBCDBEAACADEEDADCBCC;DBADEECBECDDDCEBEDAACADDCBDBEDCCDECDBBECAEDEA;CCDACBECACEBBCDADCAEADEEAADCADACEDCDBAAEDAABB;0;CAEDAACCAEEXCBBAEDBBCAACDEDCBCEECAAEDDDEBBDDB;CECEBEBCDBADDEBBABCDCAECEDADBAEABEADCEDADACBC;CAAAECDDDAECBECEDDCBDEDDCECBDCBCEADBBDBDDCBEDADEEB;CECEBEDADCAADECDBBCEBDCCCACABBABBADDDCEADBBCE;1;120;120;100;120;80;540
738866;2024;15107035;1504455;Medicilândia;15;PA;2;1;1;1500602;Altamira;15;PA;1;1;1;1;1419;1385;1398;1407;500.1;491.9;489.1;469.4;BABCDCBDEBDACECDBBDAECBDCAECBDCADBEBECADBECBD;BAEECDDCBAEAEDABDEDACBCADAABAECEEAEBDACDCADEB;ACADBBDEBDCEAABBEAEDBDEEABDDBDABDAEDBDBBDAEEB;AAEEDBCAEBDBCEAABACEBDACEBECDADACEBDCABEEACDB;1;BCEAACDEDCAAEDDDEBBDDBECCAEDBBAAACCAEEXCBBCED;CAEDBADBEBCCEDADBAEACBCADCEDEBBEBACECEABCDDAD;EAAACDDCDADDCBDEECEECBDCDADEEBCBEBADBCEBDBDDDDCECB;ABBABBADDDBBCECEADCEBCCCDBADCBEDAECADACDBCECE;1;120;120;120;120;80;560
1173900;2024;;;;;;;;;1500602;Altamira;15;PA;0;1;1;0;;1383;1395;;;381.1;304.4;;;CDEDCACEABBECADBDEAEECEBADABCBBAAEECAABECDABD;ACABCBEDDBCCBEBDCAEACCDACAADEEAEEEACADAADBABD;;1;;CECEBEBCDBADDEBBABCDCAECEDADBAEABEADCEDADACBC;CAAAECDDDAECBECEDDCBDEDDCECBDCBCEADBBDBDDCBEDADEEB;;1;80;80;80;80;0;320
1497153;2024;15169138;1500602;Altamira;15;PA;2;1;1;1500602;Altamira;15;PA;1;1;1;1;1420;1383;1395;1408;450.5;319.1;362.9;399.9;ECABAADEBDDCBCACEBBCCBBEBDDBACEEBBADEADBABCAA;BBDABDBACADDBDADEDADCBCADBBAAEBBDBEDABDBABBAB;AAAEBDBACDEDEBECDAEDCCBBDACCDECBADBCDDACEDBDC;CACADCDCABEACACEBABAACBCDEDBCACCBCBCEABCDCCEE;1;CAEDAACCAEEXCBBAEDBBCAACDEDCBCEECAAEDDDEBBDDB;CECEBEBCDBADDEBBABCDCAECEDADBAEABEADCEDADACBC;CAAAECDDDAECBECEDDCBDEDDCECBDCBCEADBBDBDDCBEDADEEB;CECEBEDADCAADECDBBCEBDCCCACABBABBADDDCEADBBCE;1;80;140;80;100;0;400
1648085;2024;;;;;;;;;1500602;Altamira;15;PA;0;0;0;0;;;;;;;;;;;;;0;;;;;;;;;;;
2971287;2024;;;;;;;;;1500602;Altamira;15;PA;1;1;1;1;1422;1384;1396;1410;554;587;539.3;462.1;CCCDAABEEEAECADDAEAEBCECCECDDDDEBCBDCAEDDADCA;DADBECCBECBBDBDABBCDBBDADBEADEEEEABEAECAEDEBA;DEADDEADECBBEDCEBCEBABAEBDDDBDADEBCACCEECEDDC;CECABECDDCBABDAACCACCECDCEADAEEEBBEBEAABCBBDA;1;BBCEDBBAEXCCAEDDBCAEDAACAAEDDDEBBECBCEEDCAACD;DADABCDCECEDEBBBEBCDBADACBCADCEBEADBAECAECEDA;AACEADDDACDADECBBDBEEBDDECCBEDDCADBBDEBCEBDCECEDDC;DBCECEACADABBECBEDADCCDCCABBBCECEBCEADABBADDD;1;120;120;120;100;80;540
990322;2024;15106101;1500602;Altamira;15;PA;2;1;1;1500602;Altamira;15;PA;1;1;1;1;1421;1386;1397;1409;379.7;435.9;593.4;414;ABECDBEACCDABEEDBCADADCDEDBCACAEBCCEADEBAADAD;CBDCADEECBBECCCEDBABACDBCBCAEDDACBDABEBCCADBA;DCACDABEDADEEBDCDDBBDACABACAAEDBCADEDDCECBECA;CBABDDECCABEDABEDBCDACEABCBDACDCBDACCEBDEABAE;1;DDBDDEBBAAEDECBCEEDCAACDBBCEDBBAEXCCAEAACCAED;ACBCADCEDBAECEDADBADBEBCDADABCDEABCAEDEBBCECE;AACEADACDDCBEDADEEBDDBDBBCEECBDCBADDDCBDEDDCECBECE;CEBCEADBBCEADDDABBABBCCDCCECEDBACADECABEDADCB;1;120;160;120;120;140;660
806315;2024;15104907;1500602;Altamira;15;PA;2;1;1;1500602;Altamira;15;PA;1;1;1;1;1419;1385;1398;1407;518.3;430.6;470.2;428.5;BEEEBACEACCCDAEEEDEDCAECEDEACECCBABABBDDEBDCD;DEEEDEDEEEDCEEEEEEEEEEEEE**EEEBBBABBBBBACBBB*;CEAACCCBCDAECDABACEAAADEBDADDABBCADDDEABEACCB;ADBDDDBEAECDDCAADCAEADACCBECCEBDADDDDDBAACADB;1;BCEAACDEDCAAEDDDEBBDDBECCAEDBBAAACCAEEXCBBCED;CAEDBADBEBCCEDADBAEACBCADCEDEBBEBACECEABCDDAD;EAAACDDCDADDCBDEECEECBDCDADEEBCBEBADBCEBDBDDDDCECB;ABBABBADDDBBCECEADCEBCCCDBADCBEDAECADACDBCECE;1;80;120;100;100;60;460
1385584;2024;15104907;1500602;Altamira;15;PA;2;1;1;1500602;Altamira;15;PA;1;1;1;1;1420;1383;1395;1408;445.4;416.5;389.1;516.1;BADCCAEDDBCCECBABADBEADBEADBCECDBEAECCBEABDAA;DBAACDBBECADBBCACBADCBD*CDABBAACDCACDABDBBEBE;CBCBEECBEDABDACBDCAACB*AECABEBCEBBAADBABECACE;DEEBCBACCBBDBEABCAECACEDBAECABAABDBECBDADACEC;1;CAEDAACCAEEXCBBAEDBBCAACDEDCBCEECAAEDDDEBBDDB;CECEBEBCDBADDEBBABCDCAECEDADBAEABEADCEDADACBC;CAAAECDDDAECBECEDDCBDEDDCECBDCBCEADBBDBDDCBEDADEEB;CECEBEDADCAADECDBBCEBDCCCACABBABBADDDCEADBBCE;4;0;0;0;0;0;0
4088170;2024;;;;;;;;;1500602;Altamira;15;PA;0;0;0;0;;;;;;;;;;;;;1;;;;;;;;;;;
3113272;2024;;;;;;;;;1500602;Altamira;15;PA;1;1;1;1;1420;1383;1395;1408;424.3;328.7;395.1;376.6;DABBEECEBEACDBADACEDAA*AAEEBCACACDAEDDABCAAD*;BAABABABADCCBEACEABBECDACBEAACDDBAEDDACDADDAE;AACABCCEEADAEAACCECBBAEAAEAEEBEADAEADABBDDAB.;BBEBD**CBDBCBAECBEBAAEDABCE.AAEBABCAEBECA*DDE;1;CAEDAACCAEEXCBBAEDBBCAACDEDCBCEECAAEDDDEBBDDB;CECEBEBCDBADDEBBABCDCAECEDADBAEABEADCEDADACBC;CAAAECDDDAECBECEDDCBDEDDCECBDCBCEADBBDBDDCBEDADEEB;CECEBEDADCAADECDBBCEBDCCCACABBABBADDDCEADBBCE;6;0;0;0;0;0;0
1584074;2024;15107035;1504455;Medicilândia;15;PA;2;1;1;1500602;Altamira;15;PA;1;1;1;1;1421;1386;1397;1409;418.3;462.5;512.1;390.2;DBCCDEECECDEAEDCBBEDEDCCCECAAABBDEAEBACBCBDAB;ACCADDECAEEACCBABBAACBECDABAEBCBACDADAAEBAEAE;CAABDCAEBEDEEBDCBDABDCBCEADCDBBDCABBCDAECBED.;AADADEBDDEBCCABCCBAACDECACBAEBDDCCADEBCBDABDA;0;DDBDDEBBAAEDECBCEEDCAACDBBCEDBBAEXCCAEAACCAED;ACBCADCEDBAECEDADBADBEBCDADABCDEABCAEDEBBCECE;AACEADACDDCBEDADEEBDDBDBBCEECBDCBADDDCBDEDDCECBECE;CEBCEADBBCEADDDABBABBCCDCCECEDBACADECABEDADCB;1;100;40;40;120;40;340
3879129;2024;15105016;1508357;Vitória do Xingu;15;PA;2;1;1;1500602;Altamira;15;PA;0;0;0;0;;;;;;;;;;;;;1;;;;;;;;;;;
3792200;2024;;;;;;;;;1500602;Altamira;15;PA;0;0;0;0;;;;;;;;;;;;;0;;;;;;;;;;;
2732303;2024;;;;;;;;;1500602;Altamira;15;PA;0;0;0;0;;;;;;;;;;;;;0;;;;;;;;;;;
3040637;2024;;;;;;;;;1500602;Altamira;15;PA;1;1;1;1;1419;1385;1398;1407;391.3;398.7;426.5;386.2;AEBBCADCEBEDCEBCDAAAECAAEEAAABCAAEEBECADEACCC;DCAEBBACBAEEBCAABBCDCAEBAAEBEAAEBABCBECBACCBE;DBCCAABCAADDDDDEECEAABDAABBBAEEECDBDCDBCEBBDB;ADADECBECBCDBDAEDEBCAACBDABDDEADEDACADDCCBCDD;1;BCEAACDEDCAAEDDDEBBDDBECCAEDBBAAACCAEEXCBBCED;CAEDBADBEBCCEDADBAEACBCADCEDEBBEBACECEABCDDAD;EAAACDDCDADDCBDEECEECBDCDADEEBCBEBADBCEBDBDDDDCECB;ABBABBADDDBBCECEADCEBCCCDBADCBEDAECADACDBCECE;1;80;100;60;80;0;320
2665331;2024;;;;;;;;;1500602;Altamira;15;PA;1;2;2;1;1422;;;1410;409.4;;;402.8;CDADDBACEDDEEDAACDAACBDACBEABBCDCECDBDEEADEBC;;;AEEDCBECCEDDCADEBDACDEE*ECECEDBADECADDBCCEADE;1;BBCEDBBAEXCCAEDDBCAEDAACAAEDDDEBBECBCEEDCAACD;;;DBCECEACADABBECBEDADCCDCCABBBCECEBCEADABBADDD;;;;;;;
306263;2024;15200205;1500602;Altamira;15;PA;1;1;1;1500602;Altamira;15;PA;1;1;1;1;1420;1383;1395;1408;586.9;610.4;588.2;587;ECCAABCDAEEBDDBDDDBCCBACCBDEBDEEDABEBCECABDCD;CECBBEBCBBADDAEBCACECACCEDAEBEEAEEADECDBDABDE;DDDDAECBECEDDCBDEDBCD.EDCBCAAECBDBEBCCECACDEA;AECDDCCBBCDCCEDBCBCDECBCCEDDCDACCCCBBCBAADBAE;1;CAEDAACCAEEXCBBAEDBBCAACDEDCBCEECAAEDDDEBBDDB;CECEBEBCDBADDEBBABCDCAECEDADBAEABEADCEDADACBC;CAAAECDDDAECBECEDDCBDEDDCECBDCBCEADBBDBDDCBEDADEEB;CECEBEDADCAADECDBBCEBDCCCACABBABBADDDCEADBBCE;1;160;200;180;200;160;900
4053763;2024;;;;;;;;;1500602;Altamira;15;PA;1;1;1;1;1421;1386;1397;1409;558.4;452.2;510.1;469.1;DEBCDEBAAECDBABCAADBACCDAEACCAADEBCEABBDABAED;ADEACDAABEADCDBAADAACCAEDDBBEBBCEECAEDAEEBACB;BACEEECACBDEEADDBDABECCCECDADBBBCEDADAAECBEAE;AEAEBBADCEBACBAAEEDBBEDEBEDBACCBEDDBAABCCCABA;0;DDBDDEBBAAEDECBCEEDCAACDBBCEDBBAEXCCAEAACCAED;ACBCADCEDBAECEDADBADBEBCDADABCDEABCAEDEBBCECE;AACEADACDDCBEDADEEBDDBDBBCEECBDCBADDDCBDEDDCECBECE;CEBCEADBBCEADDDABBABBCCDCCECEDBACADECABEDADCB;1;100;140;120;160;100;620
2964770;2024;;;;;;;;;1500602;Altamira;15;PA;0;0;0;0;;;;;;;;;;;;;0;;;;;;;;;;;
660555;2024;15107035;1504455;Medicilândia;15;PA;2;1;1;1500602;Altamira;15;PA;1;1;1;1;1420;1383;1395;1408;447.3;418.2;523;442.7;DEEDDABEEEABEBABCBCAEBDCDCBBCCDCBCDDECBCCEEDD;ADECCCBEAECABECDAAAEDEBDECACBCBEEDADECBDDBBEA;DCDDBECDECEEDAABEDDCAAEDCBCDDDDBDDDEEDDEACCED;CDAEACDEDBACDBEDEADAAAADECDCCDDDEECEACDACCEAD;1;CAEDAACCAEEXCBBAEDBBCAACDEDCBCEECAAEDDDEBBDDB;CECEBEBCDBADDEBBABCDCAECEDADBAEABEADCEDADACBC;CAAAECDDDAECBECEDDCBDEDDCECBDCBCEADBBDBDDCBEDADEEB;CECEBEDADCAADECDBBCEBDCCCACABBABBADDDCEADBBCE;6;0;0;0;0;0;0
190870;2024;;;;;;;;;1500602;Altamira;15;PA;0;1;1;0;;1384;1396;;;392.8;329.9;;;ABEBDADBEAECCECAECDCBBAEBDBEABADBACEEBDEAEDCA;AAECAADACECEEBECDDCABAEDCEEBEACEAEADAABDDADEA;;0;;DADABCDCECEDEBBBEBCDBADACBCADCEBEADBAECAECEDA;AACEADDDACDADECBBDBEEBDDECCBEDDCADBBDEBCEBDCECEDDC;;1;100;80;80;80;0;340
413136;2024;;;;;;;;;1500602;Altamira;15;PA;1;1;1;1;1421;1386;1397;1409;439.7;386.6;457.8;391.7;DDAEEABDCDAAADCCACDEDAEDACBCDAAAEBDDEBCDABBCA;ECBCDEEBEEADBCEABDCABDBDEADBDCABCDEDCBAADBBDE;DAADCDCDEABCEADEDDABDEBADACEEBEADEEDBAACCBECD;ADCEABCDEEDCBAADBEDBDABDCDCBCDABDDBACBBEDAAAB;0;DDBDDEBBAAEDECBCEEDCAACDBBCEDBBAEXCCAEAACCAED;ACBCADCEDBAECEDADBADBEBCDADABCDEABCAEDEBBCECE;AACEADACDDCBEDADEEBDDBDBBCEECBDCBADDDCBDEDDCECBECE;CEBCEADBBCEADDDABBABBCCDCCECEDBACADECABEDADCB;4;0;0;0;0;0;0
1712793;2024;;;;;;;;;1500602;Altamira;15;PA;1;1;1;1;1419;1385;1398;1407;409.6;521.3;531;394.6;EDBADCCCDBBCDEAEEBCDBACAECABDCECDEEBCDBBADCDB;CBEBADDCCBECEBADBAEACDCADEABDEBDEACBDACEABBDE;CDDDACACADEECAACEACBADCEAEAECCEBCEDDCDABCAECB;DACBCEBCECABDAACDCBEAADBCADEBCBCEADDBEDCADABD;1;BCEAACDEDCAAEDDDEBBDDBECCAEDBBAAACCAEEXCBBCED;CAEDBADBEBCCEDADBAEACBCADCEDEBBEBACECEABCDDAD;EAAACDDCDADDCBDEECEECBDCDADEEBCBEBADBCEBDBDDDDCECB;ABBABBADDDBBCECEADCEBCCCDBADCBEDAECADACDBCECE;1;120;140;120;120;40;540
2532405;2024;;;;;;;;;1500602;Altamira;15;PA;1;1;1;1;1420;1383;1395;1408;422.4;469.1;500.6;378.3;DEACEAEEAEAEDEDEBDBDCCDDEEEAACAAEABEEAABEEDAD;AAEBACDACADDDEDCEBDECBACDBAEDACADBECACBADABDD;CBADCAEBEEEAACBAECBAAADBEBCABCCCDBDDBBEBACDEB;DACDEDEDABBDCBDAADABADDDDEDECCBBEEEEAAEBDDDAC;1;CAEDAACCAEEXCBBAEDBBCAACDEDCBCEECAAEDDDEBBDDB;CECEBEBCDBADDEBBABCDCAECEDADBAEABEADCEDADACBC;CAAAECDDDAECBECEDDCBDEDDCECBDCBCEADBBDBDDCBEDADEEB;CECEBEDADCAADECDBBCEBDCCCACABBABBADDDCEADBBCE;1;80;120;80;80;80;440
1612513;2024;;;;;;;;;1500602;Altamira;15;PA;1;1;1;1;1421;1386;1397;1409;578.9;562.7;581.8;692;BACDACBBABBCACBABCBBDCCBBBADBBBAEBBEAEAACEEEC;ABBCADEDBEAECCDADBBDADAEAADCBCDEDECADDDBAABCB;BACEAACECADEEBDEBDBBCEDCAADDAEBBCBDEDDAECBECA;CDBBBADADDBBCBDABBBCBCCDCEECADBABBCCBAAAEABDC;0;DDBDDEBBAAEDECBCEEDCAACDBBCEDBBAEXCCAEAACCAED;ACBCADCEDBAECEDADBADBEBCDADABCDEABCAEDEBBCECE;AACEADACDDCBEDADEEBDDBDBBCEECBDCBADDDCBDEDDCECBECE;CEBCEADBBCEADDDABBABBCCDCCECEDBACADECABEDADCB;1;160;200;180;180;180;900
2089092;2024;;;;;;;;;1500602;Altamira;15;PA;1;1;1;1;1420;1383;1395;1408;569.4;293.6;505.1;436.7;ECEDDEDCAEEBDCADCEBCCADECEDEEDBACCCBEDDDBBDDB;AABCDBBEEDBCCBDAEAAADECBBABAAEDBAABACBEADBDEE;CCADDBCBECEAEABCDDDCECDBEBDEBECCDDEDDDEEABEDB;DEECBAEDABECDAADBEBCCACEBCEECCCDDDCABCEDCDCBC;0;CAEDAACCAEEXCBBAEDBBCAACDEDCBCEECAAEDDDEBBDDB;CECEBEBCDBADDEBBABCDCAECEDADBAEABEADCEDADACBC;CAAAECDDDAECBECEDDCBDEDDCECBDCBCEADBBDBDDCBEDADEEB;CECEBEDADCAADECDBBCEBDCCCACABBABBADDDCEADBBCE;1;80;100;80;100;80;440
210977;2024;15106250;1501725;Brasil Novo;15;PA;2;1;1;1500602;Altamira;15;PA;1;1;1;1;1422;1384;1396;1410;480;526.7;524.4;541.2;DCAABBAEDECBDEDAAECADACDCDECBBEEBACAAEDCBACEB;DADBEADAECBDEEDCBBBADCDEDCAADBEBEAEDBADBECBEA;DCDBCBADECBCDBCEBDAAACDBCCAEADBCEBCAECDECECBB;BCCEBCABAEBCACDDABEACBDDADBCBEDAEBEDBCABECAEB;1;BBCEDBBAEXCCAEDDBCAEDAACAAEDDDEBBECBCEEDCAACD;DADABCDCECEDEBBBEBCDBADACBCADCEBEADBAECAECEDA;AACEADDDACDADECBBDBEEBDDECCBEDDCADBBDEBCEBDCECEDDC;DBCECEACADABBECBEDADCCDCCABBBCECEBCEADABBADDD;1;120;160;120;160;100;660
2545825;2024;;;;;;;;;1500602;Altamira;15;PA;1;1;1;1;1422;1384;1396;1410;390.9;387.9;353.9;424.2;BCECCAA*AEEAADDADDDBCAAEBDAEDDDEACEDCACAADDBC;EAABABEDBECEDABEECBEABBCADACDEDDAAEACA*ABCAAD;DACECBEADAEBBAAECCCADABADAAAAEBDAADECEBAEDEDB;CAECBAEBCEDEADBEACABABCAEDBDAEDCAEBDACEBCBECC;0;BBCEDBBAEXCCAEDDBCAEDAACAAEDDDEBBECBCEEDCAACD;DADABCDCECEDEBBBEBCDBADACBCADCEBEADBAECAECEDA;AACEADDDACDADECBBDBEEBDDECCBEDDCADBBDEBCEBDCECEDDC;DBCECEACADABBECBEDADCCDCCABBBCECEBCEADABBADDD;1;100;140;60;80;60;440
663582;2024;15582728;1500859;Anapu;15;PA;2;1;1;1500602;Altamira;15;PA;0;1;1;0;;1384;1396;;;350.1;541.4;;;EBCDCAECCBECBAADCEBDECAADBEDACACEEEBDEBDADEAA;ABDCEEBDECBEDDCEBDDADACEDDAABDBDEBD.EACECEABC;;0;;DADABCDCECEDEBBBEBCDBADACBCADCEBEADBAECAECEDA;AACEADDDACDADECBBDBEEBDDECCBEDDCADBBDEBCEBDCECEDDC;;1;80;80;60;60;0;280
3145568;2024;;;;;;;;;1500602;Altamira;15;PA;1;1;1;1;1421;1386;1397;1409;568.5;491.2;430.4;418;CDBECCEBCABCCBCBBEDEADCCDDCDDDBBEBCCADADDEEEA;ABDEDDAECEDDCDBBCEBDBAAEBBDEDBCCABAAEDAAEDECA;ABBAEAABDAEDEADEBEAADACAEAEACAACCEBEAAAACDEDA;AEACCEDABABDAEDEBADDCADABAACEBCEDBCCABADECAAC;1;DDBDDEBBAAEDECBCEEDCAACDBBCEDBBAEXCCAEAACCAED;ACBCADCEDBAECEDADBADBEBCDADABCDEABCAEDEBBCECE;AACEADACDDCBEDADEEBDDBDBBCEECBDCBADDDCBDEDDCECBECE;CEBCEADBBCEADDDABBABBCCDCCECEDBACADECABEDADCB;1;120;120;100;120;0;460
276549;2024;;;;;;;;;1500602;Altamira;15;PA;1;1;1;1;1420;1383;1395;1408;533.5;616.6;586.7;768.8;EDEADEDACEEBCBDBCCABECDEBDDCBACEECAEBEDDEDDCB;ABCABCBEDBDDDEBBBBCDCABCEDDCDBEAEEADBEDADACDC;CAABDECBECCDDEBDEDAEBBCDCBDEEDDBDBDACBABADEEB;CEEBBEEACDABDEDDBBCEBDCCCADBBBABEACDDBBADBBCD;0;CAEDAACCAEEXCBBAEDBBCAACDEDCBCEECAAEDDDEBBDDB;CECEBEBCDBADDEBBABCDCAECEDADBAEABEADCEDADACBC;CAAAECDDDAECBECEDDCBDEDDCECBDCBCEADBBDBDDCBEDADEEB;CECEBEDADCAADECDBBCEBDCCCACABBABBADDDCEADBBCE;1;160;180;180;200;200;920
1739496;2024;;;;;;;;;1500602;Altamira;15;PA;1;1;1;1;1422;1384;1396;1410;491.3;560.2;566.4;381.5;BDCACBABECBEEBAABBBECEEACDCBBDDEBCCADDDCCCACD;BEEABCDEEABDAEBBCBEEDCDADBEADEEEBABEEEBAECEEA;DDAECCADECBBDDDEBDAAAABEDACBBDBDEDCCBAEECCBDC;BCDCCCAEBEBBABDECABBDDEACBDDACEBCDCADECDCBDEB;1;BBCEDBBAEXCCAEDDBCAEDAACAAEDDDEBBECBCEEDCAACD;DADABCDCECEDEBBBEBCDBADACBCADCEBEADBAECAECEDA;AACEADDDACDADECBBDBEEBDDECCBEDDCADBBDEBCEBDCECEDDC;DBCECEACADABBECBEDADCCDCCABBBCECEBCEADABBADDD;1;120;120;120;120;120;600
1339650;2024;;;;;;;;;1500602;Altamira;15;PA;1;1;1;1;1419;1385;1398;1407;503.6;318.8;512.8;570.1;CDBAEADBDAAEEBABCDDDBAEACAEBCE*EABCACEABDDCAB;CACEDDBCABADBCEBECBEDEBACBAEBCAEEBDABDCAECDEC;BDCDBCDCCAEECBBDDACBEDDECBCECDBBCDBDAEACDADCD;DABACEDBDBBCECBAAACEECBACDCADACDAEADDEBCABDBC;1;BCEAACDEDCAAEDDDEBBDDBECCAEDBBAAACCAEEXCBBCED;CAEDBADBEBCCEDADBAEACBCADCEDEBBEBACECEABCDDAD;EAAACDDCDADDCBDEECEECBDCDADEEBCBEBADBCEBDBDDDDCECB;ABBABBADDDBBCECEADCEBCCCDBADCBEDAECADACDBCECE;1;140;140;120;120;20;540
3140894;2024;;;;;;;;;1500602;Altamira;15;PA;0;0;0;0;;;;;;;;;;;;;1;;;;;;;;;;;
203064;2024;;;;;;;;;1500602;Altamira;15;PA;1;1;1;1;1419;1385;1398;1407;495.6;366.1;481.6;423.1;BADADECCBDCAEAACEDBCCBAAEDEBCABAABEDECABDAEDC;ABBDCABEDCEADBBCEBBDCAEBDCA.EDBADCEBADCBEAADD;EEDDBBDCECEEADAECEEBACEEBADBCEBCBACDADEBCADCB;DEDBACBEADCBEBBCBAEEDBCADBECCAAEECBDACBEDACDB;1;BCEAACDEDCAAEDDDEBBDDBECCAEDBBAAACCAEEXCBBCED;CAEDBADBEBCCEDADBAEACBCADCEDEBBEBACECEABCDDAD;EAAACDDCDADDCBDEECEECBDCDADEEBCBEBADBCEBDBDDDDCECB;ABBABBADDDBBCECEADCEBCCCDBADCBEDAECADACDBCECE;8;0;0;0;0;0;0
2985298;2024;;;;;;;;;1500602;Altamira;15;PA;0;0;0;0;;;;;;;;;;;;;1;;;;;;;;;;;
1214567;2024;15105016;1508357;Vitória do Xingu;15;PA;2;1;1;1500602;Altamira;15;PA;1;1;1;1;1420;1383;1395;1408;486.1;538.6;506.2;451.4;EDADCCDECCABBDBEDEDBCBDDCDBDBEEBBBCDDADDEDDAB;AECACCBDDCBDCEBEEACDABECECEDEAEABEDDBBDDBBDDE;ACAEAECCEAABEBAEECCCEDDDBBDDDEBADADBEBEEADDEB;DACBDDDCBDDEDBCEABBECACEDEDDCCECBCCDB*CEDCBAA;0;CAEDAACCAEEXCBBAEDBBCAACDEDCBCEECAAEDDDEBBDDB;CECEBEBCDBADDEBBABCDCAECEDADBAEABEADCEDADACBC;CAAAECDDDAECBECEDDCBDEDDCECBDCBCEADBBDBDDCBEDADEEB;CECEBEDADCAADECDBBCEBDCCCACABBABBADDDCEADBBCE;1;120;120;80;160;120;600
646507;2024;;;;;;;;;1500602;Altamira;15;PA;0;0;0;0;;;;;;;;;;;;;0;;;;;;;;;;;
2497645;2024;;;;;;;;;1500602;Altamira;15;PA;1;1;1;1;1421;1386;1397;1409;530.6;533.4;516.3;511.2;ACBDDABBABAEBDDDBCBCAEDDCBCDBDAAEBBAAAAECEBEA;AABCCDCCEEACCEBDBBADCEAEDBDEBACDABBBEDEBDEBCA;ADCCDCBEDDBCEADBEDDDCCAABAECBDDDCBDEDCDDBAECD;CDACDCACDCABCBDABCBCBCACBDCCCBCEDBDDECBCCBDED;0;DDBDDEBBAAEDECBCEEDCAACDBBCEDBBAEXCCAEAACCAED;ACBCADCEDBAECEDADBADBEBCDADABCDEABCAEDEBBCECE;AACEADACDDCBEDADEEBDDBDBBCEECBDCBADDDCBDEDDCECBECE;CEBCEADBBCEADDDABBABBCCDCCECEDBACADECABEDADCB;1;140;160;120;120;100;640
13561;2024;15106250;1501725;Brasil Novo;15;PA;2;1;1;1500602;Altamira;15;PA;1;1;1;1;1420;1383;1395;1408;483.7;605.4;503.8;570.8;EDABCECEEEAABACEBDDBAAADCDDDBCEEADBCDEBECCEAA;CECABEAEDDADDEABABDDBAECEDABBAEAEBADEEDBDEDBE;CAACAECDECADEABAEEBAEBDDEBDDBACCDEDDCCBCADCDA;CECBCCCDACABCBCBCECEBBBBDBDDCDABEBDEDAEEACCED;1;CAEDAACCAEEXCBBAEDBBCAACDEDCBCEECAAEDDDEBBDDB;CECEBEBCDBADDEBBABCDCAECEDADBAEABEADCEDADACBC;CAAAECDDDAECBECEDDCBDEDDCECBDCBCEADBBDBDDCBEDADEEB;CECEBEDADCAADECDBBCEBDCCCACABBABBADDDCEADBBCE;1;120;180;140;160;180;780
1907115;2024;15104907;1500602;Altamira;15;PA;2;1;1;1500602;Altamira;15;PA;1;1;1;1;1419;1385;1398;1407;425.1;366.9;436.1;464.7;ADCBDECCADBECEBDEAACDCBBEAEADBCDABDDAAAECABEC;CAEBDCAEEDABECCBBBDAECDDBCEADDADBCCEABECBAAAD;CAACECDCBBAEABADCACBAECEDCDEACDEBBCADCCADBABA;DBBEBAECDCEBACBAEBCBDDEBACDCEDACBEBACEBDBCDDA;0;BCEAACDEDCAAEDDDEBBDDBECCAEDBBAAACCAEEXCBBCED;CAEDBADBEBCCEDADBAEACBCADCEDEBBEBACECEABCDDAD;EAAACDDCDADDCBDEECEECBDCDADEEBCBEBADBCEBDBDDDDCECB;ABBABBADDDBBCECEADCEBCCCDBADCBEDAECADACDBCECE;1;120;160;120;140;80;620
16668;2024;15200205;1500602;Altamira;15;PA;1;1;1;1500602;Altamira;15;PA;1;1;1;1;1419;1385;1398;1407;456.7;451.5;464.5;458.7;BDDEDBADEBCCBBEAEABCCABCEAABEDDEECBAEBCDBBEDB;CBBACBAAEACCECADEBDEDAABDACDEECDACBABADBAEACD;BACDADABEBEEEDDADAEADCCEABBADBCBDACDDDDBEBBCA;BAEDDADCDDCDECDCECCDCBCBACBECBBCDECDEAECBDABC;1;BCEAACDEDCAAEDDDEBBDDBECCAEDBBAAACCAEEXCBBCED;CAEDBADBEBCCEDADBAEACBCADCEDEBBEBACECEABCDDAD;EAAACDDCDADDCBDEECEECBDCDADEEBCBEBADBCEBDBDDDDCECB;ABBABBADDDBBCECEADCEBCCCDBADCBEDAECADACDBCECE;1;140;180;140;140;160;760
1941403;2024;;;;;;;;;1500602;Altamira;15;PA;1;1;1;1;1422;1384;1396;1410;521.2;617.3;590.1;666.5;DCBCBBDABCDEDEDCBECEDCACABDBEADEACADDBDDADECD;DBDCBCDCECBDEBBBEAEBECDECBEADEEAEAEEEEDAECEDA;AACCADADECCEEDEEBCEBDCBEDDAADCADEBCEBBEECACDA;BABECBADEABCBCBAEEBBECCCEADCDBBCDBCAADACBBEDD;0;BBCEDBBAEXCCAEDDBCAEDAACAAEDDDEBBECBCEEDCAACD;DADABCDCECEDEBBBEBCDBADACBCADCEBEADBAECAECEDA;AACEADDDACDADECBBDBEEBDDECCBEDDCADBBDEBCEBDCECEDDC;DBCECEACADABBECBEDADCCDCCABBBCECEBCEADABBADDD;1;160;200;160;200;180;900
3141811;2024;;;;;;;;;1500602;Altamira;15;PA;1;1;1;1;1421;1386;1397;1409;486.4;509.7;525.1;414;DBACEEADCCDEBAAEBEAADDEACCDBCEBBEABCEEBCCEDEB;ACCCADEDDAAEDEDAEDDBBEACBBDCEBDBDEABEAAADDDAA;DDBCDADCBBDDEBDDBDBBBDADDACDBBCDCBDEADEECBEDC;AAEDEABADDDBCBBBEE*EDCCAADDDCCDEDDCBCBCCDDEDE;1;DDBDDEBBAAEDECBCEEDCAACDBBCEDBBAEXCCAEAACCAED;ACBCADCEDBAECEDADBADBEBCDADABCDEABCAEDEBBCECE;AACEADACDDCBEDADEEBDDBDBBCEECBDCBADDDCBDEDDCECBECE;CEBCEADBBCEADDDABBABBCCDCCECEDBACADECABEDADCB;1;80;120;40;60;80;380
3138192;2024;;;;;;;;;1500602;Altamira;15;PA;1;1;1;1;1422;1384;1396;1410;387.7;342.5;320.2;427.5;DDAECAADEABBADCEADEACDDDCBADCBBDAEBABBDEADBEA;DAECAECBBACABEECAADEDEDDDAEDBCADADCEBEADABCEA;BDBDACAAEEDACAEACAEEACDAEBE.CACEDAEABBEDADADA;CDDACCDBAEAEBEBACEB*ACADEBDEABCADAEBDCAADDBEC;1;BBCEDBBAEXCCAEDDBCAEDAACAAEDDDEBBECBCEEDCAACD;DADABCDCECEDEBBBEBCDBADACBCADCEBEADBAECAECEDA;AACEADDDACDADECBBDBEEBDDECCBEDDCADBBDEBCEBDCECEDDC;DBCECEACADABBECBEDADCCDCCABBBCECEBCEADABBADDD;4;0;0;0;0;0;0
2298684;2024;;;;;;;;;1500602;Altamira;15;PA;1;1;1;1;1419;1385;1398;1407;453.3;382.4;348.8;500;CDEBBDADCDBEBCEDBCBABDDABCEADADACACDAECBCDADA;ADDADCAAAADEECABEEEEEDAACAEEADDECDCDACAADAEAD;EBEACBBCDACBEECDBDDABBCAABEAEEAAACCCDEACBEBCD;ABAAABBBBCBABBABAB*BDBACADDCCBAAABABAAABAEDAB;1;BCEAACDEDCAAEDDDEBBDDBECCAEDBBAAACCAEEXCBBCED;CAEDBADBEBCCEDADBAEACBCADCEDEBBEBACECEABCDDAD;EAAACDDCDADDCBDEECEECBDCDADEEBCBEBADBCEBDBDDDDCECB;ABBABBADDDBBCECEADCEBCCCDBADCBEDAECADACDBCECE;1;80;120;80;100;0;380
2544396;2024;15106250;1501725;Brasil Novo;15;PA;2;1;1;1500602;Altamira;15;PA;1;1;1;1;1421;1386;1397;1409;390.4;321.9;446.1;428.6;DACEECDBBCDBCAACACAABEDBCBCCECACDECCDBCADDAAC;BCDECCBACEBADBCCCAADCDACACBDBBBDEABAEBABEDAAA;DCCBDDCBDBDCCADADDDBECACBCECEACBDDBBBDABADECC;BDECDCDDACDBDDDCEBBCCCBDADAEBDBDDDBCCEBDECACC;1;DDBDDEBBAAEDECBCEEDCAACDBBCEDBBAEXCCAEAACCAED;ACBCADCEDBAECEDADBADBEBCDADABCDEABCAEDEBBCECE;AACEADACDDCBEDADEEBDDBDBBCEECBDCBADDDCBDEDDCECBECE;CEBCEADBBCEADDDABBABBCCDCCECEDBACADECABEDADCB;1;80;120;100;100;120;520
3871908;2024;15107035;1504455;Medicilândia;15;PA;2;1;1;1500602;Altamira;15;PA;0;0;0;0;;;;;;;;;;;;;1;;;;;;;;;;;
3467101;2024;;;;;;;;;1500602;Altamira;15;PA;1;1;1;1;1420;1383;1395;1408;371;468.5;501.7;423;BAABAEDEACABDEDBDCCADEBEACBEEEAACECBEEDCADCBC;BEEBBEBCEDABDCBACEBDAACEDBCACEAAAEADACACBABEA;CBEDCEDBECACAEECEDDCAAAEABCEEADCDEDACDDECBBEB;CDBCACCCBEBECDADBDAEBADBDBDDAEDCBCECDAAEBEBDA;1;CAEDAACCAEEXCBBAEDBBCAACDEDCBCEECAAEDDDEBBDDB;CECEBEBCDBADDEBBABCDCAECEDADBAEABEADCEDADACBC;CAAAECDDDAECBECEDDCBDEDDCECBDCBCEADBBDBDDCBEDADEEB;CECEBEDADCAADECDBBCEBDCCCACABBABBADDDCEADBBCE;1;120;120;120;120;100;580
919013;2024;;;;;;;;;1500602;Altamira;15;PA;0;0;0;0;;;;;;;;;;;;;1;;;;;;;;;;;
3352656;2024;15177858;1500602;Altamira;15;PA;2;2;1;1500602;Altamira;15;PA;1;1;1;1;1419;1385;1398;1407;517.3;449.4;526.1;575.5;BAEDAECCBCCDCDEDBBCDECEBEAEBDDCADEEAEBBDCDCAE;AEBCDCCBDCBCDCACBBAACDBAEEDDEABEAACBEBBDEBACB;CDADABDCADBECEDCBCEBBAEEADDEDCBECACDBDADEAECB;DBBACBEDEBEDDCDBEDBABBCDDCBACECDAECDBADABDADC;1;BCEAACDEDCAAEDDDEBBDDBECCAEDBBAAACCAEEXCBBCED;CAEDBADBEBCCEDADBAEACBCADCEDEBBEBACECEABCDDAD;EAAACDDCDADDCBDEECEECBDCDADEEBCBEBADBCEBDBDDDDCECB;ABBABBADDDBBCECEADCEBCCCDBADCBEDAECADACDBCECE;1;100;120;120;120;140;600
274900;2024;;;;;;;;;1500602;Altamira;15;PA;1;1;1;1;1421;1386;1397;1409;453;531.4;537.7;465.1;EACAEECACABECABDDCDDABDBDCABEADAABBADECACDEAB;DCDBADDECEADCCDAECDDABBCADDAECCDAACBBDEEDAECA;ACCDDEACAADEDBDCEDDBDEECDACDACEBCECEDDAECBECD;AEAECBDEBDEACDCDCABAEDDEACADBDEEDACBCAEADAEDE;1;DDBDDEBBAAEDECBCEEDCAACDBBCEDBBAEXCCAEAACCAED;ACBCADCEDBAECEDADBADBEBCDADABCDEABCAEDEBBCECE;AACEADACDDCBEDADEEBDDBDBBCEECBDCBADDDCBDEDDCECBECE;CEBCEADBBCEADDDABBABBCCDCCECEDBACADECABEDADCB;1;80;140;120;80;100;520
980540;2024;15104907;1500602;Altamira;15;PA;2;1;1;1500602;Altamira;15;PA;1;1;1;1;1419;1385;1398;1407;446.8;499.5;561.9;549.9;ECEDDABCBDCBCDDEEDADBAECEEADEDBEECEEBDCEDDBCB;AEBADBDADBCCEBABEEEADECADEADDAEBCABDBBAEBBBCD;BCAADBDCBDEECEDCBAECADEEDCBBBCABCEBDADADDAECE;CCCABEBCDDCDEDCBDEAABCABBEBDDCCDAACDCDBEDCCDC;0;BCEAACDEDCAAEDDDEBBDDBECCAEDBBAAACCAEEXCBBCED;CAEDBADBEBCCEDADBAEACBCADCEDEBBEBACECEABCDDAD;EAAACDDCDADDCBDEECEECBDCDADEEBCBEBADBCEBDBDDDDCECB;ABBABBADDDBBCECEADCEBCCCDBADCBEDAECADACDBCECE;1;160;200;180;180;200;920
1677581;2024;15104907;1500602;Altamira;15;PA;2;1;1;1500602;Altamira;15;PA;0;2;2;0;;;;;;;;;;;;;1;;;;;;;;;;;
1662398;2024;;;;;;;;;1500602;Altamira;15;PA;1;1;1;1;1420;1383;1395;1408;505.8;350.9;345.5;421.9;EAADEEEBADEDDBBAADDDCCCBBBCCBBDDBBDDDEBAAADDD;CCCCAAACCCAEEEEAAABBCCDDEEDCBDBBCCBAABAABEEEE;EEEAADAAACCABBBDDBBBBBBEEAAACCBBBBCDBCCCEAAAA;BBCCDDAAEEAABBBAAADDDBBCCCAAAABBAACCEEDDCCEEE;0;CAEDAACCAEEXCBBAEDBBCAACDEDCBCEECAAEDDDEBBDDB;CECEBEBCDBADDEBBABCDCAECEDADBAEABEADCEDADACBC;CAAAECDDDAECBECEDDCBDEDDCECBDCBCEADBBDBDDCBEDADEEB;CECEBEDADCAADECDBBCEBDCCCACABBABBADDDCEADBBCE;1;120;120;120;120;0;480
3137609;2024;15106250;1501725;Brasil Novo;15;PA;2;1;1;1500602;Altamira;15;PA;1;1;1;1;1421;1386;1397;1409;419.8;409.1;377.3;413.7;DEBCEDDBCABDABEECBDDCEAADBBCDACDBEADBCEADBEAC;BBEABDABEDADCBEEBBDCDAEDCABCDACBDAEBCDABDCEAA;BDCBADBCCEBCADBDEBBDADDCAEBCACBDCEADCEBACAADB;ADAAAECCDEDBDDADEECCABDABEDACBDBBADEBCCDBAACE;1;DDBDDEBBAAEDECBCEEDCAACDBBCEDBBAEXCCAEAACCAED;ACBCADCEDBAECEDADBADBEBCDADABCDEABCAEDEBBCECE;AACEADACDDCBEDADEEBDDBDBBCEECBDCBADDDCBDEDDCECBECE;CEBCEADBBCEADDDABBABBCCDCCECEDBACADECABEDADCB;1;80;120;80;80;100;460
2660854;2024;;;;;;;;;1500602;Altamira;15;PA;1;1;1;1;1421;1386;1397;1409;536.3;614.3;665.3;541.1;DDCEDEDAACBEACEDBEDCAEECDCAECBDADBBECCADEECED;ADCAADEECBAECEDAC.BBBEBCDACCBCDEAEDAEBEBBCECB;DACDDCBEDADEEBDBBDBBCEECBDEDAACDCBDEDDCECBECE;ADABBAEEBEEBBDAACDBCAECBBBCAEBCACDCCAEABEBABD;1;DDBDDEBBAAEDECBCEEDCAACDBBCEDBBAEXCCAEAACCAED;ACBCADCEDBAECEDADBADBEBCDADABCDEABCAEDEBBCECE;AACEADACDDCBEDADEEBDDBDBBCEECBDCBADDDCBDEDDCECBECE;CEBCEADBBCEADDDABBABBCCDCCECEDBACADECABEDADCB;1;140;140;120;160;140;700
3859606;2024;15105016;1508357;Vitória do Xingu;15;PA;2;1;1;1500602;Altamira;15;PA;1;1;1;1;1421;1386;1397;1409;444.7;545.5;557.3;401.5;DADBCBCCDCCEADAEEEADDCBEDCBACADABBEEAEDDBEDEE;ACBCADDEEBEDCACACCBDBEBDBAEABECEAECEBEEEBDEAB;AAABEBBEDAAEEBDAEDBBDDEBACCAAEBDCEDEDCCECBEDC;BECBEEDDACEBBCDBEBBCCAEDCDACCEDADCBADECDEDCCE;1;DDBDDEBBAAEDECBCEEDCAACDBBCEDBBAEXCCAEAACCAED;ACBCADCEDBAECEDADBADBEBCDADABCDEABCAEDEBBCECE;AACEADACDDCBEDADEEBDDBDBBCEECBDCBADDDCBDEDDCECBECE;CEBCEADBBCEADDDABBABBCCDCCECEDBACADECABEDADCB;1;120;180;120;120;140;680
722830;2024;15169138;1500602;Altamira;15;PA;2;1;1;1500602;Altamira;15;PA;1;1;1;1;1419;1385;1398;1407;410.3;437;476;436.1;ACAAEEACDAEEAEEDABCEAEEAECCBDDDAAAEACDDAAAAAA;ACBEBCBBCCBEDEEABAAACAAAEAEDCAECAAAADACACDAAC;BEABDCEDBDEEDDDEEACDDEADCADABBABBBCDADDADBBCB;ECDCBDEBCAABCBCBBCACDBCDBCBDCAACBDCDCBEEBCBAE;0;BCEAACDEDCAAEDDDEBBDDBECCAEDBBAAACCAEEXCBBCED;CAEDBADBEBCCEDADBAEACBCADCEDEBBEBACECEABCDDAD;EAAACDDCDADDCBDEECEECBDCDADEEBCBEBADBCEBDBDDDDCECB;ABBABBADDDBBCECEADCEBCCCDBADCBEDAECADACDBCECE;1;80;120;80;120;40;440
976460;2024;15109194;1507805;Senador José Porfírio;15;PA;2;1;1;1500602;Altamira;15;PA;1;1;1;1;1420;1383;1395;1408;471.6;428.3;490;414.3;DACBCAEEEEDBCCEADCA*AADCEADADBECBABCCECDBDDCC;ACEBECBBDBEACDEDBECADBABEAABEECACBAEDCBAAABDB;ADABEECCEDBDCBBDDBBCEBBCCBDDDDDBDCEDEBCCBDEBA;DDABEBDBCDCADECBEAADCCBBAEBBCEDEABCDEACEDDABC;1;CAEDAACCAEEXCBBAEDBBCAACDEDCBCEECAAEDDDEBBDDB;CECEBEBCDBADDEBBABCDCAECEDADBAEABEADCEDADACBC;CAAAECDDDAECBECEDDCBDEDDCECBDCBCEADBBDBDDCBEDADEEB;CECEBEDADCAADECDBBCEBDCCCACABBABBADDDCEADBBCE;1;140;120;120;140;100;620
2395411;2024;;;;;;;;;1500602;Altamira;15;PA;1;1;1;1;1420;1383;1395;1408;397.8;387.8;470.6;495.7;ABDAAADEACBCDEACEDACBACEDECDDBACABCEAEECDBCDD;DEAABDCBCECDADEABACEDBDACEDCBDEADDBDCDDAECBDE;ABDACECEECBDDBADAEDCDBDEBACEBAADDCEADCBBECADB;DEBBDCEBABDBBADCCADBEADEBEDCAAACDBCEABAEDCBCE;1;CAEDAACCAEEXCBBAEDBBCAACDEDCBCEECAAEDDDEBBDDB;CECEBEBCDBADDEBBABCDCAECEDADBAEABEADCEDADACBC;CAAAECDDDAECBECEDDCBDEDDCECBDCBCEADBBDBDDCBEDADEEB;CECEBEDADCAADECDBBCEBDCCCACABBABBADDDCEADBBCE;1;100;120;120;100;100;540
316547;2024;15169138;1500602;Altamira;15;PA;2;1;1;1500602;Altamira;15;PA;1;1;1;1;1421;1386;1397;1409;435.9;533.1;539;449.5;DCCAEEECACDDBCDDACEDABBEDCEBBBABEBDEAECABBAAB;ABCEADEBDEBECCDAEBBACECCAADBBADBAACABBEABBEDB;AAADCAAEEDAEEBDEBEBBDCDBCDCBACDDCADEDDCBCBEDE;CBCCADBCADBEACAACBEAEDACEDACEBEEDDBCBCACCBCAA;0;DDBDDEBBAAEDECBCEEDCAACDBBCEDBBAEXCCAEAACCAED;ACBCADCEDBAECEDADBADBEBCDADABCDEABCAEDEBBCECE;AACEADACDDCBEDADEEBDDBDBBCEECBDCBADDDCBDEDDCECBECE;CEBCEADBBCEADDDABBABBCCDCCECEDBACADECABEDADCB;1;160;200;160;200;200;920
1817946;2024;;;;;;;;;1500602;Altamira;15;PA;0;0;0;0;;;;;;;;;;;;;1;;;;;;;;;;;
1764240;2024;;;;;;;;;1500602;Altamira;15;PA;0;0;0;0;;;;;;;;;;;;;1;;;;;;;;;;;
1040803;2024;;;;;;;;;1500602;Altamira;15;PA;0;0;0;0;;;;;;;;;;;;;1;;;;;;;;;;;
50771;2024;;;;;;;;;1500602;Altamira;15;PA;0;0;0;0;;;;;;;;;;;;;1;;;;;;;;;;;
6895;2024;;;;;;;;;1500602;Altamira;15;PA;1;1;1;1;1422;1384;1396;1410;515.6;530.8;543.2;483.7;BECDACDADBCBEECEAECEDAADEBAEDDEDAABBBDEBDABAD;CCDABCDEECDCCDEABEAEADDADECDDBCEEADEAECACEACA;DDABACAAECBBDAEEBCAABEBEBEDBDEBDEBABDCBECECBC;CACEABECBCDCCDEDACBDCBBDDBEDADCDBEDABEABDBDAC;1;BBCEDBBAEXCCAEDDBCAEDAACAAEDDDEBBECBCEEDCAACD;DADABCDCECEDEBBBEBCDBADACBCADCEBEADBAECAECEDA;AACEADDDACDADECBBDBEEBDDECCBEDDCADBBDEBCEBDCECEDDC;DBCECEACADABBECBEDADCCDCCABBBCECEBCEADABBADDD;1;140;200;160;180;200;880
2916314;2024;15104907;1500602;Altamira;15;PA;2;1;1;1500602;Altamira;15;PA;1;1;1;1;1420;1383;1395;1408;354.1;435.2;529.6;407;BAAABBCEADDBDCAEECBCADDBCCABACDACBEDEACBBEACC;CACBDACAAECADADDCEBEBABABDACDBCAADADCCADEAEBB;DAADDBCBECECCCBEEEDCABCAEBDECDADDADBCBEDBDBEB;CBBACABDBECACECABBAACDBCDADBACCBDEBEDDCCABACC;0;CAEDAACCAEEXCBBAEDBBCAACDEDCBCEECAAEDDDEBBDDB;CECEBEBCDBADDEBBABCDCAECEDADBAEABEADCEDADACBC;CAAAECDDDAECBECEDDCBDEDDCECBDCBCEADBBDBDDCBEDADEEB;CECEBEDADCAADECDBBCEBDCCCACABBABBADDDCEADBBCE;1;120;140;100;140;0;500
1307119;2024;;;;;;;;;1500602;Altamira;15;PA;0;0;0;0;;;;;;;;;;;;;1;;;;;;;;;;;
909962;2024;;;;;;;;;1500602;Altamira;15;PA;0;0;0;0;;;;;;;;;;;;;0;;;;;;;;;;;
1844558;2024;;;;;;;;;1500602;Altamira;15;PA;1;1;1;1;1422;1384;1396;1410;443.4;453.7;503.7;413;CBABECADDEBBABDBAEACDCCBCBEBABCBDBABDBCAABDAD;DADCECBAEBEBABABEDAEEBAEBDEBBAEABACEDEBBEABCA;ABDDBBAABCBBEBEEBDDADCAEDDCBBEBBDADAEBDEEBCAD;CBDCDADDAEAEDEBDCDABCECABCDBDEAEEACDEBBCECEDB;0;BBCEDBBAEXCCAEDDBCAEDAACAAEDDDEBBECBCEEDCAACD;DADABCDCECEDEBBBEBCDBADACBCADCEBEADBAECAECEDA;AACEADDDACDADECBBDBEEBDDECCBEDDCADBBDEBCEBDCECEDDC;DBCECEACADABBECBEDADCCDCCABBBCECEBCEADABBADDD;1;120;180;120;120;160;700
4272309;2024;;;;;;;;;1500602;Altamira;15;PA;1;1;1;1;1421;1386;1397;1409;367.8;427.1;415.6;544.8;EDEEABDABBDCBCACDDEDDADBDCEBBBBBCCDADDBEBBBDA;DECBBCBACECADEAAACDDDCBEDADADBEBCEAADBEDBDDDD;DCECDBCDDCDDEBDBAEDDBACAAEDCBCAEC.BDBABEAEDDD;ECBBAEDDEDCEDD.ACBEBAACDABDDCCCABDDDEBCCADEAD;1;DDBDDEBBAAEDECBCEEDCAACDBBCEDBBAEXCCAEAACCAED;ACBCADCEDBAECEDADBADBEBCDADABCDEABCAEDEBBCECE;AACEADACDDCBEDADEEBDDBDBBCEECBDCBADDDCBDEDDCECBECE;CEBCEADBBCEADDDABBABBCCDCCECEDBACADECABEDADCB;1;80;100;60;80;0;320
2018927;2024;15104907;1500602;Altamira;15;PA;2;1;1;1500602;Altamira;15;PA;1;1;1;1;1421;1386;1397;1409;380.9;432.2;368.7;540.5;ADCBEBDCDADBDEAACDBEBDAEBEBDEBACEBDBDBDBEBDBC;ADBDBDBEAECCBDBACACADBDBBADCBCABCAEADBCAEAEDE;AACCBECAEEBDEBCACDCEABDBECEECDADBECACADBECADB;ADBDBDEBDEBADCDADBDBDBDBDBADBDADCADBDBDBDBDBE;1;DDBDDEBBAAEDECBCEEDCAACDBBCEDBBAEXCCAEAACCAED;ACBCADCEDBAECEDADBADBEBCDADABCDEABCAEDEBBCECE;AACEADACDDCBEDADEEBDDBDBBCEECBDCBADDDCBDEDDCECBECE;CEBCEADBBCEADDDABBABBCCDCCECEDBACADECABEDADCB;4;0;0;0;0;0;0
1893926;2024;15583058;1500602;Altamira;15;PA;2;1;1;1500602;Altamira;15;PA;1;1;1;1;1420;1383;1395;1408;447.1;372.3;447.5;452.9;CBBEBACADDEDBACBCBABABDACBDEDDDEBCBCBCDBDADBE;BACDACEDCBEADBECBEBACABCDDEBACBEBDDCEDCDEBCEA;DAAEABBDEECCDBCEAEDCBCCEDEBDCADADADCBABDADCAB;CDCBCBDDCAAEBACEDBACEACBDACBDCEBACDACBDCEABCE;0;CAEDAACCAEEXCBBAEDBBCAACDEDCBCEECAAEDDDEBBDDB;CECEBEBCDBADDEBBABCDCAECEDADBAEABEADCEDADACBC;CAAAECDDDAECBECEDDCBDEDDCECBDCBCEADBBDBDDCBEDADEEB;CECEBEDADCAADECDBBCEBDCCCACABBABBADDDCEADBBCE;1;120;120;120;120;120;600
2637145;2024;15552900;1500602;Altamira;15;PA;4;1;1;1500602;Altamira;15;PA;1;1;1;1;1420;1383;1395;1408;460.1;442.3;450.5;512.4;DDEBAECEEAEBBAACCAEEBECDBCECDCDCDCECCAECDBEDD;BCAECEBCADBCDAEDCBCAABDECDAEBDEBDEACACCAEACEC;AEEACECBDEBBEDACEEBEDDECEBAABDEEDEBADCCDBBDDB;AECCCBDCDBCACBEECBDCBDADDBCCCCDCCBBDDABCAEBBA;0;CAEDAACCAEEXCBBAEDBBCAACDEDCBCEECAAEDDDEBBDDB;CECEBEBCDBADDEBBABCDCAECEDADBAEABEADCEDADACBC;CAAAECDDDAECBECEDDCBDEDDCECBDCBCEADBBDBDDCBEDADEEB;CECEBEDADCAADECDBBCEBDCCCACABBABBADDDCEADBBCE;1;120;160;120;160;120;680
1263189;2024;15106250;1501725;Brasil Novo;15;PA;2;1;1;1500602;Altamira;15;PA;1;1;1;1;1419;1385;1398;1407;408.8;407.4;407.9;411;ADABCCEBCEEDBBADDBBAEACCEABDAABBEAEADBCCBDACA;CBBADCECEACCDAABADBCBADECEBACEEEBABEABBCAEDCA;BBCADCBDABABEADEBECBBCAEAECBDAABDEBDADAACECBA;EDADDECEBDDBDECBDBABADDCBECAEEBEBAEBEABCCDBED;1;BCEAACDEDCAAEDDDEBBDDBECCAEDBBAAACCAEEXCBBCED;CAEDBADBEBCCEDADBAEACBCADCEDEBBEBACECEABCDDAD;EAAACDDCDADDCBDEECEECBDCDADEEBCBEBADBCEBDBDDDDCECB;ABBABBADDDBBCECEADCEBCCCDBADCBEDAECADACDBCECE;1;120;120;100;120;80;540
2533659;2024;;;;;;;;;1500602;Altamira;15;PA;1;1;1;1;1420;1383;1395;1408;479.1;356;595.4;762;ECCDAECAEEECDBAAECDECECECDEDC.BCDECEBDECDCDEC;BCCADEBACEBDBDEDACDBBDAADCACDEACDECABBCDEBADE;CAAAEECBECEDDCBDEBBACCAECBCBDDDBEDDDBBEDABCEB;CECEAEEADAACDCBDBCCBBDCBCACABBABBACDDABABCDBA;0;CAEDAACCAEEXCBBAEDBBCAACDEDCBCEECAAEDDDEBBDDB;CECEBEBCDBADDEBBABCDCAECEDADBAEABEADCEDADACBC;CAAAECDDDAECBECEDDCBDEDDCECBDCBCEADBBDBDDCBEDADEEB;CECEBEDADCAADECDBBCEBDCCCACABBABBADDDCEADBBCE;1;160;180;160;200;180;880
2003636;2024;;;;;;;;;1500602;Altamira;15;PA;0;0;0;0;;;;;;;;;;;;;1;;;;;;;;;;;
2307281;2024;;;;;;;;;1500602;Altamira;15;PA;0;0;0;0;;;;;;;;;;;;;1;;;;;;;;;;;
3736687;2024;;;;;;;;;1500602;Altamira;15;PA;0;0;0;0;;;;;;;;;;;;;0;;;;;;;;;;;
199193;2024;;;;;;;;;1500602;Altamira;15;PA;1;1;1;1;1421;1386;1397;1409;452.9;483;498.5;398.6;ACBCCDBACCADECBBBDCAACDDADCCBCBBAADBADEEEDBAA;BBEDABBACDBDCBBAEDCDCAADDADCABAEAEBABBEEDAECB;BAEAAEAACBBCEBAACDAEDAACCBEEBBDDAAEEEDAECBECB;DEACCDCCCABCBCDDCBBBCDEABACBCADEDDBCCEECDEACA;0;DDBDDEBBAAEDECBCEEDCAACDBBCEDBBAEXCCAEAACCAED;ACBCADCEDBAECEDADBADBEBCDADABCDEABCAEDEBBCECE;AACEADACDDCBEDADEEBDDBDBBCEECBDCBADDDCBDEDDCECBECE;CEBCEADBBCEADDDABBABBCCDCCECEDBACADECABEDADCB;1;120;160;120;160;120;680
348509;2024;;;;;;;;;1500602;Altamira;15;PA;1;1;1;1;1422;1384;1396;1410;480.6;559.2;521.8;391.3;CAECBEBBCADEBEEAADBEABAABCBCADCEDEABDB*CADBCC;BDDABCAAECBDEABCEBEABDDACDAACDBEBACEAACEBCEDA;ABABDDADECBBDACEBDAD*EBBCACAEAAEEBDABABECDEDA;DDEBCAABDBACBECADBCDACBACBADABABDEBDBBCADBDBC;0;BBCEDBBAEXCCAEDDBCAEDAACAAEDDDEBBECBCEEDCAACD;DADABCDCECEDEBBBEBCDBADACBCADCEBEADBAECAECEDA;AACEADDDACDADECBBDBEEBDDECCBEDDCADBBDEBCEBDCECEDDC;DBCECEACADABBECBEDADCCDCCABBBCECEBCEADABBADDD;1;120;160;120;120;140;660
4129223;2024;;;;;;;;;1500602;Altamira;15;PA;0;0;0;0;;;;;;;;;;;;;1;;;;;;;;;;;
991492;2024;;;;;;;;;1500602;Altamira;15;PA;0;0;0;0;;;;;;;;;;;;;1;;;;;;;;;;;
4259877;2024;;;;;;;;;1500602;Altamira;15;PA;0;0;0;0;;;;;;;;;;;;;0;;;;;;;;;;;
3706514;2024;;;;;;;;;1500602;Altamira;15;PA;1;1;1;1;1419;1385;1398;1407;458.5;490.8;540.9;452.4;EEBBBCDDBABCDBBDECDDEBEACBBAAAACBDEDCAEDBACDB;AABABADBBDCCDDABBCCBDCABDAECDBEEEDCABBCDDCDAD;CAADACDBBDEEEDBEADCBAAEEBCADEDBECBCDADDDDCECB;BBCCCEBDCBCDEDECDECCECDCDECABCCAEDDBDBDDBDCBE;0;BCEAACDEDCAAEDDDEBBDDBECCAEDBBAAACCAEEXCBBCED;CAEDBADBEBCCEDADBAEACBCADCEDEBBEBACECEABCDDAD;EAAACDDCDADDCBDEECEECBDCDADEEBCBEBADBCEBDBDDDDCECB;ABBABBADDDBBCECEADCEBCCCDBADCBEDAECADACDBCECE;1;120;160;100;120;140;640
1565055;2024;;;;;;;;;1500602;Altamira;15;PA;1;1;1;1;1421;1386;1397;1409;491;467.3;448.5;438.2;AECADBCBBDEBBCDDCBCAABCCBEAEDAAADBDECCBBCACED;DBACDDCADBBDCCDACBAECCABBDBABADEAEDBBCBDDDECE;BDADDCEDDADAABCACBDBDBEABEEADECABDDCCACBCEECC;BADCBBBCCCBBCCDBBEBCBEDDBAECCCBEDBCCBECBCCBCB;0;DDBDDEBBAAEDECBCEEDCAACDBBCEDBBAEXCCAEAACCAED;ACBCADCEDBAECEDADBADBEBCDADABCDEABCAEDEBBCECE;AACEADACDDCBEDADEEBDDBDBBCEECBDCBADDDCBDEDDCECBECE;CEBCEADBBCEADDDABBABBCCDCCECEDBACADECABEDADCB;1;120;160;100;120;140;640
356947;2024;;;;;;;;;1500602;Altamira;15;PA;1;1;1;1;1421;1386;1397;1409;379.8;529.3;555.8;467.7;ECCEDEDCBBEEBADCDBADADECBDCEBECACDBEBCBEADADB;ABEAAEBECEACCEDADBDABBDCBDBCECCDAAAEDDEEBAECB;DBCCDCAEDADEEADCCEADCEDBBBECDDCDCACEDDAECCECA;DCBDCBBDCDDABEBACCBDCCBCDCBDCBEEDAEDEADCBDCEA;1;DDBDDEBBAAEDECBCEEDCAACDBBCEDBBAEXCCAEAACCAED;ACBCADCEDBAECEDADBADBEBCDADABCDEABCAEDEBBCECE;AACEADACDDCBEDADEEBDDBDBBCEECBDCBADDDCBDEDDCECBECE;CEBCEADBBCEADDDABBABBCCDCCECEDBACADECABEDADCB;1;100;140;80;160;120;600
1658462;2024;15106250;1501725;Brasil Novo;15;PA;2;1;1;1500602;Altamira;15;PA;1;1;1;1;1419;1385;1398;1407;428.3;388.1;565.7;553.6;ECBCBDBDAECBBEDBECEDACDADAABCBAEADBDAECDBCCEC;AAEDEBDBDCCDCEBCDACBCECDBBEADECDBCECBDDCADECB;CECDDCDCBDEEAEEBEDCCADCEBEBEDDEBCCBDADBDDEECB;DCBACCBEDDABABDDACACEBCBCABBCBBEDCAEDEDBDCCBB;1;BCEAACDEDCAAEDDDEBBDDBECCAEDBBAAACCAEEXCBBCED;CAEDBADBEBCCEDADBAEACBCADCEDEBBEBACECEABCDDAD;EAAACDDCDADDCBDEECEECBDCDADEEBCBEBADBCEBDBDDDDCECB;ABBABBADDDBBCECEADCEBCCCDBADCBEDAECADACDBCECE;1;100;140;120;120;120;600
59720;2024;15104907;1500602;Altamira;15;PA;2;1;1;1500602;Altamira;15;PA;1;1;1;1;1419;1385;1398;1407;457.8;497.2;522.4;377.7;ABEBDECCACCBDACCEDCACAACDAEBBDBADCEAEBBBDCBBA;BAEDECDAEADAEBABEECBBDCAEBCDEEBCEABAABBCECCAD;CDADDBDCBCEEDEBAEDCDDDAEBEBDACEBDCBAADDDAEECB;DBEECCBEDADDDEDEECAEDDBECADABECBCAEBBEDDECDBA;0;BCEAACDEDCAAEDDDEBBDDBECCAEDBBAAACCAEEXCBBCED;CAEDBADBEBCCEDADBAEACBCADCEDEBBEBACECEABCDDAD;EAAACDDCDADDCBDEECEECBDCDADEEBCBEBADBCEBDBDDDDCECB;ABBABBADDDBBCECEADCEBCCCDBADCBEDAECADACDBCECE;1;140;160;160;120;140;720
662248;2024;15169138;1500602;Altamira;15;PA;2;1;1;1500602;Altamira;15;PA;1;1;1;1;1419;1385;1398;1407;434.7;405.1;461.2;420.3;CDBADECCBDCEDDDDEBEACDCBADEEBABDCCBAEBCCCCDDC;DABBCBDDACCCBCABDBCBBAEDBCABCCCACADABACCBECEC;DECDECBBECEEEBBAAEEEABDDACAACBBACCADEDEADBBCD;BDCDDEECBCCEDBEBEBCCADECDCCADDDDDECBBDCECBDED;1;BCEAACDEDCAAEDDDEBBDDBECCAEDBBAAACCAEEXCBBCED;CAEDBADBEBCCEDADBAEACBCADCEDEBBEBACECEABCDDAD;EAAACDDCDADDCBDEECEECBDCDADEEBCBEBADBCEBDBDDDDCECB;ABBABBADDDBBCECEADCEBCCCDBADCBEDAECADACDBCECE;1;100;180;120;120;160;680
633398;2024;15583058;1500602;Altamira;15;PA;2;1;1;1500602;Altamira;15;PA;1;1;1;1;1422;1384;1396;1410;383.4;388.8;403.2;393.7;CACDCBDCEDBEAACEAEDABCDDACBDECBABCEDECDCEBCEB;ADECBDCDCAECDABCEDADBAECBAEDCBBEAAEEDCCBBEDCA;EAADCEAABEDABCCEBDADAABACDEBACACBDEAACBDEBADC;BBDABCADBCBBDEDECAACAADEABCDABBEBCADECEDAEAED;0;BBCEDBBAEXCCAEDDBCAEDAACAAEDDDEBBECBCEEDCAACD;DADABCDCECEDEBBBEBCDBADACBCADCEBEADBAECAECEDA;AACEADDDACDADECBBDBEEBDDECCBEDDCADBBDEBCEBDCECEDDC;DBCECEACADABBECBEDADCCDCCABBBCECEBCEADABBADDD;1;80;100;80;80;40;380
1063371;2024;15177980;1504455;Medicilândia;15;PA;2;2;1;1500602;Altamira;15;PA;0;0;0;0;;;;;;;;;;;;;1;;;;;;;;;;;
2646661;2024;;;;;;;;;1500602;Altamira;15;PA;0;0;0;0;;;;;;;;;;;;;1;;;;;;;;;;;
3007552;2024;;;;;;;;;1500602;Altamira;15;PA;1;1;1;1;1420;1383;1395;1408;538.3;515.9;550.4;550.1;ECEDECCECEBBBAAAEBBABAECDCCBEAAADACCBADCAEDDB;AECBDECCDBCDBEEB.CECDAEDCBAAEBECEDACEDBCDACAA;CCDDCECBECEDDABDECDCABEACBDDEDDEDADABCEDAACAA;CCBBDDCAACEDEABBACCEBDCBAEDEDCACCDBDACDAAEEAB;1;CAEDAACCAEEXCBBAEDBBCAACDEDCBCEECAAEDDDEBBDDB;CECEBEBCDBADDEBBABCDCAECEDADBAEABEADCEDADACBC;CAAAECDDDAECBECEDDCBDEDDCECBDCBCEADBBDBDDCBEDADEEB;CECEBEDADCAADECDBBCEBDCCCACABBABBADDDCEADBBCE;1;120;120;100;120;120;580
2930727;2024;;;;;;;;;1500602;Altamira;15;PA;1;1;1;1;1422;1384;1396;1410;385.9;432.4;437.5;425.9;DBCCDADBDDBEEEAABEAACBDEBEAAAEBCDCADCBCBDACBA;ADDEABEAECBBEDADBEAACDACADBEADAEAACEBEACEDCBA;ABDEABADBEABDAECADEBDEABDAEDCBBEACADEABCDDEBC;BADABCECEEBECCEDCBDDAEBEAADBDBDCEDDADADDBCDEA;0;BBCEDBBAEXCCAEDDBCAEDAACAAEDDDEBBECBCEEDCAACD;DADABCDCECEDEBBBEBCDBADACBCADCEBEADBAECAECEDA;AACEADDDACDADECBBDBEEBDDECCBEDDCADBBDEBCEBDCECEDDC;DBCECEACADABBECBEDADCCDCCABBBCECEBCEADABBADDD;1;120;180;120;140;100;660
2945969;2024;15106250;1501725;Brasil Novo;15;PA;2;1;1;1500602;Altamira;15;PA;0;0;0;0;;;;;;;;;;;;;1;;;;;;;;;;;
2624999;2024;;;;;;;;;1500602;Altamira;15;PA;0;1;1;0;;1386;1397;;;467.7;526.5;;;CDCBADBCCECCBCCAEBCDCECDBBBCBCCEACCCCCCCCCCCB;CBDAECDEDADDEDDABEBDCCCBDBCDBDCCBBDEADBECDECC;;1;;ACBCADCEDBAECEDADBADBEBCDADABCDEABCAEDEBBCECE;AACEADACDDCBEDADEEBDDBDBBCEECBDCBADDDCBDEDDCECBECE;;1;120;120;120;100;80;540
1067223;2024;;;;;;;;;1500602;Altamira;15;PA;0;0;0;0;;;;;;;;;;;;;1;;;;;;;;;;;
3847746;2024;;;;;;;;;1500602;Altamira;15;PA;1;1;1;1;1422;1384;1396;1410;520.7;505.4;515.1;433.6;BDCADEACEBCBDDDCBEDEAEACBCAEDDBBACAEDDDCEEABD;BDDBBCCBECBBAEEBDABAEBEADECADEAECADBADBABCAEE;ABEDDDADECBBDAEDDADAADBCEAADCBBEEBCCEADECDDAB;CDDABDEDBADECCDDBEBEDCBBDEABDCACDBCAEADBBECDB;0;BBCEDBBAEXCCAEDDBCAEDAACAAEDDDEBBECBCEEDCAACD;DADABCDCECEDEBBBEBCDBADACBCADCEBEADBAECAECEDA;AACEADDDACDADECBBDBEEBDDECCBEDDCADBBDEBCEBDCECEDDC;DBCECEACADABBECBEDADCCDCCABBBCECEBCEADABBADDD;1;120;100;100;100;60;480
3415629;2024;;;;;;;;;1500602;Altamira;15;PA;0;0;0;0;;;;;;;;;;;;;0;;;;;;;;;;;
1214682;2024;;;;;;;;;1500602;Altamira;15;PA;1;1;1;1;1419;1385;1398;1407;374;540;442.7;377.9;DEBACDADAACCAEAEDBDAEAAAEEAAEDAEDBEAEDDABDBDA;DBEA.BDCECCCEEABEAAABECDDDEDEEEBEAAECEABDCDAB;CBBDACEAADAEBDCBECDADEDCBDDEDBEBDDCDDDECCADCA;CBABBADCEAEDDBABCBBBABBEACCBBBABDCDBCAABABDDB;1;BCEAACDEDCAAEDDDEBBDDBECCAEDBBAAACCAEEXCBBCED;CAEDBADBEBCCEDADBAEACBCADCEDEBBEBACECEABCDDAD;EAAACDDCDADDCBDEECEECBDCDADEEBCBEBADBCEBDBDDDDCECB;ABBABBADDDBBCECEADCEBCCCDBADCBEDAECADACDBCECE;1;120;120;80;80;60;460
3688950;2024;;;;;;;;;1500602;Altamira;15;PA;0;0;0;0;;;;;;;;;;;;;0;;;;;;;;;;;
777500;2024;15106250;1501725;Brasil Novo;15;PA;2;1;1;1500602;Altamira;15;PA;1;1;1;1;1421;1386;1397;1409;577.3;543.4;533.3;525.7;DDBABCBBBCADCAEBEDEEAECDECAADBAAEADECECACDBED;ACECACDEEDADCCAADEBABEAEBADAACCEDCCABBEDDAEAE;DDECDCBEDADE*DDEADABDBEADCEADEBCBAEEDAAECBECD;BEBABEABBBCBBAAABCBCDAACEBCABDCACDBCABBCDCACA;1;DDBDDEBBAAEDECBCEEDCAACDBBCEDBBAEXCCAEAACCAED;ACBCADCEDBAECEDADBADBEBCDADABCDEABCAEDEBBCECE;AACEADACDDCBEDADEEBDDBDBBCEECBDCBADDDCBDEDDCECBECE;CEBCEADBBCEADDDABBABBCCDCCECEDBACADECABEDADCB;1;140;180;140;180;200;840
3815904;2024;;;;;;;;;1500602;Altamira;15;PA;0;0;0;0;;;;;;;;;;;;;1;;;;;;;;;;;
344917;2024;;;;;;;;;1500602;Altamira;15;PA;1;1;1;1;1421;1386;1397;1409;614.7;681.2;622.7;647.9;DDCDEECBCADDECBABEBCAACBEBDCDBDBEBDEADCACEACD;ACBCADEEDEEECEDADBADBEBCDBDDACDEDECAEDEBBCCCE;AACEBDBEDADEEBDDCDABDEEDBDEDDDDBCDDEDDCECBECE;CCBDEACDBDDEABDACADDDCAECDECDDBEBBDCDAEEEBCCA;0;DDBDDEBBAAEDECBCEEDCAACDBBCEDBBAEXCCAEAACCAED;ACBCADCEDBAECEDADBADBEBCDADABCDEABCAEDEBBCECE;AACEADACDDCBEDADEEBDDBDBBCEECBDCBADDDCBDEDDCECBECE;CEBCEADBBCEADDDABBABBCCDCCECEDBACADECABEDADCB;1;160;200;200;200;180;940
2806443;2024;;;;;;;;;1500602;Altamira;15;PA;1;1;1;1;1421;1386;1397;1409;493.9;450.7;486.9;418.1;CDAECEBAAEEEEEEAADBEAACBBBEDBEAEEBAADEBEBCCAE;ACDCBCDCDEBBCBDADDCDCAECEBDBABDBCEDEBDBDEADDA;EACCDCEEDADAEADABDADAACBDEEACBDBBEEDAECECEEDE;CEBADDCDCCCCCDBBAECCABDBDDDDDABDDDEAEBBDCEBBC;1;DDBDDEBBAAEDECBCEEDCAACDBBCEDBBAEXCCAEAACCAED;ACBCADCEDBAECEDADBADBEBCDADABCDEABCAEDEBBCECE;AACEADACDDCBEDADEEBDDBDBBCEECBDCBADDDCBDEDDCECBECE;CEBCEADBBCEADDDABBABBCCDCCECEDBACADECABEDADCB;1;120;140;60;120;120;560
3675976;2024;;;;;;;;;1500602;Altamira;15;PA;0;0;0;0;;;;;;;;;;;;;0;;;;;;;;;;;
2075438;2024;15583058;1500602;Altamira;15;PA;2;1;1;1500602;Altamira;15;PA;1;1;1;1;1419;1385;1398;1407;437.1;530.2;556.8;571.9;CAEEBEBCABCCBEDEEDDDABCDEDBDEDECACEADDDDACCCD;CDDDDCDBEBDCEDADEECAADEADECABEAAEAAACBBCADBAB;DDABDBDCADEECCECDDCDADDEBCDEDDEBDEBDBDEDDDECE;ACBACBDCADABDCDCDDCBACACBECECCCDBBDDAEDBDECBC;0;BCEAACDEDCAAEDDDEBBDDBECCAEDBBAAACCAEEXCBBCED;CAEDBADBEBCCEDADBAEACBCADCEDEBBEBACECEABCDDAD;EAAACDDCDADDCBDEECEECBDCDADEEBCBEBADBCEBDBDDDDCECB;ABBABBADDDBBCECEADCEBCCCDBADCBEDAECADACDBCECE;1;120;160;120;120;160;680
422336;2024;;;;;;;;;1500602;Altamira;15;PA;0;0;0;0;;;;;;;;;;;;;0;;;;;;;;;;;
3708094;2024;15575497;1500859;Anapu;15;PA;2;1;1;1500602;Altamira;15;PA;0;0;0;0;;;;;;;;;;;;;0;;;;;;;;;;;
1291347;2024;;;;;;;;;1500602;Altamira;15;PA;1;1;1;1;1422;1384;1396;1410;488.7;416.1;447.2;427.8;BCBDEEBCCDBAEEDCBBCEDBBCBDEAABCEBCEEAABBDAEDC;EABBDACEECBBACDCCBEEADABECBACAECBABEBABBCBDEA;BACADBAEACBADDCADDEEACCBBAEDEACAECBBDACECCA*B;AECCBDDD.BAA.BCEBEDCABEECBAEBDAAEBCDBAEBCACBE;0;BBCEDBBAEXCCAEDDBCAEDAACAAEDDDEBBECBCEEDCAACD;DADABCDCECEDEBBBEBCDBADACBCADCEBEADBAECAECEDA;AACEADDDACDADECBBDBEEBDDECCBEDDCADBBDEBCEBDCECEDDC;DBCECEACADABBECBEDADCCDCCABBBCECEBCEADABBADDD;4;0;0;0;0;0;0
60121;2024;;;;;;;;;1500602;Altamira;15;PA;1;1;1;1;1422;1384;1396;1410;408.3;544.9;553.2;399;ACCBBADBABBEBDACCECCEEBBCCAEBBDBCCABEDDBCAEEC;ACDABCBCACBBAAECCCDDEADACBCABEBEBACBBECABCECA;ABCBACADECBCDBEECDCEACDBDDEBEDBCEDDAEBCECBCDC;CDCDCEEEABCCDEBBCDEBCDADBCBECBBDDDDEBADDBCDEB;0;BBCEDBBAEXCCAEDDBCAEDAACAAEDDDEBBECBCEEDCAACD;DADABCDCECEDEBBBEBCDBADACBCADCEBEADBAECAECEDA;AACEADDDACDADECBBDBEEBDDECCBEDDCADBBDEBCEBDCECEDDC;DBCECEACADABBECBEDADCCDCCABBBCECEBCEADABBADDD;1;120;140;120;120;140;640
2604146;2024;;;;;;;;;1500602;Altamira;15;PA;1;1;1;1;1421;1386;1397;1409;379.2;477;427.2;452.7;AACBCCDDCBDEBAAAADAABBDCEDCBCAAAAADEAEBAABAAA;ADDCACAAAEAECACAAEDDCBAACACAACCAAEDABAAEEDAEE;AAABBACBBBEDDAEDBDABEAAAAEEECAAAEAAEBDBBBDEAC;ADCDBACBCEBBEABCACBDACDBCEEBBDBBDBCABBBDEBDBD;1;DDBDDEBBAAEDECBCEEDCAACDBBCEDBBAEXCCAEAACCAED;ACBCADCEDBAECEDADBADBEBCDADABCDEABCAEDEBBCECE;AACEADACDDCBEDADEEBDDBDBBCEECBDCBADDDCBDEDDCECBECE;CEBCEADBBCEADDDABBABBCCDCCECEDBACADECABEDADCB;1;100;120;100;80;80;480
4053882;2024;;;;;;;;;1500602;Altamira;15;PA;0;1;1;0;;1386;1397;;;412.1;485.7;;;CDEEDCCCEDDCACCACEDDABCCBEBAEBCBACADEEBEDCECB;ABABECCCDADCBADBEDBEDBEACDDCDDEECBEEADDBCBEDA;;0;;ACBCADCEDBAECEDADBADBEBCDADABCDEABCAEDEBBCECE;AACEADACDDCBEDADEEBDDBDBBCEECBDCBADDDCBDEDDCECBECE;;1;120;100;60;100;60;440
1706957;2024;;;;;;;;;1500602;Altamira;15;PA;0;0;0;0;;;;;;;;;;;;;0;;;;;;;;;;;
1367015;2024;;;;;;;;;1500602;Altamira;15;PA;1;1;1;1;1422;1384;1396;1410;395.1;473.3;507.7;517.6;ABAECDACBCBEAEDADEAABBAACCBABCACBCBECADBDBCBB;AADABBDCABBAAABBBCABBABABBBACAABBAADBCADCCBCA;BBDCDDADECBBDACABDDAADAADDAAEAACBBCABEEEDBDAA;BAAABDEDBBBBDACBAEBBCBCBEBDBCCBCDCCCABAECAABA;1;BBCEDBBAEXCCAEDDBCAEDAACAAEDDDEBBECBCEEDCAACD;DADABCDCECEDEBBBEBCDBADACBCADCEBEADBAECAECEDA;AACEADDDACDADECBBDBEEBDDECCBEDDCADBBDEBCEBDCECEDDC;DBCECEACADABBECBEDADCCDCCABBBCECEBCEADABBADDD;1;100;120;80;120;80;500
3669779;2024;;;;;;;;;1500602;Altamira;15;PA;0;0;0;0;;;;;;;;;;;;;1;;;;;;;;;;;
4205012;2024;;;;;;;;;1500602;Altamira;15;PA;0;0;0;0;;;;;;;;;;;;;0;;;;;;;;;;;
943048;2024;15583058;1500602;Altamira;15;PA;2;1;1;1500602;Altamira;15;PA;1;1;1;1;1422;1384;1396;1410;400.1;417.3;361.3;560.4;ACEBDACEACABDBDECBACECBDCAEBABDBDAB*ABECABDCA;ABDCBDEBAABDBEDACADDBEEADCEACB*DAECBCACBDACDA;CBEDABDCBECBDBABCEBACEADCADCDBBCACDBDABDECBCD;BBDCBEACBECBCECCDBDACADCBACDCBBCDBCACACEBDBBC;1;BBCEDBBAEXCCAEDDBCAEDAACAAEDDDEBBECBCEEDCAACD;DADABCDCECEDEBBBEBCDBADACBCADCEBEADBAECAECEDA;AACEADDDACDADECBBDBEEBDDECCBEDDCADBBDEBCEBDCECEDDC;DBCECEACADABBECBEDADCCDCCABBBCECEBCEADABBADDD;1;100;140;120;120;160;640
1073883;2024;;;;;;;;;1500602;Altamira;15;PA;1;1;1;1;1420;1383;1395;1408;423.7;510.2;507.8;413.5;EDEBDACCBEADBAABEBBCBADBCBCDADCBBBCCCBCADDCBB;AECDBCBCDBCADEEBDABACAEEAEDCBDDACEACEACCAACEB;AAACEECBEAADDBACECBCBADEEBCBDBDDCDAADBEECEDDB;DABADCADBDBCDCACCBDBEAECDBDEBCCBDAEBADCDABCDE;0;CAEDAACCAEEXCBBAEDBBCAACDEDCBCEECAAEDDDEBBDDB;CECEBEBCDBADDEBBABCDCAECEDADBAEABEADCEDADACBC;CAAAECDDDAECBECEDDCBDEDDCECBDCBCEADBBDBDDCBEDADEEB;CECEBEDADCAADECDBBCEBDCCCACABBABBADDDCEADBBCE;1;120;40;80;120;80;440
3955728;2024;15109194;1507805;Senador José Porfírio;15;PA;2;1;1;1500602;Altamira;15;PA;1;1;1;1;1421;1386;1397;1409;559.1;508.9;534.9;415.4;DAAADEBCCCCACCBCEBADBBCBDCECBDBAABBEADAECEBEE;ED*EACEDAEABCCEAECADBDBEBEBAEEEBAACAEDEADBECB;EBCCEEBEDADEEBBBDBCBCEDACDCDDABBDBAEBBAECBECA;CBAADCDACCABADECADACDEDEDACABECABECADCACABEDE;1;DDBDDEBBAAEDECBCEEDCAACDBBCEDBBAEXCCAEAACCAED;ACBCADCEDBAECEDADBADBEBCDADABCDEABCAEDEBBCECE;AACEADACDDCBEDADEEBDDBDBBCEECBDCBADDDCBDEDDCECBECE;CEBCEADBBCEADDDABBABBCCDCCECEDBACADECABEDADCB;4;0;0;0;0;0;0
108949;2024;;;;;;;;;1500602;Altamira;15;PA;1;1;1;1;1420;1383;1395;1408;418.3;546;555.1;438.7;BCEAEEEAACBDDCCCDBADDAEDBBDCECDCEBBDCAEEBBCCA;AECBBDBCCBBDDEBBBECEDBECDBADEACAACAEDCEDDABDC;CAADCECBECCDDBBDECDBCBCCCBDBCEDBDBDDBBADADDDB;CBCBDBECDCBDDEDCAEBBBECEDEDDAADCDBBEDCCDBBECD;0;CAEDAACCAEEXCBBAEDBBCAACDEDCBCEECAAEDDDEBBDDB;CECEBEBCDBADDEBBABCDCAECEDADBAEABEADCEDADACBC;CAAAECDDDAECBECEDDCBDEDDCECBDCBCEADBBDBDDCBEDADEEB;CECEBEDADCAADECDBBCEBDCCCACABBABBADDDCEADBBCE;1;140;200;160;160;160;820
1928577;2024;15169138;1500602;Altamira;15;PA;2;1;1;1500602;Altamira;15;PA;0;0;0;0;;;;;;;;;;;;;0;;;;;;;;;;;
3886085;2024;15104907;1500602;Altamira;15;PA;2;1;1;1500602;Altamira;15;PA;1;1;1;1;1421;1386;1397;1409;432.7;507.4;500.5;418.5;DABAEBDABBBDEBEBBEEECBEBDDBCBEDBEEDACCBECBECB;AECCADAEBEBECEAAEBCBCDDCACBACACBA.CABEDBDBACB;DBCEECBEADDDCBDCEEAEBEDBCDEDCDDDDADEEDEACBEDE;DEACCDBCADDCDDBBECDDADBCBAADCAABDDDCBAECDDEEE;1;DDBDDEBBAAEDECBCEEDCAACDBBCEDBBAEXCCAEAACCAED;ACBCADCEDBAECEDADBADBEBCDADABCDEABCAEDEBBCECE;AACEADACDDCBEDADEEBDDBDBBCEECBDCBADDDCBDEDDCECBECE;CEBCEADBBCEADDDABBABBCCDCCECEDBACADECABEDADCB;4;0;0;0;0;0;0
42297;2024;;;;;;;;;1500602;Altamira;15;PA;1;1;1;1;1420;1383;1395;1408;475.5;473.7;502.2;500.7;CBECEDDBCCDCDCBDEDEBACBDBDACABCBCBECEDCBABCDB;BEBCCCBAACECEBCADABBCABCEDACEADAEBADACDCBBBCE;BEBAABCDECEDDCCCECDABCBBCBDADACDDDABEB*EADCDA;DEACDBEDAACEEDEACCCBAEABBBCBBDACDDBBCADEABAEC;1;CAEDAACCAEEXCBBAEDBBCAACDEDCBCEECAAEDDDEBBDDB;CECEBEBCDBADDEBBABCDCAECEDADBAEABEADCEDADACBC;CAAAECDDDAECBECEDDCBDEDDCECBDCBCEADBBDBDDCBEDADEEB;CECEBEDADCAADECDBBCEBDCCCACABBABBADDDCEADBBCE;1;140;160;120;160;180;760
3837869;2024;;;;;;;;;1500602;Altamira;15;PA;1;1;1;1;1422;1384;1396;1410;518.6;326.8;508.5;400.8;BBCCEAEACABEAEDDCAAEECEBCECACDEEBBDBDBACDDBBC;DADBECEBBCCD*CCBDDBCEACBDBDCADACDBEBCACBEDBCD;ABDBECADDCBDDACEBDBBBCCEDDECADBECADEBCAEBACDA;EBDCDAC*EBCACDABEACDABDBEACEADABCDEBCEDADADBE;1;BBCEDBBAEXCCAEDDBCAEDAACAAEDDDEBBECBCEEDCAACD;DADABCDCECEDEBBBEBCDBADACBCADCEBEADBAECAECEDA;AACEADDDACDADECBBDBEEBDDECCBEDDCADBBDEBCEBDCECEDDC;DBCECEACADABBECBEDADCCDCCABBBCECEBCEADABBADDD;1;160;160;120;180;100;720
4269403;2024;;;;;;;;;1500602;Altamira;15;PA;0;1;1;0;;1385;1398;;;428.4;470.9;;;CBBCBABDACECBCABDEAAACBACEAACCBDBADCBACCBAADC;DBACABACBCBECBBDDCBBACAADEBBAABBACADCBABDBBCA;;0;;CAEDBADBEBCCEDADBAEACBCADCEDEBBEBACECEABCDDAD;EAAACDDCDADDCBDEECEECBDCDADEEBCBEBADBCEBDBDDDDCECB;;1;80;100;80;80;100;440
1946626;2024;15107035;1504455;Medicilândia;15;PA;2;1;1;1500602;Altamira;15;PA;0;1;1;0;;1386;1397;;;478.8;527.5;;;ABBCAAADAEDDDBCEABADDECBCDDDBCDEBBABCAEDBCCBC;ECBEAAADDADCECDBBDABCCDBEACAADBDEBDEADCECBEDA;;1;;ACBCADCEDBAECEDADBADBEBCDADABCDEABCAEDEBBCECE;AACEADACDDCBEDADEEBDDBDBBCEECBDCBADDDCBDEDDCECBECE;;1;120;160;140;120;160;700
250528;2024;;;;;;;;;1500602;Altamira;15;PA;1;1;1;1;1422;1384;1396;1410;737.2;765.1;627.8;873.6;CBCEDBEAEBCCAEDDBAAEDAACAACEDDEBBECBCEEDCCECD;DADDBCDCECEDEBBBEBCDBADADBEADCEBEADBAECAECEDA;DDDCCCADECBBDBDEBEBEDEBEDDCADEBDEBCEBCCECCDBC;DBCECEACADABBECBEDBDCCDCCABCBAECEBBAADABBADDD;1;BBCEDBBAEXCCAEDDBCAEDAACAAEDDDEBBECBCEEDCAACD;DADABCDCECEDEBBBEBCDBADACBCADCEBEADBAECAECEDA;AACEADDDACDADECBBDBEEBDDECCBEDDCADBBDEBCEBDCECEDDC;DBCECEACADABBECBEDADCCDCCABBBCECEBCEADABBADDD;1;160;200;140;200;180;880
2448068;2024;;;;;;;;;1500602;Altamira;15;PA;1;1;1;1;1421;1386;1397;1409;639.9;616.7;564.7;688.5;DDBEDEDBAAEECCBDEBBCDECCBCAEBEBDABBCAEAACEEED;ADCADDEEDEAECEBADCDDBEBCDDDABCDEAACEECDBBCECA;DBCDACBEDABEEBEACDEBDCBEEADBCEBACBDEDDCDCBECA;CDBEBADBBBAAAEDAABBBBCCCCEEDCBBDDEEECABDAACDA;1;DDBDDEBBAAEDECBCEEDCAACDBBCEDBBAEXCCAEAACCAED;ACBCADCEDBAECEDADBADBEBCDADABCDEABCAEDEBBCECE;AACEADACDDCBEDADEEBDDBDBBCEECBDCBADDDCBDEDDCECBECE;CEBCEADBBCEADDDABBABBCCDCCECEDBACADECABEDADCB;1;140;180;160;180;160;820
3186420;2024;;;;;;;;;1500602;Altamira;15;PA;0;0;0;0;;;;;;;;;;;;;0;;;;;;;;;;;
7404;2024;;;;;;;;;1500602;Altamira;15;PA;1;1;1;1;1419;1385;1398;1407;413.3;404.4;485.1;426.3;DDBAEBDDACECBABDCDDDCCCEDDAAEDAAAC*AADCDEBBEC;CABCBDBEECDCDBBBCEAABEAACE*DCDDDADDADDBBBCCAB;CDDACCDCAEEEEBDBECBCADCEADAEECDBEDCDBCBADBDDC;BBAEDCEECCCDCEACCDCBBADCDACBADCBEAAECBDCCCCCC;1;BCEAACDEDCAAEDDDEBBDDBECCAEDBBAAACCAEEXCBBCED;CAEDBADBEBCCEDADBAEACBCADCEDEBBEBACECEABCDDAD;EAAACDDCDADDCBDEECEECBDCDADEEBCBEBADBCEBDBDDDDCECB;ABBABBADDDBBCECEADCEBCCCDBADCBEDAECADACDBCECE;6;0;0;0;0;0;0
1301797;2024;;;;;;;;;1500602;Altamira;15;PA;0;0;0;0;;;;;;;;;;;;;1;;;;;;;;;;;
3113401;2024;15104907;1500602;Altamira;15;PA;2;1;1;1500602;Altamira;15;PA;0;1;1;0;;1386;1397;;;351.5;442.1;;;BBACDACCBEDBBCCBBBEECABDBBCBDDCDAEECBEDDCBDCA;BAABCDDBBAEBEADADDCEDBDBECEACBABCBBBCDBBCBADC;;1;;ACBCADCEDBAECEDADBADBEBCDADABCDEABCAEDEBBCECE;AACEADACDDCBEDADEEBDDBDBBCEECBDCBADDDCBDEDDCECBECE;;1;100;120;120;100;60;500
2409723;2024;;;;;;;;;1500602;Altamira;15;PA;1;1;1;1;1421;1386;1397;1409;405.4;479.5;523.2;374.2;AAACDCEBBEDEC.E.AE...ADC..AE..DD..BEAEBCCBCAD;ACBBADEADEB.CDAAAECA.EB.A...BA.AAACABD..B..EB;DCCBDCEEDEDDEDAA.DB.CEA.ABEBEACAABDECDDECBEED;D..ACD..A...C.D..D.D.BD....B..CE.............;1;DDBDDEBBAAEDECBCEEDCAACDBBCEDBBAEXCCAEAACCAED;ACBCADCEDBAECEDADBADBEBCDADABCDEABCAEDEBBCECE;AACEADACDDCBEDADEEBDDBDBBCEECBDCBADDDCBDEDDCECBECE;CEBCEADBBCEADDDABBABBCCDCCECEDBACADECABEDADCB;4;0;0;0;0;0;0
3880782;2024;;;;;;;;;1500602;Altamira;15;PA;0;0;0;0;;;;;;;;;;;;;1;;;;;;;;;;;
2942878;2024;;;;;;;;;1500602;Altamira;15;PA;1;1;1;1;1421;1386;1397;1409;601.8;667.7;506.9;700.9;DEBDDEBBBBCCECAAEEDDAAEEDCCEDCDEEDEEAAAADECED;ACECADEEDBABCEDADBCDBEBCDADABCDEABCAEEDADCECE;AACEACBECADDEBDBBDABCCBBEAECABDADBCDABCDEDCBE;AEBCBADBBAEAAEDABABBBDCDECDBBBCACBCDCADCEEBCB;0;DDBDDEBBAAEDECBCEEDCAACDBBCEDBBAEXCCAEAACCAED;ACBCADCEDBAECEDADBADBEBCDADABCDEABCAEDEBBCECE;AACEADACDDCBEDADEEBDDBDBBCEECBDCBADDDCBDEDDCECBECE;CEBCEADBBCEADDDABBABBCCDCCECEDBACADECABEDADCB;1;120;180;140;140;100;680
1713751;2024;;;;;;;;;1500602;Altamira;15;PA;1;1;1;1;1422;1384;1396;1410;446.6;480.8;459.4;385.4;DEACBEBAEDAEACECBACDAEBCBEACCDDCEECABDDBCBDAC;DCBBEBDCEBAECDEBEADAACEADECBAEDCEABBADBAECBBA;CDEAEDADBCACEBDDBDCCADBDBABBEDADEDBACDBEECBDA;BDDACBBDCBDCEADDECBDACABDCAEDCDBEAACECBDACEDB;1;BBCEDBBAEXCCAEDDBCAEDAACAAEDDDEBBECBCEEDCAACD;DADABCDCECEDEBBBEBCDBADACBCADCEBEADBAECAECEDA;AACEADDDACDADECBBDBEEBDDECCBEDDCADBBDEBCEBDCECEDDC;DBCECEACADABBECBEDADCCDCCABBBCECEBCEADABBADDD;1;80;120;80;80;60;420
629016;2024;;;;;;;;;1500602;Altamira;15;PA;1;1;1;1;1422;1384;1396;1410;574.8;515;539.3;435.1;EBDEDDBDECCECBDBAECEDCDBABADCBEABBCBDEDDBCEEA;ABDDEBBCEEDDBAAADBEBBBDADECADEDEEACEEBBAECCBA;ABDEADADECBEDBDEBEADABBEDEEDACBDEECDCACDEBBDE;CBDCDADBEEBBDCBBCBCEDCBDEDECBDDBCADDDDECEEBAD;0;BBCEDBBAEXCCAEDDBCAEDAACAAEDDDEBBECBCEEDCAACD;DADABCDCECEDEBBBEBCDBADACBCADCEBEADBAECAECEDA;AACEADDDACDADECBBDBEEBDDECCBEDDCADBBDEBCEBDCECEDDC;DBCECEACADABBECBEDADCCDCCABBBCECEBCEADABBADDD;1;160;200;140;180;200;880
1190418;2024;;;;;;;;;1500602;Altamira;15;PA;0;0;0;0;;;;;;;;;;;;;0;;;;;;;;;;;
3360992;2024;;;;;;;;;1500602;Altamira;15;PA;1;1;1;1;1419;1385;1398;1407;416.8;433.7;421.7;388;ACCDBECECEEECEAACBBBAAEABCBCECDAAEEAECABCCDAE;CBDCEDADBAACCAABAEBBBECABCABDDCCCECEBAABEBDAD;BDAAABACBBCEEAEADCBBAEADCADBDEABDDAECAACADAEB;ACBDDDACCAADBABBBCDDEDCCDEBBABBCEBABBEDCADDDE;0;BCEAACDEDCAAEDDDEBBDDBECCAEDBBAAACCAEEXCBBCED;CAEDBADBEBCCEDADBAEACBCADCEDEBBEBACECEABCDDAD;EAAACDDCDADDCBDEECEECBDCDADEEBCBEBADBCEBDBDDDDCECB;ABBABBADDDBBCECEADCEBCCCDBADCBEDAECADACDBCECE;1;80;120;80;80;60;420
1225174;2024;15104907;1500602;Altamira;15;PA;2;1;1;1500602;Altamira;15;PA;1;1;1;1;1422;1384;1396;1410;530.3;475.5;498.3;550.8;ADCECAADAADBAEDABBCABABCABABDDDCEBAEDBEDBABCB;AABABEDAECCDEDCDBACADCAACDEACBAABAEBAABCCCBAB;ECEBACADECDDDCEEBEBEADEABDBAAEAEEBDBDBCAADEAC;CCDEECEDACECBEDECDCCCBBDDACEEADACBDCDBAACBDDD;1;BBCEDBBAEXCCAEDDBCAEDAACAAEDDDEBBECBCEEDCAACD;DADABCDCECEDEBBBEBCDBADACBCADCEBEADBAECAECEDA;AACEADDDACDADECBBDBEEBDDECCBEDDCADBBDEBCEBDCECEDDC;DBCECEACADABBECBEDADCCDCCABBBCECEBCEADABBADDD;1;140;160;140;180;180;800
3393559;2024;;;;;;;;;1500602;Altamira;15;PA;0;0;0;0;;;;;;;;;;;;;0;;;;;;;;;;;
2429721;2024;;;;;;;;;1500602;Altamira;15;PA;1;1;1;1;1419;1385;1398;1407;505;589.5;557.5;450.1;BDBACDCDCDBBCAECBCBDCBEBEECCDBDAACEBEDDDCCBEC;CAEDCDDBBCECEDADDAEACDAADEEDEAEEACAECE....DBD;DDCDBDBCDBEECAADDDEBADEEACBEEDDBDAEDBCAEDAECB;CCCACADEBBBABCCBCCDCBBEECBBDCCEEEDCBEEDDAADEB;1;BCEAACDEDCAAEDDDEBBDDBECCAEDBBAAACCAEEXCBBCED;CAEDBADBEBCCEDADBAEACBCADCEDEBBEBACECEABCDDAD;EAAACDDCDADDCBDEECEECBDCDADEEBCBEBADBCEBDBDDDDCECB;ABBABBADDDBBCECEADCEBCCCDBADCBEDAECADACDBCECE;1;120;140;120;120;120;620
2331600;2024;15141179;1500602;Altamira;15;PA;4;1;1;1500602;Altamira;15;PA;1;1;1;1;1422;1384;1396;1410;501.9;465.7;504;613.9;BBBDCDCAABCAADDABECDBCDDDEACBBADAEBBBDDDEACCB;ADDBBBDBDABCCCBCECCBCBCBAECAAEADEABAADCBEAACA;DACDBEADBEBDDECEBBDEAADADDDEBABBEBDCDDCEECCAA;BBBECDABCEBBBDCDADDDCBECAAADBDBCBABCEADBBCCAD;1;BBCEDBBAEXCCAEDDBCAEDAACAAEDDDEBBECBCEEDCAACD;DADABCDCECEDEBBBEBCDBADACBCADCEBEADBAECAECEDA;AACEADDDACDADECBBDBEEBDDECCBEDDCADBBDEBCEBDCECEDDC;DBCECEACADABBECBEDADCCDCCABBBCECEBCEADABBADDD;1;120;40;140;160;200;660
3354154;2024;15109194;1507805;Senador José Porfírio;15;PA;2;1;1;1500602;Altamira;15;PA;1;1;1;1;1420;1383;1395;1408;484;427.7;377.9;417.5;EAEAECDEABAEBDAADAEAAECDADDCACADCBCCECBEBBDCB;ADEEBDEBBAEBECDBABBEDAEBDCABCDCAEEEEACBADAEDA;ACABBECDACECBECADDDAEECDCABDACBDBBCDBDBDABDAE;EAAABCDEDDACCABBBCDEADECBADAECDBAECEBACDCDABE;0;CAEDAACCAEEXCBBAEDBBCAACDEDCBCEECAAEDDDEBBDDB;CECEBEBCDBADDEBBABCDCAECEDADBAEABEADCEDADACBC;CAAAECDDDAECBECEDDCBDEDDCECBDCBCEADBBDBDDCBEDADEEB;CECEBEDADCAADECDBBCEBDCCCACABBABBADDDCEADBBCE;1;120;140;80;80;60;480
1471997;2024;;;;;;;;;1500602;Altamira;15;PA;0;0;0;0;;;;;;;;;;;;;1;;;;;;;;;;;
955653;2024;;;;;;;;;1500602;Altamira;15;PA;0;1;1;0;;1383;1395;;;312.4;404.8;;;ECDBABDCCBAEEDACEEEBDCADCCBCDDABAACCEBAEAAEEE;DEADEEDEADBEAEBBBEBAEEAEDBCCEEDCEEEAECDCEBEED;;1;;CECEBEBCDBADDEBBABCDCAECEDADBAEABEADCEDADACBC;CAAAECDDDAECBECEDDCBDEDDCECBDCBCEADBBDBDDCBEDADEEB;;1;100;40;40;100;0;280
3511094;2024;;;;;;;;;1500602;Altamira;15;PA;1;1;1;1;1420;1383;1395;1408;488.2;362.7;518.9;429.2;ECADEADEADECDCAACBBBCDDCDADDACDEAECCEDBBBBBEC;BCBDACBACDBCABABACBCBDBD.BACACBCADAEBDBCACECA;ABAABECBECCDDDBCEBECEADDDBBAEEAADCAACBBACEBCA;CDBCDDABBCDBCCCCAEBDDCAECDBACDBCDBEEECBDBABCE;0;CAEDAACCAEEXCBBAEDBBCAACDEDCBCEECAAEDDDEBBDDB;CECEBEBCDBADDEBBABCDCAECEDADBAEABEADCEDADACBC;CAAAECDDDAECBECEDDCBDEDDCECBDCBCEADBBDBDDCBEDADEEB;CECEBEDADCAADECDBBCEBDCCCACABBABBADDDCEADBBCE;1;120;120;80;120;80;520
1676003;2024;;;;;;;;;1500602;Altamira;15;PA;1;1;1;1;1420;1383;1395;1408;369.3;345.4;394.4;435.2;ECDBCEAEDBABDCAEDBDCBCBABDBECACCEDADEBAEBBBDA;DDACBEA*DDAACBECCDBACDBBCEAACBACADBECDADDBDAA;BDCDADCDDCBBDCADCCEBCBCEBDDACBBDECDCBDACEBA.B;CBBEBDDADCEBDAABBCBCEBADEBEBDBDACEBADBECADACE;1;CAEDAACCAEEXCBBAEDBBCAACDEDCBCEECAAEDDDEBBDDB;CECEBEBCDBADDEBBABCDCAECEDADBAEABEADCEDADACBC;CAAAECDDDAECBECEDDCBDEDDCECBDCBCEADBBDBDDCBEDADEEB;CECEBEDADCAADECDBBCEBDCCCACABBABBADDDCEADBBCE;1;120;120;80;120;80;520
401954;2024;;;;;;;;;1500602;Altamira;15;PA;0;0;0;0;;;;;;;;;;;;;1;;;;;;;;;;;
4010676;2024;;;;;;;;;1500602;Altamira;15;PA;0;0;0;0;;;;;;;;;;;;;0;;;;;;;;;;;
2738612;2024;;;;;;;;;1500602;Altamira;15;PA;1;1;1;1;1419;1385;1398;1407;433.9;517.2;534.4;420.9;EDAADCBDDAEBBDACCEDDCAACBEABAEAEDACAABBBCCAED;CAECECABBAACDBBABAEEBBDADAEBDADECAAACEAAEDBCD;BAABAADAEDEEACADEAEDADCEBCBCEABBDADDADADDCBCB;ABBEBEBDAABCBBADEAADDEDCEBBCEAADECAACEDBAEEDC;0;BCEAACDEDCAAEDDDEBBDDBECCAEDBBAAACCAEEXCBBCED;CAEDBADBEBCCEDADBAEACBCADCEDEBBEBACECEABCDDAD;EAAACDDCDADDCBDEECEECBDCDADEEBCBEBADBCEBDBDDDDCECB;ABBABBADDDBBCECEADCEBCCCDBADCBEDAECADACDBCECE;1;140;160;140;140;140;720
2769974;2024;15105016;1508357;Vitória do Xingu;15;PA;2;1;1;1500602;Altamira;15;PA;1;1;1;1;1420;1383;1395;1408;415;429.3;433.2;473;AAABBCDEBADAAAAAABCECECABDEDDCAEDACDDBADBADCA;BBABBACCADAADBEBDDB.ABCADBAEEBBABBADAEDDBBDAC;CAECABCCDCBADBBAEABAECEBABADCAAAADBAEABBBEADB;ABCDBCECBCEADBECBEACCACEBDECAAACEAAEAACDBBEDD;0;CAEDAACCAEEXCBBAEDBBCAACDEDCBCEECAAEDDDEBBDDB;CECEBEBCDBADDEBBABCDCAECEDADBAEABEADCEDADACBC;CAAAECDDDAECBECEDDCBDEDDCECBDCBCEADBBDBDDCBEDADEEB;CECEBEDADCAADECDBBCEBDCCCACABBABBADDDCEADBBCE;1;100;60;40;40;20;260
1104046;2024;15107035;1504455;Medicilândia;15;PA;2;1;1;1500602;Altamira;15;PA;1;1;1;1;1420;1383;1395;1408;374.3;525.8;504.1;445.8;ADDBEBBEADBCECABECEADECADDBCDDAAEBEACADCEBDCC;AEAAACBEBBBDBEEABECADAECCCAEEAEAECAEAEDCEAEBA;ACDDCDECECEBDCBCEDBCAABEEEDAABADBDBBCAEAADAEE;BBCDCBBCCAAEEEEDABDEBEDABDCCAADBECAEACDACEADD;1;CAEDAACCAEEXCBBAEDBBCAACDEDCBCEECAAEDDDEBBDDB;CECEBEBCDBADDEBBABCDCAECEDADBAEABEADCEDADACBC;CAAAECDDDAECBECEDDCBDEDDCECBDCBCEADBBDBDDCBEDADEEB;CECEBEDADCAADECDBBCEBDCCCACABBABBADDDCEADBBCE;1;160;200;140;180;200;880
3239280;2024;;;;;;;;;1500602;Altamira;15;PA;1;1;1;1;1422;1384;1396;1410;574.3;639.2;572.3;652.5;BCBEDADBDCAEADDDCEAEDACBDCABEDBBBEABCEEDBEDCB;BADBBCDCECEAEBBBEBCECDDACEEADEEEEAABBCCAECEDA;ACDEBCADECBBDBEEEDDECCAEDDCCCABDEBCACBEECEDAA;DBCEDCAACDDBADACBDDACCDBADBCBBCDBACBADABCDCBD;0;BBCEDBBAEXCCAEDDBCAEDAACAAEDDDEBBECBCEEDCAACD;DADABCDCECEDEBBBEBCDBADACBCADCEBEADBAECAECEDA;AACEADDDACDADECBBDBEEBDDECCBEDDCADBBDEBCEBDCECEDDC;DBCECEACADABBECBEDADCCDCCABBBCECEBCEADABBADDD;1;120;160;100;120;120;620
1368169;2024;;;;;;;;;1500602;Altamira;15;PA;1;1;1;1;1422;1384;1396;1410;445.7;482;510.4;403.7;EECABCAAECAEAEDCAEDABCCCDBBBCDEECAAEACDECABBB;BEBABEAAEBADABDACBCABCAECDAADAAEBABBEAACBCEDA;ECACCDDAECBBDAADBDAEACAEDEADBDEEEBBDBACEDECCC;DEDCDCDDCEDACAABCDBDCCAADDBECEDABADAEADDDEBDE;1;BBCEDBBAEXCCAEDDBCAEDAACAAEDDDEBBECBCEEDCAACD;DADABCDCECEDEBBBEBCDBADACBCADCEBEADBAECAECEDA;AACEADDDACDADECBBDBEEBDDECCBEDDCADBBDEBCEBDCECEDDC;DBCECEACADABBECBEDADCCDCCABBBCECEBCEADABBADDD;1;100;140;60;120;80;500
662340;2024;15105016;1508357;Vitória do Xingu;15;PA;2;1;1;1500602;Altamira;15;PA;1;1;1;1;1421;1386;1397;1409;448.9;518.6;506.4;471.1;DAADDECECBACCCACDCDADCABACDACBABEBBBADCDCDDAB;BBBAADEEBEAEDBDAEBDDDEADDDDDEECDAEDAEBEABEABB;BADBDEEECABEDBDEBEDBEAEAAEEEABCDADABDDBECBEEB;CBAACCBAAAEBCDCDCCCACCDADCECCCCEDCECBCADCABCA;1;DDBDDEBBAAEDECBCEEDCAACDBBCEDBBAEXCCAEAACCAED;ACBCADCEDBAECEDADBADBEBCDADABCDEABCAEDEBBCECE;AACEADACDDCBEDADEEBDDBDBBCEECBDCBADDDCBDEDDCECBECE;CEBCEADBBCEADDDABBABBCCDCCECEDBACADECABEDADCB;1;120;180;120;120;120;660
386650;2024;;;;;;;;;1500602;Altamira;15;PA;0;0;0;0;;;;;;;;;;;;;0;;;;;;;;;;;
1065302;2024;;;;;;;;;1500602;Altamira;15;PA;1;1;1;1;1419;1385;1398;1407;669.6;728.3;645.1;785.9;BCEDCCDDDCBAEDEBBBBDDBCCEAEDBEBCACCAEECCADDED;CAEDBADBEBECEDABBAEACBEADCEDDBBECACECEDBCDDAD;EBAACBBCBDEECEDCBDCDADEEBCBEDADBDEDDBDADDCECB;DBBACEADDDABCECEACEEBBCCDCCDABEDDECDDACDBCECE;0;BCEAACDEDCAAEDDDEBBDDBECCAEDBBAAACCAEEXCBBCED;CAEDBADBEBCCEDADBAEACBCADCEDEBBEBACECEABCDDAD;EAAACDDCDADDCBDEECEECBDCDADEEBCBEBADBCEBDBDDDDCECB;ABBABBADDDBBCECEADCEBCCCDBADCBEDAECADACDBCECE;1;160;200;140;160;200;860
2066555;2024;;;;;;;;;1500602;Altamira;15;PA;1;1;1;1;1421;1386;1397;1409;647;673.4;540.7;632.5;DDBDDCBBAADDACBAEDDCCACBDBBEDABDEACEAACBCEAEC;ACBCACAEBBAEAEDADAADBEBADBDDBCBEAACAEDABBCECE;DABDDCBEDADEEBBACDBBBBEBBBCBBBBDCBBBBBBBBBECE;CDBBBBBBBBBBBBBBBCDCCBCACCECBCBADACCCADEDBDBB;1;DDBDDEBBAAEDECBCEEDCAACDBBCEDBBAEXCCAEAACCAED;ACBCADCEDBAECEDADBADBEBCDADABCDEABCAEDEBBCECE;AACEADACDDCBEDADEEBDDBDBBCEECBDCBADDDCBDEDDCECBECE;CEBCEADBBCEADDDABBABBCCDCCECEDBACADECABEDADCB;1;160;200;120;160;120;760
1259295;2024;15106250;1501725;Brasil Novo;15;PA;2;1;1;1500602;Altamira;15;PA;1;1;1;1;1419;1385;1398;1407;482.3;493.6;528.7;401.6;CDBABACDDCBEEAADEBEDCCADACABDECACCEABECEDBCDB;BABDDDDCDACCCDADBBCECDDEDCEAEABBCABCBCBBBBBDD;BAA*DCBCBDEEAEADBCECABEEDEDCEABBDEBDCDECDCECB;ACCDCDBCAACABDDDBCBBADCDEBDCCCDDBEBDBCBCDEBCC;0;BCEAACDEDCAAEDDDEBBDDBECCAEDBBAAACCAEEXCBBCED;CAEDBADBEBCCEDADBAEACBCADCEDEBBEBACECEABCDDAD;EAAACDDCDADDCBDEECEECBDCDADEEBCBEBADBCEBDBDDDDCECB;ABBABBADDDBBCECEADCEBCCCDBADCBEDAECADACDBCECE;1;140;180;180;140;180;820
1696982;2024;;;;;;;;;1500602;Altamira;15;PA;1;1;1;1;1419;1385;1398;1407;450.4;422.5;461;405.7;ECDACEDDBCACCEBDCAADADECBADAEBEEACEABDCEDAABB;EECDEDACBCCDCBABBAAACBCDCDAAEEDCEAABACAADACDE;ECABBBECCECEEBABECCDBEBEBDEDADABAABDBBDBAEBCA;AEDCBACEDDBADECEBDABCADCDCDCADDECBCCAEBEBEABC;0;BCEAACDEDCAAEDDDEBBDDBECCAEDBBAAACCAEEXCBBCED;CAEDBADBEBCCEDADBAEACBCADCEDEBBEBACECEABCDDAD;EAAACDDCDADDCBDEECEECBDCDADEEBCBEBADBCEBDBDDDDCECB;ABBABBADDDBBCECEADCEBCCCDBADCBEDAECADACDBCECE;1;100;80;40;100;20;340
411859;2024;15583058;1500602;Altamira;15;PA;2;1;1;1500602;Altamira;15;PA;1;1;1;1;1419;1385;1398;1407;470.8;338.6;414.9;435.5;ABCBECBDECACECDAEEDCADEBBCEADCBCBACADB.BECBCE;CBCEBDBCBDBCBDCACBDBDBDCBDCBCDACCCBDEEDCBCEDB;ADCACBECDCAABDBDACEDACECBABBCEABDCCBECACBDCBD;BDBCEAAECEDECAAACECDBBEBBCCBDAADBCBDBCBCBCBDA;0;BCEAACDEDCAAEDDDEBBDDBECCAEDBBAAACCAEEXCBBCED;CAEDBADBEBCCEDADBAEACBCADCEDEBBEBACECEABCDDAD;EAAACDDCDADDCBDEECEECBDCDADEEBCBEBADBCEBDBDDDDCECB;ABBABBADDDBBCECEADCEBCCCDBADCBEDAECADACDBCECE;1;100;120;120;100;80;520
115039;2024;15583058;1500602;Altamira;15;PA;2;1;1;1500602;Altamira;15;PA;1;1;1;1;1419;1385;1398;1407;497.5;512.2;573.4;490.6;ACEDBBDEEADBDEEDBBBDCEEABCEBDBEAADABCDEDECBCC;DABDBDCBEBCCCBABCADABCCADCDBDBDADADCEBBEECACD;DDCABCACBDEECACAADEEADEEBBAEABBBCCBDBDDDDCECD;CADABEBCBDCCEBDADCEEABCAECCDACACACDCDCDDACDCB;1;BCEAACDEDCAAEDDDEBBDDBECCAEDBBAAACCAEEXCBBCED;CAEDBADBEBCCEDADBAEACBCADCEDEBBEBACECEABCDDAD;EAAACDDCDADDCBDEECEECBDCDADEEBCBEBADBCEBDBDDDDCECB;ABBABBADDDBBCECEADCEBCCCDBADCBEDAECADACDBCECE;1;100;140;120;120;200;680
3509840;2024;15141179;1500602;Altamira;15;PA;4;1;1;1500602;Altamira;15;PA;1;1;1;1;1419;1385;1398;1407;565.4;624.6;594.7;731.4;BEEDECBEBCAEABCCDABDBBBCEDECBDDBADECDEBDAECAB;CEEDBDDBEBECEDADEBEAEBCACEEBEEDEEACECEBBCBBCD;EBADDDDABDEECCCCADCDADEEBCBEDDDBCDDDBDDDDAECB;EEBABBACDDDBCBBDAACBBCCEECABBBECAEDADACABCECE;0;BCEAACDEDCAAEDDDEBBDDBECCAEDBBAAACCAEEXCBBCED;CAEDBADBEBCCEDADBAEACBCADCEDEBBEBACECEABCDDAD;EAAACDDCDADDCBDEECEECBDCDADEEBCBEBADBCEBDBDDDDCECB;ABBABBADDDBBCECEADCEBCCCDBADCBEDAECADACDBCECE;1;160;180;180;200;160;880
1808917;2024;;;;;;;;;1500602;Altamira;15;PA;0;0;0;0;;;;;;;;;;;;;0;;;;;;;;;;;
1233747;2024;;;;;;;;;1500602;Altamira;15;PA;1;1;1;1;1422;1384;1396;1410;494.5;570.6;548.6;484.2;BECABCAADCDDECDEBECEEBCDEABDABBEBAEBADDCAACDB;BADDBCDAECADEBDAEBCDBABADDEADEBACADBECBADCEEA;ABCCDDADCCBDDAEEBDEEACBEDCCAADCEEBDBDABECECCD;DADDBCADDDBCDEDAEDDEBBABADDDCEBCCBEDCCEB...ED;0;BBCEDBBAEXCCAEDDBCAEDAACAAEDDDEBBECBCEEDCAACD;DADABCDCECEDEBBBEBCDBADACBCADCEBEADBAECAECEDA;AACEADDDACDADECBBDBEEBDDECCBEDDCADBBDEBCEBDCECEDDC;DBCECEACADABBECBEDADCCDCCABBBCECEBCEADABBADDD;1;120;180;120;120;120;660
656714;2024;;;;;;;;;1500602;Altamira;15;PA;1;1;1;1;1421;1386;1397;1409;537.6;547.3;570.4;445.3;DACDBEEDEBCBBCBBDEECAEDACCCEBCABEBDEAEDDCCAEA;ABCEADCECEAEDDDAABCABEADDADBACEDAEAACDABDBDCB;AACDEABEDADEEBDDBDABDACBDCCBEBDDCBDEDDDECDEAA;EDABCECAABDBDDAACCDBACEDBBADECDEDECBBBACDACDE;0;DDBDDEBBAAEDECBCEEDCAACDBBCEDBBAEXCCAEAACCAED;ACBCADCEDBAECEDADBADBEBCDADABCDEABCAEDEBBCECE;AACEADACDDCBEDADEEBDDBDBBCEECBDCBADDDCBDEDDCECBECE;CEBCEADBBCEADDDABBABBCCDCCECEDBACADECABEDADCB;1;120;160;120;120;120;640
843168;2024;;;;;;;;;1500602;Altamira;15;PA;1;1;1;1;1419;1385;1398;1407;564;568.7;608.1;420.4;BBBAECBEABCCCBDEBECDDBACECEBAADAECBCEEDBEDECA;CAEABDDBBAECEDACDAEADDAADBEDEBDBEACEEBBEADBAB;BACEADDCBDEECEECCACCADEEBEAEBCDBDACDBCADDCECB;BCEDADBCAACEECDCDCCADBEACEEBEDAEBCCBDABAEDABA;1;BCEAACDEDCAAEDDDEBBDDBECCAEDBBAAACCAEEXCBBCED;CAEDBADBEBCCEDADBAEACBCADCEDEBBEBACECEABCDDAD;EAAACDDCDADDCBDEECEECBDCDADEEBCBEBADBCEBDBDDDDCECB;ABBABBADDDBBCECEADCEBCCCDBADCBEDAECADACDBCECE;1;140;200;120;180;180;820
1049241;2024;;;;;;;;;1500602;Altamira;15;PA;1;1;1;1;1421;1386;1397;1409;430.1;442.2;464.2;459;DCDEBDAAEBEDAEACBECBCBCBCBCDECCBCDBEDEEBEEBCE;DBCBACEBACCDCDEADBBADECEBCDAAAEBACBCAABCDAEED;EBDCDDDEDBDAEACCBDCCCDCBAAEBCABCADBBDABECAEBA;ACDAAEECDECDCDCBEDCBCCCDDBDEEBBAECDBECEEACACC;1;DDBDDEBBAAEDECBCEEDCAACDBBCEDBBAEXCCAEAACCAED;ACBCADCEDBAECEDADBADBEBCDADABCDEABCAEDEBBCECE;AACEADACDDCBEDADEEBDDBDBBCEECBDCBADDDCBDEDDCECBECE;CEBCEADBBCEADDDABBABBCCDCCECEDBACADECABEDADCB;1;80;120;100;120;0;420
484582;2024;;;;;;;;;1500602;Altamira;15;PA;0;0;0;0;;;;;;;;;;;;;1;;;;;;;;;;;
2721466;2024;;;;;;;;;1500602;Altamira;15;PA;1;1;1;1;1419;1385;1398;1407;428.4;473.1;529.2;438.1;DEBCDDADCAECEEEEDEBAECEEEEEAEBEDAEEACABAEDEDC;CABEEDEEEAEDCEAEEEDABEEADEADEAABEECEAEABCEAEC;DEABABDBBCEECEAAEDCDBCBEBAEEBCEC.EDDDBDDEEECB;DDCCEECEADEAEDADDDACDDEBADDAAEBEAABCCAEBADEDC;1;BCEAACDEDCAAEDDDEBBDDBECCAEDBBAAACCAEEXCBBCED;CAEDBADBEBCCEDADBAEACBCADCEDEBBEBACECEABCDDAD;EAAACDDCDADDCBDEECEECBDCDADEEBCBEBADBCEBDBDDDDCECB;ABBABBADDDBBCECEADCEBCCCDBADCBEDAECADACDBCECE;1;100;120;80;120;60;480
4173659;2024;;;;;;;;;1500602;Altamira;15;PA;0;0;0;0;;;;;;;;;;;;;0;;;;;;;;;;;
1490912;2024;15107035;1504455;Medicilândia;15;PA;2;1;1;1500602;Altamira;15;PA;1;1;1;1;1419;1385;1398;1407;388.6;496.5;503.9;386.1;ACAADEBBAADCBEBDDDCBCAACBAABDBCEECBAEBCDCCBBC;CAECEDDBEBBCACBBEADBAEEABACBBEEEBAABEAEBBCBAD;DBDACBBCBEEEDAEBCCEDAECEBBCAECEBCADDDAEADBECA;ABC.DEBDAACEBABDDAACBECDABDBACCEDBDAECEADEDCC;1;BCEAACDEDCAAEDDDEBBDDBECCAEDBBAAACCAEEXCBBCED;CAEDBADBEBCCEDADBAEACBCADCEDEBBEBACECEABCDDAD;EAAACDDCDADDCBDEECEECBDCDADEEBCBEBADBCEBDBDDDDCECB;ABBABBADDDBBCECEADCEBCCCDBADCBEDAECADACDBCECE;1;100;160;120;140;120;640
3692744;2024;;;;;;;;;1500602;Altamira;15;PA;1;1;1;1;1419;1385;1398;1407;378.5;529.8;543.4;376.7;AAABDECEDCEBCEDDBECACCABEDABEABCDAEBCBBDECADE;DAEEBCDBDCACABAABBCAADCAEDABEDDBEAAACDEBCCDCD;BBCAEBDCBDEECAAADCBBADEEDCBEDAEBDCEDADBCAAECB;BCDDEEBCDBEAACDEDCAEAADECBCABBAECDCBCEDBEDABA;1;BCEAACDEDCAAEDDDEBBDDBECCAEDBBAAACCAEEXCBBCED;CAEDBADBEBCCEDADBAEACBCADCEDEBBEBACECEABCDDAD;EAAACDDCDADDCBDEECEECBDCDADEEBCBEBADBCEBDBDDDDCECB;ABBABBADDDBBCECEADCEBCCCDBADCBEDAECADACDBCECE;1;140;160;140;140;80;660
2009942;2024;;;;;;;;;1500602;Altamira;15;PA;1;1;1;1;1422;1384;1396;1410;444.1;486.8;558.2;416.5;EDBBBBDAACBEAEDEABDCBCEDDBEEBEDBECBBDBDBDACEB;ACDBECEBEABBEEDBECCECDBABBEACEEECECEAABBDCCBA;ABEAADADECBBDAEEBDAADBCEDDADEEADEBDAECCECCCDC;BCCBDCABCBCCABBDBDDBECABECDABADECDBBDCCDDECBB;0;BBCEDBBAEXCCAEDDBCAEDAACAAEDDDEBBECBCEEDCAACD;DADABCDCECEDEBBBEBCDBADACBCADCEBEADBAECAECEDA;AACEADDDACDADECBBDBEEBDDECCBEDDCADBBDEBCEBDCECEDDC;DBCECEACADABBECBEDADCCDCCABBBCECEBCEADABBADDD;1;120;120;100;100;80;520
3786792;2024;;;;;;;;;1500602;Altamira;15;PA;0;0;0;0;;;;;;;;;;;;;1;;;;;;;;;;;
3801827;2024;;;;;;;;;1500602;Altamira;15;PA;0;0;0;0;;;;;;;;;;;;;0;;;;;;;;;;;
2899090;2024;;;;;;;;;1500602;Altamira;15;PA;0;0;0;0;;;;;;;;;;;;;1;;;;;;;;;;;
2153946;2024;;;;;;;;;1500602;Altamira;15;PA;1;1;1;1;1421;1386;1397;1409;422.8;398;328.4;403.5;EEBABBACDEA*BDEABCEDBDAECBAEBDDEACBEDCADCBDEA;BCAEDB.ADCEEDBAAEBCADEBCDBCAEBABEDCABEDBAECDB;DBCAEDACDEBCDAEEBACDEBDACBCAEDCBAEDCABDCEADBC;DABCEDACEBDCBEAEBDCABDECDCBAEADCEADCBEDACBAED;0;DDBDDEBBAAEDECBCEEDCAACDBBCEDBBAEXCCAEAACCAED;ACBCADCEDBAECEDADBADBEBCDADABCDEABCAEDEBBCECE;AACEADACDDCBEDADEEBDDBDBBCEECBDCBADDDCBDEDDCECBECE;CEBCEADBBCEADDDABBABBCCDCCECEDBACADECABEDADCB;1;80;100;100;80;40;400
2899153;2024;15104893;1500602;Altamira;15;PA;2;1;1;1500602;Altamira;15;PA;1;1;1;1;1420;1383;1395;1408;426.1;517.1;507.6;453;DCABEADEDEECBCABDCDEABDACCDDDBACEEBCAEBBDCDAB;BECBEECDCBBDCDABBEBDCABCDDADEAAACEDEBCAADBBEC;ABADBECBECDCDDBDEEDCDBDACBADCEBADADDEBDCCCADA;CDBCAEDCDCEBDABBCCBEAACEBEDDCDBCDCEEDACAADEBB;0;CAEDAACCAEEXCBBAEDBBCAACDEDCBCEECAAEDDDEBBDDB;CECEBEBCDBADDEBBABCDCAECEDADBAEABEADCEDADACBC;CAAAECDDDAECBECEDDCBDEDDCECBDCBCEADBBDBDDCBEDADEEB;CECEBEDADCAADECDBBCEBDCCCACABBABBADDDCEADBBCE;1;120;160;120;120;0;520
1834490;2024;15169138;1500602;Altamira;15;PA;2;1;1;1500602;Altamira;15;PA;0;0;0;0;;;;;;;;;;;;;1;;;;;;;;;;;
2394424;2024;;;;;;;;;1500602;Altamira;15;PA;1;1;1;1;1419;1385;1398;1407;369.1;422.2;483.2;388.7;ADABDEBBECDBDBABABBECADADEABCABEBCEAAEEEDCBAB;BAADABAAEAADBBAAEDABCBADEACAEBABAADEAEACACAAE;ADEADCBBBEEEDDABBADBBDCEBEBAAEEBEBDDDDDAEBBCE;BCADCECCCEEAEAABDABDDD.EDBCAABDEAAEABDDBBEACC;1;BCEAACDEDCAAEDDDEBBDDBECCAEDBBAAACCAEEXCBBCED;CAEDBADBEBCCEDADBAEACBCADCEDEBBEBACECEABCDDAD;EAAACDDCDADDCBDEECEECBDCDADEEBCBEBADBCEBDBDDDDCECB;ABBABBADDDBBCECEADCEBCCCDBADCBEDAECADACDBCECE;1;120;120;100;120;120;580
1556173;2024;;;;;;;;;1500602;Altamira;15;PA;0;0;0;0;;;;;;;;;;;;;0;;;;;;;;;;;
1248414;2024;;;;;;;;;1500602;Altamira;15;PA;1;1;1;1;1419;1385;1398;1407;488.4;569.4;555.9;515.5;DDEEDDBDDDCAEDDDDDDDAAEAECADDBBEDDEADABBBCDEE;CABEBCDCCBCCEEABBBEADCAADEEBEEBECAAEAABBCCBCD;EAABCCECBDEBADDABDBCADEEBABEDDABDABDEBDEDDECB;BCCABCBCCADDBECCCCBDABCBBBBDDABDABDBBADEADEDD;0;BCEAACDEDCAAEDDDEBBDDBECCAEDBBAAACCAEEXCBBCED;CAEDBADBEBCCEDADBAEACBCADCEDEBBEBACECEABCDDAD;EAAACDDCDADDCBDEECEECBDCDADEEBCBEBADBCEBDBDDDDCECB;ABBABBADDDBBCECEADCEBCCCDBADCBEDAECADACDBCECE;1;160;200;120;180;200;860
2975904;2024;;;;;;;;;1500602;Altamira;15;PA;1;1;1;1;1420;1383;1395;1408;598.3;560.6;550.2;619.4;EAEEDACEAEEBBABADACBBAACACEBBCBECAACBCEEBCDAA;DECBBCAEAAADBEDBBBCCCABCCDACBADAEDADDDDADACCA;CBAADEDDECEEDCBDECDCDBBBDBCBDBADDADDBDCDADEEB;ACBBCDCCBDACABBDBADBBBBBBDCABDABDBCDDDBEDDBCD;0;CAEDAACCAEEXCBBAEDBBCAACDEDCBCEECAAEDDDEBBDDB;CECEBEBCDBADDEBBABCDCAECEDADBAEABEADCEDADACBC;CAAAECDDDAECBECEDDCBDEDDCECBDCBCEADBBDBDDCBEDADEEB;CECEBEDADCAADECDBBCEBDCCCACABBABBADDDCEADBBCE;1;120;120;140;100;100;580
3639299;2024;;;;;;;;;1500602;Altamira;15;PA;0;0;0;0;;;;;;;;;;;;;0;;;;;;;;;;;
546195;2024;;;;;;;;;1500602;Altamira;15;PA;1;1;1;1;1420;1383;1395;1408;509.5;477.6;509.5;390.2;EAEACCBCCDAADEDCBADCCBDAAEDEAAEECCCCDAECBBDAC;BADAAEACCCBDBEDDAACDBAECCEBEEBCCEDACBDBDDABEA;BCDACECBECACEDAEEBACDCAACBAABDBCDCBDBAAEADCEB;DDDBDCEBDCBABECECCADADEBBEDDBBDCCECABECDBCDCB;1;CAEDAACCAEEXCBBAEDBBCAACDEDCBCEECAAEDDDEBBDDB;CECEBEBCDBADDEBBABCDCAECEDADBAEABEADCEDADACBC;CAAAECDDDAECBECEDDCBDEDDCECBDCBCEADBBDBDDCBEDADEEB;CECEBEDADCAADECDBBCEBDCCCACABBABBADDDCEADBBCE;1;120;140;120;120;100;600
1278719;2024;;;;;;;;;1500602;Altamira;15;PA;0;1;1;0;;1386;1397;;;358.7;358.1;;;CDCDCDCBCBCDBAABCBABCCCAAABCCCBCDBBCCBCCECECD;DCCCDBCECAACCCDBDCDCDB*BCDCDCDCCBCDCCCDBBCCDC;;1;;ACBCADCEDBAECEDADBADBEBCDADABCDEABCAEDEBBCECE;AACEADACDDCBEDADEEBDDBDBBCEECBDCBADDDCBDEDDCECBECE;;1;100;140;120;120;140;620
2480647;2024;;;;;;;;;1500602;Altamira;15;PA;0;0;0;0;;;;;;;;;;;;;0;;;;;;;;;;;
1943362;2024;15205401;1500602;Altamira;15;PA;4;1;1;1500602;Altamira;15;PA;1;1;1;1;1420;1383;1395;1408;383.5;302.2;382.6;379.5;CACBBDAEEDEDEEAEEBCDCDCEADCCACBAEABCDAEEBCBEC;BEEBA........................................;ADCEBADCBEEBDAEDAABBCABCEEDDECDBD.EAEBBBAEDAE;EAECACBDEACDCCBCEDACEECBACDACDECCAEBCDBEBDACE;0;CAEDAACCAEEXCBBAEDBBCAACDEDCBCEECAAEDDDEBBDDB;CECEBEBCDBADDEBBABCDCAECEDADBAEABEADCEDADACBC;CAAAECDDDAECBECEDDCBDEDDCECBDCBCEADBBDBDDCBEDADEEB;CECEBEDADCAADECDBBCEBDCCCACABBABBADDDCEADBBCE;4;0;0;0;0;0;0
2792528;2024;;;;;;;;;1500602;Altamira;15;PA;0;0;0;0;;;;;;;;;;;;;0;;;;;;;;;;;
2703672;2024;;;;;;;;;1500602;Altamira;15;PA;0;0;0;0;;;;;;;;;;;;;0;;;;;;;;;;;
2069639;2024;;;;;;;;;1500602;Altamira;15;PA;1;1;1;1;1422;1384;1396;1410;373.8;409.5;501.7;549.7;BBBBBCADDDCBEDEECCCCCAEADCBADABEAAADAAAACBBBB;CAACBCECAADCCEDACCCCCBDADDD*EEDCBAAECBDADCACC;ABBAECADECBBDBEEADAAADDAEDABABCCCEDABCDECDBBC;DBDEDDADCCCADBCCCCCAACEBAAEDEEECECCCBDDBECCAD;0;BBCEDBBAEXCCAEDDBCAEDAACAAEDDDEBBECBCEEDCAACD;DADABCDCECEDEBBBEBCDBADACBCADCEBEADBAECAECEDA;AACEADDDACDADECBBDBEEBDDECCBEDDCADBBDEBCEBDCECEDDC;DBCECEACADABBECBEDADCCDCCABBBCECEBCEADABBADDD;1;120;120;120;120;40;520
4071110;2024;;;;;;;;;1500602;Altamira;15;PA;1;1;1;1;1422;1384;1396;1410;524.7;509;542.4;440.3;BDAECADAECCECEDBAECDDECAACEEADEACCDBADDDBCBEC;DADDBCDCACEEBADADCECBDBABDAADECEBADDADBAEEBAE;ADCBEDADECBDDACEBDECBCAEDDACBCDCEBDABCBEDADCD;ABCBCEADACABCDEBCDDBDBBBDBACDDBDBADBABDCCADDB;0;BBCEDBBAEXCCAEDDBCAEDAACAAEDDDEBBECBCEEDCAACD;DADABCDCECEDEBBBEBCDBADACBCADCEBEADBAECAECEDA;AACEADDDACDADECBBDBEEBDDECCBEDDCADBBDEBCEBDCECEDDC;DBCECEACADABBECBEDADCCDCCABBBCECEBCEADABBADDD;1;140;120;100;100;120;580
1114254;2024;15177858;1500602;Altamira;15;PA;2;2;1;1500602;Altamira;15;PA;1;1;1;1;1422;1384;1396;1410;496.2;399.9;511.4;435.7;EDBEBAADBABEDDDABDEEBAAABBAEABEBBAEEEADDBACCA;ABDABDECADEBDAAABCCDCAABDBEEDBDCCDEABEEABADAA;BBCCDBADECBCDDDECDDEBDDBBDAECDBAEBDAAACECDCCA;BDCACBEDDCCCBCBACEAAEECBBAEDACEAEEADEAAECBABB;1;BBCEDBBAEXCCAEDDBCAEDAACAAEDDDEBBECBCEEDCAACD;DADABCDCECEDEBBBEBCDBADACBCADCEBEADBAECAECEDA;AACEADDDACDADECBBDBEEBDDECCBEDDCADBBDEBCEBDCECEDDC;DBCECEACADABBECBEDADCCDCCABBBCECEBCEADABBADDD;1;120;120;120;120;160;640
3904662;2024;;;;;;;;;1500602;Altamira;15;PA;0;0;0;0;;;;;;;;;;;;;0;;;;;;;;;;;
1181489;2024;15106250;1501725;Brasil Novo;15;PA;2;1;1;1500602;Altamira;15;PA;1;1;1;1;1420;1383;1395;1408;487.5;558.6;506.7;440.2;EDEDDDDBDEEBCAEEDCBAABEACCDAD.BACCCCDECBEEDAA;CECBBECEBBBDBABDBBCDCABCCAACDBEACCADEDDEAABEA;A*DBDACEACAADBABECBCAABCECDAAEBCDBB*ABCDADEEB;AACBEBCEBAEABDABBAADCCCABBBECAACBABDBABBEACBB;1;CAEDAACCAEEXCBBAEDBBCAACDEDCBCEECAAEDDDEBBDDB;CECEBEBCDBADDEBBABCDCAECEDADBAEABEADCEDADACBC;CAAAECDDDAECBECEDDCBDEDDCECBDCBCEADBBDBDDCBEDADEEB;CECEBEDADCAADECDBBCEBDCCCACABBABBADDDCEADBBCE;1;160;200;160;180;200;900
1122879;2024;;;;;;;;;1500602;Altamira;15;PA;0;0;0;0;;;;;;;;;;;;;1;;;;;;;;;;;
514436;2024;15583058;1500602;Altamira;15;PA;2;1;1;1500602;Altamira;15;PA;1;1;1;1;1422;1384;1396;1410;441.4;356.2;435.1;439.2;CDADBEACABEBDECAACEBDACBDDEACACADCEBDBAADCEBD;BEBECABEBADDAABBABCCCBAEBCAEBDCCAD*BCAABBDACA;AEAEBAACDCDADEECBDBDBDEACBAECAEACBACECEBDAECA;EBDABBDCEDACDAEBDACAECDDACDBECEACBDBCEBACEBDC;0;BBCEDBBAEXCCAEDDBCAEDAACAAEDDDEBBECBCEEDCAACD;DADABCDCECEDEBBBEBCDBADACBCADCEBEADBAECAECEDA;AACEADDDACDADECBBDBEEBDDECCBEDDCADBBDEBCEBDCECEDDC;DBCECEACADABBECBEDADCCDCCABBBCECEBCEADABBADDD;1;80;120;80;100;0;380
1106832;2024;15106101;1500602;Altamira;15;PA;2;1;1;1500602;Altamira;15;PA;0;0;0;0;;;;;;;;;;;;;0;;;;;;;;;;;
1609986;2024;;;;;;;;;1500602;Altamira;15;PA;0;0;0;0;;;;;;;;;;;;;0;;;;;;;;;;;
3836986;2024;;;;;;;;;1500602;Altamira;15;PA;1;1;1;1;1422;1384;1396;1410;468.4;518.2;474.2;414.1;ADEDBDCEEBEBADBBAEEEBEBDCEACCDAADBEBDBCBEEBCE;BCDDBCDDABBEDCCCEDCEEBDACABADEEE*BAEECACE*EDA;ABACDEBBBCBEDACECDADCCCBCDBEEDAEEBABECEEEADBB;BCDBDCBDCBDAEBABDDDCEACDBCBCDABCEDBDCEDABBDDC;1;BBCEDBBAEXCCAEDDBCAEDAACAAEDDDEBBECBCEEDCAACD;DADABCDCECEDEBBBEBCDBADACBCADCEBEADBAECAECEDA;AACEADDDACDADECBBDBEEBDDECCBEDDCADBBDEBCEBDCECEDDC;DBCECEACADABBECBEDADCCDCCABBBCECEBCEADABBADDD;1;100;140;100;120;20;480
1093400;2024;;;;;;;;;1500602;Altamira;15;PA;1;1;1;1;1422;1384;1396;1410;403.8;378.2;408.3;468.8;CCBBAAABCECAEBDACDAACDBEEABDACBEDABCDECBDEACB;BCBBEEADDEDCBABBCDEEDCBABCADEDACBEECCABCBCACA;ABEEDEBCDDBCDDACBECEEACDBACABCDEEDCBAABCDAEAD;BACDEAACDEBCADECCBBAAABCECAEBDACDAACDBEEABDAC;0;BBCEDBBAEXCCAEDDBCAEDAACAAEDDDEBBECBCEEDCAACD;DADABCDCECEDEBBBEBCDBADACBCADCEBEADBAECAECEDA;AACEADDDACDADECBBDBEEBDDECCBEDDCADBBDEBCEBDCECEDDC;DBCECEACADABBECBEDADCCDCCABBBCECEBCEADABBADDD;4;0;0;0;0;0;0
4203068;2024;;;;;;;;;1500602;Altamira;15;PA;0;0;0;0;;;;;;;;;;;;;1;;;;;;;;;;;
1624437;2024;;;;;;;;;1500602;Altamira;15;PA;1;1;1;1;1419;1385;1398;1407;382.7;469.3;437.7;441.9;ACAABEACAABCBDBBDECDECBDBEBCCABBBCEAECDDDCEDB;CADBDCDBCCACACBCB.DAEABAADBCEBDAEAAACBCEBCDDC;DCACDBBDDCBDABCDEDCDABCDBADADCCDBBBDEEDDDEEEB;BBCC*BCECBBBBCCCDDDBBBAA*ECEACEACBDBBBDCBDDDD;0;BCEAACDEDCAAEDDDEBBDDBECCAEDBBAAACCAEEXCBBCED;CAEDBADBEBCCEDADBAEACBCADCEDEBBEBACECEABCDDAD;EAAACDDCDADDCBDEECEECBDCDADEEBCBEBADBCEBDBDDDDCECB;ABBABBADDDBBCECEADCEBCCCDBADCBEDAECADACDBCECE;1;80;160;120;120;160;640
3248834;2024;;;;;;;;;1500602;Altamira;15;PA;1;1;1;1;1420;1383;1395;1408;514.6;484.8;430.4;545.3;EEEDAECEABEBDBCEDECCBCEBDDBEAEBBADACEDBBADDDD;ECBEECCCEEABDEBEBECEDDACCBCABAAABDDDAEAADA*.C;EBADECDEABBECEDBADDBAACADBDDAEEEDBADAABCADDEA;ECDBDEDDCCCBBCDAEBBDBDCCDEEBCCADCABDDABEABECC;1;CAEDAACCAEEXCBBAEDBBCAACDEDCBCEECAAEDDDEBBDDB;CECEBEBCDBADDEBBABCDCAECEDADBAEABEADCEDADACBC;CAAAECDDDAECBECEDDCBDEDDCECBDCBCEADBBDBDDCBEDADEEB;CECEBEDADCAADECDBBCEBDCCCACABBABBADDDCEADBBCE;1;120;120;120;120;140;620
1113207;2024;15104907;1500602;Altamira;15;PA;2;1;1;1500602;Altamira;15;PA;1;1;1;1;1421;1386;1397;1409;437.4;459.1;517;499.1;DEAEEEACCCBEDADCBEBDABBCDCCECAAADCDDABAECEDAD;ABBAADDADEBAEDDAEDDBCECCECECECCBACCEBEEEBAAAB;DBBBDDDBEADEEBDEDAABCADDBADBAEDDBEEEBABECEECA;BAEDBEDDDEACCADACCBBCCDCADDDBAAADCDAEDCCDBBBB;1;DDBDDEBBAAEDECBCEEDCAACDBBCEDBBAEXCCAEAACCAED;ACBCADCEDBAECEDADBADBEBCDADABCDEABCAEDEBBCECE;AACEADACDDCBEDADEEBDDBDBBCEECBDCBADDDCBDEDDCECBECE;CEBCEADBBCEADDDABBABBCCDCCECEDBACADECABEDADCB;1;80;160;100;120;100;560
1061629;2024;;;;;;;;;1500602;Altamira;15;PA;0;0;0;0;;;;;;;;;;;;;0;;;;;;;;;;;
2725806;2024;;;;;;;;;1500602;Altamira;15;PA;0;0;0;0;;;;;;;;;;;;;1;;;;;;;;;;;
2560385;2024;15141179;1500602;Altamira;15;PA;4;1;1;1500602;Altamira;15;PA;1;1;1;1;1420;1383;1395;1408;498.3;584.7;557.8;584.3;ECABAEDEAEBADCADCBDEDCACBDDCBEBDCCDCBAEDBADCD;DECBBCBADBCDBEADEBDDCADCECABBCEAECADEEDCDACDC;CAAADECBECDDEDBBECBCABBDEEDADDDCDADDCBEBBDCEB;DEDCCACADBDBCBCECECDACCDBEDDEBAADDCDBCBADCBAD;0;CAEDAACCAEEXCBBAEDBBCAACDEDCBCEECAAEDDDEBBDDB;CECEBEBCDBADDEBBABCDCAECEDADBAEABEADCEDADACBC;CAAAECDDDAECBECEDDCBDEDDCECBDCBCEADBBDBDDCBEDADEEB;CECEBEDADCAADECDBBCEBDCCCACABBABBADDDCEADBBCE;1;120;160;120;140;200;740
722199;2024;;;;;;;;;1500602;Altamira;15;PA;1;1;1;1;1422;1384;1396;1410;480.5;407.5;429.8;425.3;BCABECAAEABEDBDAEEDDBADDBABEECCDCEBDCBDCEAACD;AABAEEAEACDCABABCDBABDEACBEBEABAEAACCBA*BDBEA;ADDADBAABCEEDBCEBCAABBEBCADBAECBDAEBCDDECDEAD;CDECCBAADDDCBEBDADDBAACDBEBDADEDACCAEDECBBDEC;0;BBCEDBBAEXCCAEDDBCAEDAACAAEDDDEBBECBCEEDCAACD;DADABCDCECEDEBBBEBCDBADACBCADCEBEADBAECAECEDA;AACEADDDACDADECBBDBEEBDDECCBEDDCADBBDEBCEBDCECEDDC;DBCECEACADABBECBEDADCCDCCABBBCECEBCEADABBADDD;1;120;120;120;120;120;600
1272156;2024;15169138;1500602;Altamira;15;PA;2;1;1;1500602;Altamira;15;PA;0;0;0;0;;;;;;;;;;;;;1;;;;;;;;;;;
2817905;2024;15178145;1508357;Vitória do Xingu;15;PA;2;2;1;1500602;Altamira;15;PA;1;1;1;1;1419;1385;1398;1407;442.5;519;514.8;581.2;EDAEBABDBCADBCBBEDBDACAEEAABBAAECCEAEAADDDCBB;DABEBBDCCACCEBACEBDACEAABECDEEBDEABEBBDECCAED;CCBDBBBBEEEECCABBAEBACEDBDBADAEBDCCDBBDDDADCB;BACBBEAEBBCEEBECACCDBCEECCECDDCDACBEDADDCDBEC;1;BCEAACDEDCAAEDDDEBBDDBECCAEDBBAAACCAEEXCBBCED;CAEDBADBEBCCEDADBAEACBCADCEDEBBEBACECEABCDDAD;EAAACDDCDADDCBDEECEECBDCDADEEBCBEBADBCEBDBDDDDCECB;ABBABBADDDBBCECEADCEBCCCDBADCBEDAECADACDBCECE;1;120;120;120;120;100;580
4051775;2024;;;;;;;;;1500602;Altamira;15;PA;0;0;0;0;;;;;;;;;;;;;1;;;;;;;;;;;
3043522;2024;;;;;;;;;1500602;Altamira;15;PA;1;1;1;1;1420;1383;1395;1408;564.3;609.2;563.1;568.8;ECEBCACECEEBCDACEBBBDACEABDCBABECCCECCAEACDBB;CDCBBEBEDBBDDEBDCBCDCAEDEDADEEEACBABEBACDACBC;CBAAEDCBECADDCACEBBCEABBEECBAABCDADDCBCBADEEB;EEBBBEDBDCDBACDBBCCDBBBEBDDDABADBBDACCDBCACDE;0;CAEDAACCAEEXCBBAEDBBCAACDEDCBCEECAAEDDDEBBDDB;CECEBEBCDBADDEBBABCDCAECEDADBAEABEADCEDADACBC;CAAAECDDDAECBECEDDCBDEDDCECBDCBCEADBBDBDDCBEDADEEB;CECEBEDADCAADECDBBCEBDCCCACABBABBADDDCEADBBCE;1;100;160;120;160;160;700
1737979;2024;;;;;;;;;1500602;Altamira;15;PA;1;1;1;1;1421;1386;1397;1409;521.5;535.9;507.3;387.7;AABAEBABCAABDCBCBDDBCEBCBDBABDDCECAEAEEAAECED;BCCCACEEDDBCDAEAECADCDBDDEDBBCBEDACAEBBDACECB;BBCCACBEABCDEABBCDDBDCBDBAECDBBDCBBEDBBECDCBD;EBAABEDCEDECBDBDBDDECDDCCBCCDCADBCACDBDBCAEDC;0;DDBDDEBBAAEDECBCEEDCAACDBBCEDBBAEXCCAEAACCAED;ACBCADCEDBAECEDADBADBEBCDADABCDEABCAEDEBBCECE;AACEADACDDCBEDADEEBDDBDBBCEECBDCBADDDCBDEDDCECBECE;CEBCEADBBCEADDDABBABBCCDCCECEDBACADECABEDADCB;1;140;180;140;180;200;840
1144198;2024;;;;;;;;;1500602;Altamira;15;PA;0;1;1;0;;1386;1397;;;300.2;424.9;;;CBBDDBDAEBDDDAECEEABADCDBEADEDCDCBDABDABEADDE;ACDCBCBDBEDAADCABDBACDABADCADDABDEBCEBEDCECDD;;0;;ACBCADCEDBAECEDADBADBEBCDADABCDEABCAEDEBBCECE;AACEADACDDCBEDADEEBDDBDBBCEECBDCBADDDCBDEDDCECBECE;;6;0;0;0;0;0;0
378853;2024;15104907;1500602;Altamira;15;PA;2;1;1;1500602;Altamira;15;PA;1;1;1;1;1422;1384;1396;1410;476.7;380.2;448.7;389.7;CEACCAAADBAECCDACEEECEDABAEEDEEAEECADCBEDECAA;BDDCBACAEBCCBDCCEBDACCDEBADCACDCBBACCCEDDAABA;DDDCDBADECCCBADEBDABBDDDBCCAAEADBCECCBAADDDEB;EAECEDEDDADCABDACDCBDDACDBCCEAABCCAEDEBCCBADA;1;BBCEDBBAEXCCAEDDBCAEDAACAAEDDDEBBECBCEEDCAACD;DADABCDCECEDEBBBEBCDBADACBCADCEBEADBAECAECEDA;AACEADDDACDADECBBDBEEBDDECCBEDDCADBBDEBCEBDCECEDDC;DBCECEACADABBECBEDADCCDCCABBBCECEBCEADABBADDD;1;120;160;120;120;140;660
3981384;2024;;;;;;;;;1500602;Altamira;15;PA;1;1;1;1;1421;1386;1397;1409;542.2;613.8;530.8;581;DABBEBEBABCEEEECBCBDEDCDECDECABAECDACEADDEDEB;ADCEADBDDBAECEDAECBDEEBCDADCBCDEAEDAEDEBDCECB;BACEABDECBDEEBDEEBABDEDAEABEACCDBEBDDDBACBECA;ADBCCEDBBEDBCEDBEDDDBACDECDBCDAAEBCCDACBDEBCA;0;DDBDDEBBAAEDECBCEEDCAACDBBCEDBBAEXCCAEAACCAED;ACBCADCEDBAECEDADBADBEBCDADABCDEABCAEDEBBCECE;AACEADACDDCBEDADEEBDDBDBBCEECBDCBADDDCBDEDDCECBECE;CEBCEADBBCEADDDABBABBCCDCCECEDBACADECABEDADCB;1;140;140;120;100;40;540
22951;2024;15583058;1500602;Altamira;15;PA;2;1;1;1500602;Altamira;15;PA;1;1;1;1;1419;1385;1398;1407;525.2;524.8;407;383.3;BCBEECBBDBCAABDBEDBCADACEDAECBAAEEBADDDBBCBAE;DABEABDBCACCCEADEBDACCDADAEEEBCEBAAEADCBECDAB;AEBCCCABCEBBADEBDDABBDBAAEDACBEDCBDBABACDEECB;BEBCEBDBDBCDAEDBEDBCEDA.ACEBAB.EBCBACEDBEDACB;0;BCEAACDEDCAAEDDDEBBDDBECCAEDBBAAACCAEEXCBBCED;CAEDBADBEBCCEDADBAEACBCADCEDEBBEBACECEABCDDAD;EAAACDDCDADDCBDEECEECBDCDADEEBCBEBADBCEBDBDDDDCECB;ABBABBADDDBBCECEADCEBCCCDBADCBEDAECADACDBCECE;1;80;180;140;160;140;700
2391871;2024;;;;;;;;;1500602;Altamira;15;PA;1;1;1;1;1422;1384;1396;1410;491.8;573.7;564.1;567.9;BAADDCDCCBDEAEECCABEDABCCEECABEBBEDEBDCCBAEED;DEDDBCDCECECEBADCCEADBBEBBDDDCEEEADBBECADCEDA;ABCCADADECBEDBEEBEAECEBEDACAAABDEBDCCDECBBCDD;CBCCDCEDBDECBBEADEBEDCBCCAADEDECBACEDDCDDABDB;0;BBCEDBBAEXCCAEDDBCAEDAACAAEDDDEBBECBCEEDCAACD;DADABCDCECEDEBBBEBCDBADACBCADCEBEADBAECAECEDA;AACEADDDACDADECBBDBEEBDDECCBEDDCADBBDEBCEBDCECEDDC;DBCECEACADABBECBEDADCCDCCABBBCECEBCEADABBADDD;1;140;200;160;200;180;880
171724;2024;;;;;;;;;1500602;Altamira;15;PA;0;0;0;0;;;;;;;;;;;;;0;;;;;;;;;;;
1599999;2024;;;;;;;;;1500602;Altamira;15;PA;0;0;0;0;;;;;;;;;;;;;1;;;;;;;;;;;
3724837;2024;;;;;;;;;1500602;Altamira;15;PA;1;1;1;1;1422;1384;1396;1410;366;453.9;445.2;516.4;BCAEEABAABDDABCACEDABCAECCBEDAEDCBDDCACBBABEC;BACDACAEABACADBDEAABDADDEACACEDACACEADDBDCBEA;ABABAEAAECBBDEEBADACAAACCBDAABACCEBDEADCDECAB;ECDEBBEDCBCAACCEADCCAEBCAEAEBBBCCBAADCDCEDCBB;0;BBCEDBBAEXCCAEDDBCAEDAACAAEDDDEBBECBCEEDCAACD;DADABCDCECEDEBBBEBCDBADACBCADCEBEADBAECAECEDA;AACEADDDACDADECBBDBEEBDDECCBEDDCADBBDEBCEBDCECEDDC;DBCECEACADABBECBEDADCCDCCABBBCECEBCEADABBADDD;1;120;160;120;140;100;640
773689;2024;15109194;1507805;Senador José Porfírio;15;PA;2;1;1;1500602;Altamira;15;PA;0;0;0;0;;;;;;;;;;;;;1;;;;;;;;;;;
677588;2024;;;;;;;;;1500602;Altamira;15;PA;0;0;0;0;;;;;;;;;;;;;1;;;;;;;;;;;
1855296;2024;;;;;;;;;1500602;Altamira;15;PA;1;1;1;1;1420;1383;1395;1408;461.1;579.9;568.7;482;BCEBCBDECDBDEDDAAEBECACECBBEADCBDDACEABEEADDA;ADCBBEEEDBBDAEBDABCBCABCDDAADAEAEDADDCDADADDC;DDCBEECBEACDDEBDEDBAEABAEBDCDDEBDABCABECADEEB;DCCEDDCBBABEDBCCDABDADEEBCBCBDABCDBCBCDEEBBEC;1;CAEDAACCAEEXCBBAEDBBCAACDEDCBCEECAAEDDDEBBDDB;CECEBEBCDBADDEBBABCDCAECEDADBAEABEADCEDADACBC;CAAAECDDDAECBECEDDCBDEDDCECBDCBCEADBBDBDDCBEDADEEB;CECEBEDADCAADECDBBCEBDCCCACABBABBADDDCEADBBCE;1;120;120;120;120;120;600
4255415;2024;;;;;;;;;1500602;Altamira;15;PA;0;0;0;0;;;;;;;;;;;;;0;;;;;;;;;;;
2085472;2024;15177874;1500859;Anapu;15;PA;2;2;1;1500602;Altamira;15;PA;1;1;1;1;1422;1384;1396;1410;446.1;297.7;480.5;449.4;BDBAACECEABEEEBABDAACABACCBDBCDEEBDEBAEACCDCB;BDCBEECBABEDDBAACBEDCBACBD*DEBCEADBCEBDCBECDC;CCAEBDEDEBCCDDAEBDDEAADACCAECDAEEBCAECEEEABDC;CBDEBCEDCDDCAACCDEDAAAABCCECDAEAACAEEEEDCAADE;1;BBCEDBBAEXCCAEDDBCAEDAACAAEDDDEBBECBCEEDCAACD;DADABCDCECEDEBBBEBCDBADACBCADCEBEADBAECAECEDA;AACEADDDACDADECBBDBEEBDDECCBEDDCADBBDEBCEBDCECEDDC;DBCECEACADABBECBEDADCCDCCABBBCECEBCEADABBADDD;1;80;80;80;120;80;440
455912;2024;15104907;1500602;Altamira;15;PA;2;1;1;1500602;Altamira;15;PA;1;1;1;1;1420;1383;1395;1408;476.5;438.4;457.9;427.9;EEABBADECEBADAADCCECBBDEBDBABDEBCBCCBDDEDDDCC;DBBECDCEACAEDAEECEBDBAECDDBDBBEACEBECBBADDCDD;AAAACBCCEDCADBECBAACBBECBBEDBDCADEDABCABCDDAC;ECBCCCCCACDBCABECABCAACEBABDACAAEBBBABCDCDDEB;0;CAEDAACCAEEXCBBAEDBBCAACDEDCBCEECAAEDDDEBBDDB;CECEBEBCDBADDEBBABCDCAECEDADBAEABEADCEDADACBC;CAAAECDDDAECBECEDDCBDEDDCECBDCBCEADBBDBDDCBEDADEEB;CECEBEDADCAADECDBBCEBDCCCACABBABBADDDCEADBBCE;1;120;160;120;120;120;640
933255;2024;;;;;;;;;1500602;Altamira;15;PA;0;0;0;0;;;;;;;;;;;;;0;;;;;;;;;;;
3131094;2024;;;;;;;;;1500602;Altamira;15;PA;0;1;1;0;;1384;1396;;;474.9;520.8;;;DBDABCDCECACBEDEADBDCBADBCEDADCBDABEABADBCDBA;ABDECDADBCBCDCDEADDEACDBCDAEBADCEBCADCEECBADC;;0;;DADABCDCECEDEBBBEBCDBADACBCADCEBEADBAECAECEDA;AACEADDDACDADECBBDBEEBDDECCBEDDCADBBDEBCEBDCECEDDC;;4;0;0;0;0;0;0
2828762;2024;15178145;1508357;Vitória do Xingu;15;PA;2;2;1;1500602;Altamira;15;PA;0;0;0;0;;;;;;;;;;;;;1;;;;;;;;;;;
1783348;2024;;;;;;;;;1500602;Altamira;15;PA;1;1;1;1;1420;1383;1395;1408;461.2;459.1;516.4;421.4;DBADEADECDEEDADEBCBCDACCACADDCCBCBCECDDEABEAA;CECDEBAECDAACBEAAECCCCBCADAADBEABDCCEECABDCAC;ACBACECBEEDCDADAEDACCEDCCBDEDCACDDDCBBBEADEEA;CEACBDDCADDEECABDAACDBEBBBDCDAEBCCDADBEECDADA;1;CAEDAACCAEEXCBBAEDBBCAACDEDCBCEECAAEDDDEBBDDB;CECEBEBCDBADDEBBABCDCAECEDADBAEABEADCEDADACBC;CAAAECDDDAECBECEDDCBDEDDCECBDCBCEADBBDBDDCBEDADEEB;CECEBEDADCAADECDBBCEBDCCCACABBABBADDDCEADBBCE;1;160;180;160;160;180;840
2202325;2024;;;;;;;;;1500602;Altamira;15;PA;1;1;1;1;1419;1385;1398;1407;359.6;497.4;512.7;433.7;DCEACBDDACCCBDDEDDCEBABEEBABDAAEDCECDACDACBCE;EBBEDCDABCBCACAAAAEDDBECDAEDEEDAAABECBCDEABAD;CEAAABDBBEEDCDACEDCDECDEBCBDCDABCDADEBAEDEEDB;DAEECBBCEBDDDECABDECABCBDCBECBCDBCEDDEBCEEBDA;0;BCEAACDEDCAAEDDDEBBDDBECCAEDBBAAACCAEEXCBBCED;CAEDBADBEBCCEDADBAEACBCADCEDEBBEBACECEABCDDAD;EAAACDDCDADDCBDEECEECBDCDADEEBCBEBADBCEBDBDDDDCECB;ABBABBADDDBBCECEADCEBCCCDBADCBEDAECADACDBCECE;1;120;180;120;140;80;640
1155198;2024;;;;;;;;;1500602;Altamira;15;PA;1;1;1;1;1419;1385;1398;1407;393.5;444.3;476.9;388.6;AADABADBCCCEAECAEEADCAAEAACBABBCAAEAEABECDABC;EEAAABBEAEBCDBACBAEBDACAEACDAAEBCADCACAABEAED;CABAAADEBEEEAAEADAEAADCEAAEECEEEDADDAEEADAADB;ACADBABAEAEAAAABAEAEDBAAABBABABABACEADEAAACAA;1;BCEAACDEDCAAEDDDEBBDDBECCAEDBBAAACCAEEXCBBCED;CAEDBADBEBCCEDADBAEACBCADCEDEBBEBACECEABCDDAD;EAAACDDCDADDCBDEECEECBDCDADEEBCBEBADBCEBDBDDDDCECB;ABBABBADDDBBCECEADCEBCCCDBADCBEDAECADACDBCECE;1;100;120;60;120;100;500
3770856;2024;;;;;;;;;1500602;Altamira;15;PA;1;1;1;1;1422;1384;1396;1410;537.6;571.3;555.9;644.5;DBADDAAEECBECEDABECCEADECBDEAEEACECBCBDEDACCB;DADBBCCDADEDE*DBEBEABDEADCADDDEEBADEAEBAECCDA;ACCDADADBCBCDAEEBDDBACAEDDABBABAEBCDCEAECDBBD;BBBCCCACCDBDEABAEECBDCCDAECDBCBCBBABAAACEBDDD;0;BBCEDBBAEXCCAEDDBCAEDAACAAEDDDEBBECBCEEDCAACD;DADABCDCECEDEBBBEBCDBADACBCADCEBEADBAECAECEDA;AACEADDDACDADECBBDBEEBDDECCBEDDCADBBDEBCEBDCECEDDC;DBCECEACADABBECBEDADCCDCCABBBCECEBCEADABBADDD;1;120;120;120;140;120;620
1169507;2024;;;;;;;;;1500602;Altamira;15;PA;1;1;1;1;1419;1385;1398;1407;485.8;581.5;582.6;597.5;BCBADDDABBCBCEEBBEBCBBADCDEDDACAAEBAEBCBDCBEC;DAEECADCBBDCEBADDABABEEADEEDEBBEEAAECBCECDDED;CAADEDDCDDEECEBBBCEDADEEECBEDABBCEDDCBDDDCECB;DCAACEBEDDDBBCAADDBBBCEABABABCBEDABCBAEBCBEDB;0;BCEAACDEDCAAEDDDEBBDDBECCAEDBBAAACCAEEXCBBCED;CAEDBADBEBCCEDADBAEACBCADCEDEBBEBACECEABCDDAD;EAAACDDCDADDCBDEECEECBDCDADEEBCBEBADBCEBDBDDDDCECB;ABBABBADDDBBCECEADCEBCCCDBADCBEDAECADACDBCECE;1;140;160;120;120;140;680
2737004;2024;15178145;1508357;Vitória do Xingu;15;PA;2;2;1;1500602;Altamira;15;PA;0;0;0;0;;;;;;;;;;;;;1;;;;;;;;;;;
456868;2024;15583058;1500602;Altamira;15;PA;2;1;1;1500602;Altamira;15;PA;1;1;1;1;1420;1383;1395;1408;424.8;471.5;520.9;428.3;EAEBBDCEDAAADBBDEBCBDABCCCBDAEDBEEBCEAAC*DEBD;CDCBCAEDBEACDBEBDCEACABDECABEDEAACBDECBACAACC;ADADDECBECABDDBCEAABAACDEBCAEDCBDDDBCBADAECAB;DBECBDCACCEBDACCABDCACDACEDBECDAACADBEECABEDE;0;CAEDAACCAEEXCBBAEDBBCAACDEDCBCEECAAEDDDEBBDDB;CECEBEBCDBADDEBBABCDCAECEDADBAEABEADCEDADACBC;CAAAECDDDAECBECEDDCBDEDDCECBDCBCEADBBDBDDCBEDADEEB;CECEBEDADCAADECDBBCEBDCCCACABBABBADDDCEADBBCE;1;120;160;120;140;180;720
4251594;2024;;;;;;;;;1500602;Altamira;15;PA;0;0;0;0;;;;;;;;;;;;;1;;;;;;;;;;;
1487667;2024;;;;;;;;;1500602;Altamira;15;PA;1;1;1;1;1419;1385;1398;1407;437.9;401.6;461.6;454.3;ACEDBCDEACBADEBBAECDACBEDACBDECDBEADCEBADCAEB;AEBECADECBADACEECABDACECBAEDCABEDCADCADBEBCAD;AEDDCEDBADDEBAEACEDBABDBDABEDBEBDAEDCDBAEDACB;CDBDAD*BDBCEAB*DACBEDCBDAEACBECADEBCDAEBCDBAE;1;BCEAACDEDCAAEDDDEBBDDBECCAEDBBAAACCAEEXCBBCED;CAEDBADBEBCCEDADBAEACBCADCEDEBBEBACECEABCDDAD;EAAACDDCDADDCBDEECEECBDCDADEEBCBEBADBCEBDBDDDDCECB;ABBABBADDDBBCECEADCEBCCCDBADCBEDAECADACDBCECE;1;80;120;80;80;80;440
1405404;2024;;;;;;;;;1500602;Altamira;15;PA;1;1;1;1;1422;1384;1396;1410;578.7;410.5;460.7;538.5;BDEADDAEEECEEEDABEEEDCCCACCEADECBECBBBBBDAEDE;DDDBEECEEEBBDACBECCADCAABDEEDEEEBCCEDDACCACCA;BCABCDBBECEEDDEEBDEAAAEADAEBECBEADDAEEDEDAEDB;ACEECCBCABBADEBBDEBDBCCCDCBCBECBDACADCCDACADD;1;BBCEDBBAEXCCAEDDBCAEDAACAAEDDDEBBECBCEEDCAACD;DADABCDCECEDEBBBEBCDBADACBCADCEBEADBAECAECEDA;AACEADDDACDADECBBDBEEBDDECCBEDDCADBBDEBCEBDCECEDDC;DBCECEACADABBECBEDADCCDCCABBBCECEBCEADABBADDD;1;100;100;140;120;100;560
1746983;2024;15177980;1504455;Medicilândia;15;PA;2;2;1;1500602;Altamira;15;PA;0;0;0;0;;;;;;;;;;;;;0;;;;;;;;;;;
3999810;2024;;;;;;;;;1500602;Altamira;15;PA;1;1;1;1;1420;1383;1395;1408;405.1;530.3;498.9;398.6;DAADEBDBACDBECBBCECADCBDEDBECDDEACCCAABCEADBA;BECACCACEBDDBEEDABCCEABCDCABEEDECDADCEDCDADBC;CDDCCECBEAECCEADECAADADACBCDBBECDDDADBAEADCDA;EDBCADDBACEBCEDBBCEDACAEDEDBCADBDBCBAACEADAEC;1;CAEDAACCAEEXCBBAEDBBCAACDEDCBCEECAAEDDDEBBDDB;CECEBEBCDBADDEBBABCDCAECEDADBAEABEADCEDADACBC;CAAAECDDDAECBECEDDCBDEDDCECBDCBCEADBBDBDDCBEDADEEB;CECEBEDADCAADECDBBCEBDCCCACABBABBADDDCEADBBCE;1;120;120;120;140;160;660
2989354;2024;;;;;;;;;1500602;Altamira;15;PA;1;1;1;1;1420;1383;1395;1408;508.8;498.7;567.2;644.5;ECCDCACECEECBCCDDABDCADEDCDBCDBECCCCEADEBDDCC;AEDEACACAAADECEDDDEDCBBCEEDDEAEDEEABCECEDECDE;CDDEDECBECCDDDBDEDBEEDBEEBDACEABDDDDCBADADEDC;ACEBBAEACCAACCDBBBCBEDCCCACBCAAACBDEDCBABCBBC;1;CAEDAACCAEEXCBBAEDBBCAACDEDCBCEECAAEDDDEBBDDB;CECEBEBCDBADDEBBABCDCAECEDADBAEABEADCEDADACBC;CAAAECDDDAECBECEDDCBDEDDCECBDCBCEADBBDBDDCBEDADEEB;CECEBEDADCAADECDBBCEBDCCCACABBABBADDDCEADBBCE;1;140;120;120;140;160;680
3111913;2024;15104907;1500602;Altamira;15;PA;2;1;1;1500602;Altamira;15;PA;0;0;0;0;;;;;;;;;;;;;1;;;;;;;;;;;
1384809;2024;;;;;;;;;1500602;Altamira;15;PA;1;1;1;1;1419;1385;1398;1407;378.9;449.8;521.2;399.9;AAADBEECEBDBAEAEEBCDAAAADEDBDAECAAEAACDCBDCAB;CBDADDABEABCDCAAADABDEEADAEEEEDEEAABAEACBCBCB;CBEDCBACBEEECBDBEDECBACEBDDAEDCBCCDDDDDDDCECD;BCCDDEBEEBBEDCBCDCDDBDCDEAACDECDECCDEADCACDED;1;BCEAACDEDCAAEDDDEBBDDBECCAEDBBAAACCAEEXCBBCED;CAEDBADBEBCCEDADBAEACBCADCEDEBBEBACECEABCDDAD;EAAACDDCDADDCBDEECEECBDCDADEEBCBEBADBCEBDBDDDDCECB;ABBABBADDDBBCECEADCEBCCCDBADCBEDAECADACDBCECE;1;120;160;140;160;160;740
3704729;2024;;;;;;;;;1500602;Altamira;15;PA;0;0;0;0;;;;;;;;;;;;;1;;;;;;;;;;;
4117372;2024;;;;;;;;;1500602;Altamira;15;PA;1;1;1;1;1420;1383;1395;1408;427.5;362.4;469.3;385.8;DEABAADBEEEBDCADACCCBEBABCDAACDACECBCDCBDEBAD;ABCDCBDBECABDDAAACCCEBAACBABEDBBCDBEADBCDDDEE;BBEDCBDBECABDDAAACCCEBAACBABEDBCEDEADBEEBDDDB;DDBDDCDCEDEDCBDCECACDCCADEDACABEECD.DADDBBACD;1;CAEDAACCAEEXCBBAEDBBCAACDEDCBCEECAAEDDDEBBDDB;CECEBEBCDBADDEBBABCDCAECEDADBAEABEADCEDADACBC;CAAAECDDDAECBECEDDCBDEDDCECBDCBCEADBBDBDDCBEDADEEB;CECEBEDADCAADECDBBCEBDCCCACABBABBADDDCEADBBCE;1;80;120;80;120;120;520
60216;2024;;;;;;;;;1500602;Altamira;15;PA;0;0;0;0;;;;;;;;;;;;;1;;;;;;;;;;;
2897575;2024;;;;;;;;;1500602;Altamira;15;PA;0;1;1;0;;1386;1397;;;395.8;432.4;;;DCBABDCABAACABAEBCCDAEEBACDCCACCAEACDADDBBDAB;AAADEBDAEDDECBDDBEABDCDEBCAAAEEABBABCADBDADAC;;1;;ACBCADCEDBAECEDADBADBEBCDADABCDEABCAEDEBBCECE;AACEADACDDCBEDADEEBDDBDBBCEECBDCBADDDCBDEDDCECBECE;;1;80;80;80;40;0;280
149676;2024;;;;;;;;;1500602;Altamira;15;PA;1;1;1;1;1419;1385;1398;1407;592.6;597.9;601.5;612.4;ADEDECACDDCBCCDDEABDDCEEEACEBBAAAECAEEAEDCDBE;DABDBDDBCDDCEDADBAEACCAADEEBEBDECABECECBCCBED;CDADCDDCBDEECAEBBDEDADEECCEEDADDCEBDBADDDDECB;BCDACCACDBBBDEADABCDABCBAAAABDCEAADADADBCAEBC;0;BCEAACDEDCAAEDDDEBBDDBECCAEDBBAAACCAEEXCBBCED;CAEDBADBEBCCEDADBAEACBCADCEDEBBEBACECEABCDDAD;EAAACDDCDADDCBDEECEECBDCDADEEBCBEBADBCEBDBDDDDCECB;ABBABBADDDBBCECEADCEBCCCDBADCBEDAECADACDBCECE;1;140;180;140;140;180;780
3607016;2024;60001689;1500602;Altamira;15;PA;4;1;1;1500602;Altamira;15;PA;0;0;0;0;;;;;;;;;;;;;1;;;;;;;;;;;
741418;2024;15583058;1500602;Altamira;15;PA;2;1;1;1500602;Altamira;15;PA;1;1;1;1;1419;1385;1398;1407;458.9;366.1;407.1;393.7;DBEBCAADCCBEAAEDDCDDAAEBBADCEBABECEADDDEABCEC;ACBCECACABBDBADCCBDBEACBDBEDBACCCCBCCBDBBDECD;BBCCDBDABDAECAABCBEDBECEAACDDBDCDBBCADCECBACD;EEDBCBCDABECBACADBADEDBCCDEBCDADBCDBACECDDDCA;1;BCEAACDEDCAAEDDDEBBDDBECCAEDBBAAACCAEEXCBBCED;CAEDBADBEBCCEDADBAEACBCADCEDEBBEBACECEABCDDAD;EAAACDDCDADDCBDEECEECBDCDADEEBCBEBADBCEBDBDDDDCECB;ABBABBADDDBBCECEADCEBCCCDBADCBEDAECADACDBCECE;1;80;160;100;80;0;420
1241987;2024;;;;;;;;;1500602;Altamira;15;PA;1;1;1;1;1420;1383;1395;1408;504.8;590.4;615.4;565.4;CBCAADBACDECBADBDDEBBADBDDDCEAEBCBBCDDDCBBBEB;CDCBBBAEBCBDDEBBBECDCAECEDACEAECEEADEEBCCACBE;CAAAAECBECADDCBCEDDCEDDACBCEDDEBDBBACBECADEEB;DCBDDBDDBCCADECBACCDADCBDACDBDACEBDEBCCDADBCC;0;CAEDAACCAEEXCBBAEDBBCAACDEDCBCEECAAEDDDEBBDDB;CECEBEBCDBADDEBBABCDCAECEDADBAEABEADCEDADACBC;CAAAECDDDAECBECEDDCBDEDDCECBDCBCEADBBDBDDCBEDADEEB;CECEBEDADCAADECDBBCEBDCCCACABBABBADDDCEADBBCE;1;160;200;160;160;160;840
1198301;2024;;;;;;;;;1500602;Altamira;15;PA;1;1;1;1;1421;1386;1397;1409;504.6;447;509.4;475.7;DDBBDEBACECDABAEBEDBADDCACDBEAACDBDEEDAACCDCD;DAABDEBBEEBAEAAADBBEAECCDBDABEECCCEABDEEACEDB;AACDDAAEDADEEBDBBDABEBDABCDAEECCCABEDABAEECDB;ABACCDCEBEDABCDCEBDABBCBDDDBCEEEDCABBACDBCACC;1;DDBDDEBBAAEDECBCEEDCAACDBBCEDBBAEXCCAEAACCAED;ACBCADCEDBAECEDADBADBEBCDADABCDEABCAEDEBBCECE;AACEADACDDCBEDADEEBDDBDBBCEECBDCBADDDCBDEDDCECBECE;CEBCEADBBCEADDDABBABBCCDCCECEDBACADECABEDADCB;1;160;200;180;200;200;940
1874458;2024;;;;;;;;;1500602;Altamira;15;PA;0;0;0;0;;;;;;;;;;;;;1;;;;;;;;;;;
2555734;2024;;;;;;;;;1500602;Altamira;15;PA;1;1;1;1;1422;1384;1396;1410;525.3;651.9;557.5;635;CCCBDDABABDEAEBBACAEBDACBBDCCADAAECBAEDCDEDCC;DADBBCEBACEDEBBCEBCDCCDABBCADCEBEAAEEECAECEDA;ABCDDBADEDCDBAEEBDEECDABDDAADDBDEBDEBCCECEDBC;EBEEBCEDBEDABEDAEECDCAABCACDAEDCEACBADAEDADAD;0;BBCEDBBAEXCCAEDDBCAEDAACAAEDDDEBBECBCEEDCAACD;DADABCDCECEDEBBBEBCDBADACBCADCEBEADBAECAECEDA;AACEADDDACDADECBBDBEEBDDECCBEDDCADBBDEBCEBDCECEDDC;DBCECEACADABBECBEDADCCDCCABBBCECEBCEADABBADDD;1;140;200;180;160;180;860
51249;2024;;;;;;;;;1500602;Altamira;15;PA;0;0;0;0;;;;;;;;;;;;;1;;;;;;;;;;;
1883722;2024;;;;;;;;;1500602;Altamira;15;PA;0;0;0;0;;;;;;;;;;;;;1;;;;;;;;;;;
1871545;2024;;;;;;;;;1500602;Altamira;15;PA;0;0;0;0;;;;;;;;;;;;;1;;;;;;;;;;;
3177115;2024;;;;;;;;;1500602;Altamira;15;PA;1;1;1;1;1420;1383;1395;1408;498.5;433.9;536.1;410.6;CBEBEACAEEBDDCABBEAAEACDDCAEBCBEADCDEDCBDBDAA;BEAECCADECAABECBCBEADAECCDBBDEBBEBDCEEEBAACDC;ABAAEECBECADDABCECDACDBAEBCBAABDEBDACEBDBEEDE;ADEBAAACEADBCCCBEAACAEEDCEDBAADCBBCBCADDCBBDE;0;CAEDAACCAEEXCBBAEDBBCAACDEDCBCEECAAEDDDEBBDDB;CECEBEBCDBADDEBBABCDCAECEDADBAEABEADCEDADACBC;CAAAECDDDAECBECEDDCBDEDDCECBDCBCEADBBDBDDCBEDADEEB;CECEBEDADCAADECDBBCEBDCCCACABBABBADDDCEADBBCE;1;120;120;120;160;120;640
3026425;2024;15104907;1500602;Altamira;15;PA;2;1;1;1500602;Altamira;15;PA;1;1;1;1;1421;1386;1397;1409;468;600.4;617.1;421.3;DCECEABACACEAEEDEDBACDDBBCDEECDCEABEAECEDEAEA;ABECADDEBEAECEEADBCDBBDEBADBBCDEAEDAEDEBDBECB;AACEACBEDADDEBDEDDBBCDECBACCAEDDCBCEDDCACBECE;EDACDECECDDCCDAEECECEDBBCBCDECBCDABEDABCEABCC;0;DDBDDEBBAAEDECBCEEDCAACDBBCEDBBAEXCCAEAACCAED;ACBCADCEDBAECEDADBADBEBCDADABCDEABCAEDEBBCECE;AACEADACDDCBEDADEEBDDBDBBCEECBDCBADDDCBDEDDCECBECE;CEBCEADBBCEADDDABBABBCCDCCECEDBACADECABEDADCB;1;160;200;160;160;160;840
130321;2024;;;;;;;;;1500602;Altamira;15;PA;1;1;1;1;1421;1386;1397;1409;584.8;554.1;529.2;478.6;DCCDDEDAACAACABDCDDAADABECAEDCEAEACCCAABCCAEB;BDBCADAEBBAECACAABBDBBCCAADAACECAEAAEDEAAAEEB;AAACECAEDADDEBBAEEABEDABBDCABCCBCCEEDDABCDECA;BDABBDCEBBDBCBBAEEDDCDAEBCCDDCADDEDCEEACDCDAE;0;DDBDDEBBAAEDECBCEEDCAACDBBCEDBBAEXCCAEAACCAED;ACBCADCEDBAECEDADBADBEBCDADABCDEABCAEDEBBCECE;AACEADACDDCBEDADEEBDDBDBBCEECBDCBADDDCBDEDDCECBECE;CEBCEADBBCEADDDABBABBCCDCCECEDBACADECABEDADCB;1;120;120;120;100;120;580
1722300;2024;15105016;1508357;Vitória do Xingu;15;PA;2;1;1;1500602;Altamira;15;PA;1;1;1;1;1422;1384;1396;1410;499.5;462.3;428.4;428.4;BDBECDDCECEBACDCBEACCDBDEAAEEDDABEABCBDADBDEB;BABAEBCAEAABEDBCBACAEAABBDCACBEEDADEADBADBBBA;DBDACBBAECBDDBCDADCDDACBDCABECBEAEDBBEEBDBCBA;DDCBBCEACBCCAEBDCCABAAACBDBCDAECADDCCBDABBECB;1;BBCEDBBAEXCCAEDDBCAEDAACAAEDDDEBBECBCEEDCAACD;DADABCDCECEDEBBBEBCDBADACBCADCEBEADBAECAECEDA;AACEADDDACDADECBBDBEEBDDECCBEDDCADBBDEBCEBDCECEDDC;DBCECEACADABBECBEDADCCDCCABBBCECEBCEADABBADDD;1;80;120;160;120;160;640
153105;2024;;;;;;;;;1500602;Altamira;15;PA;1;1;1;1;1422;1384;1396;1410;480.5;572;542.1;673.3;BCBDBBADECDAACDABEDCDCCDACECCDDADBECCBDBAEECB;DEDABCACDCBDEBDBEACEEDDBDDAADEBBECDDAECEECCBA;ABCDECADECBDDADEBDDBAECEDCDDECBDBBBABACECBCDC;CAACCEECEDEBEDABCCBBDCCCDEBBBCACCBCCADACAABDD;0;BBCEDBBAEXCCAEDDBCAEDAACAAEDDDEBBECBCEEDCAACD;DADABCDCECEDEBBBEBCDBADACBCADCEBEADBAECAECEDA;AACEADDDACDADECBBDBEEBDDECCBEDDCADBBDEBCEBDCECEDDC;DBCECEACADABBECBEDADCCDCCABBBCECEBCEADABBADDD;1;120;180;140;140;180;760
832302;2024;;;;;;;;;1500602;Altamira;15;PA;1;1;1;1;1420;1383;1395;1408;402.8;480.6;482.4;390.5;EDABCDBBDCDDCCAEEABDCABDECBCDDAACDCDEABEBBDEC;AEABABEAABDAEEDBBCBDAADCDEABE.DACDADEABABABAE;DABDBECCEBAEDBACEBACDDCAEBCCADBEDADDEABEDEDEA;DACEBCEDBCDDBACAECEDBABEDDDACDDBDCDABABEACDDE;0;CAEDAACCAEEXCBBAEDBBCAACDEDCBCEECAAEDDDEBBDDB;CECEBEBCDBADDEBBABCDCAECEDADBAEABEADCEDADACBC;CAAAECDDDAECBECEDDCBDEDDCECBDCBCEADBBDBDDCBEDADEEB;CECEBEDADCAADECDBBCEBDCCCACABBABBADDDCEADBBCE;1;100;160;120;100;0;480
1696144;2024;;;;;;;;;1500602;Altamira;15;PA;0;0;0;0;;;;;;;;;;;;;0;;;;;;;;;;;
2085320;2024;;;;;;;;;1500602;Altamira;15;PA;1;1;1;1;1419;1385;1398;1407;420.2;399.2;440.2;457;DCBAACAAEADEDDDCDAEEEDCAEDEAAECCAECDCDDABCDAE;ACBDAEBBADCCEBABEDBDCEEBAADBDCDDEADABECDEACCE;BDDDCBACAEACCDACAEECBABEBDAEEBDCCBDDABDBCD*BB;BBDACBCDEACCADCCBDACAEDBCDABCEDAEADBCADCDA*DD;1;BCEAACDEDCAAEDDDEBBDDBECCAEDBBAAACCAEEXCBBCED;CAEDBADBEBCCEDADBAEACBCADCEDEBBEBACECEABCDDAD;EAAACDDCDADDCBDEECEECBDCDADEEBCBEBADBCEBDBDDDDCECB;ABBABBADDDBBCECEADCEBCCCDBADCBEDAECADACDBCECE;1;40;120;40;60;20;280
2056167;2024;15107035;1504455;Medicilândia;15;PA;2;1;1;1500602;Altamira;15;PA;1;1;1;1;1419;1385;1398;1407;548;595.3;468.7;570;DCDAEDCAADCAEEDDBBDDEBCEDBEABDEADCADEEBACBCCD;CAEDECDBEBCCEDACEEEADCCADCADEEBEEAAACAAABCDCD;BDDDDCDBCAAECEEBEAACBAB*AC*DEBEBACBDDDEADAEEB;DCCAECECDECACBDCADABBCCADEBBBEBDEADAABEECCBED;1;BCEAACDEDCAAEDDDEBBDDBECCAEDBBAAACCAEEXCBBCED;CAEDBADBEBCCEDADBAEACBCADCEDEBBEBACECEABCDDAD;EAAACDDCDADDCBDEECEECBDCDADEEBCBEBADBCEBDBDDDDCECB;ABBABBADDDBBCECEADCEBCCCDBADCBEDAECADACDBCECE;1;160;200;180;200;200;940
3024418;2024;;;;;;;;;1500602;Altamira;15;PA;0;1;1;0;;1385;1398;;;374.6;383.8;;;DBECEDADEBDEBADDECDBDBEDBCDEDBABEADBCECAEDCAE;DECEEDDBCECDCDBBEAADBDCDBABAECBDEBABECEEDACBE;;1;;CAEDBADBEBCCEDADBAEACBCADCEDEBBEBACECEABCDDAD;EAAACDDCDADDCBDEECEECBDCDADEEBCBEBADBCEBDBDDDDCECB;;1;80;60;60;60;40;300
3804095;2024;;;;;;;;;1500602;Altamira;15;PA;1;1;1;1;1420;1383;1395;1408;410.2;411.4;516.2;386.6;CBEBEEBEBCDCDCCBDACDABCDEDCCACDBDECBCBCBCDADB;DACBCDACAACACBCDCBCAACBCBDACEECACACCCCBDBCCBE;CABBBECBEDDDDABAECACBADACBDCCBABDADABBCCADDDA;CBDDBECDADCDCECCEEEADACDEDBDDBCDDCACDDBDAECEC;0;CAEDAACCAEEXCBBAEDBBCAACDEDCBCEECAAEDDDEBBDDB;CECEBEBCDBADDEBBABCDCAECEDADBAEABEADCEDADACBC;CAAAECDDDAECBECEDDCBDEDDCECBDCBCEADBBDBDDCBEDADEEB;CECEBEDADCAADECDBBCEBDCCCACABBABBADDDCEADBBCE;1;140;160;120;120;140;680
986510;2024;;;;;;;;;1500602;Altamira;15;PA;0;0;0;0;;;;;;;;;;;;;1;;;;;;;;;;;
2960205;2024;15177874;1500859;Anapu;15;PA;2;2;1;1500602;Altamira;15;PA;1;1;1;1;1420;1383;1395;1408;441.2;377.3;472.8;450.5;CDEABCEEAEACDAACDCBADEDEADCACADAEACCBDBBDADEC;CECBCBDBECDADEBEECDBDECDADBDBECDDBCEADBDBDADA;DDBECBCBEDCBDCDAEEADCCDAEBDBEADBDBBDACBDBCBEA;CDCBBCDCADECECEEDADBADCAECDEDDACBCEDAEBCDCEDA;0;CAEDAACCAEEXCBBAEDBBCAACDEDCBCEECAAEDDDEBBDDB;CECEBEBCDBADDEBBABCDCAECEDADBAEABEADCEDADACBC;CAAAECDDDAECBECEDDCBDEDDCECBDCBCEADBBDBDDCBEDADEEB;CECEBEDADCAADECDBBCEBDCCCACABBABBADDDCEADBBCE;1;140;180;160;160;140;780
460088;2024;;;;;;;;;1500602;Altamira;15;PA;1;1;1;1;1422;1384;1396;1410;443.1;483.7;470.6;406.7;CBBBEADCDBDEEEDCAABEAEEBDDBEEDCBBAAEBBDCDCDDB;BADCBCBAAACDDEBDBCECAADBDBAADDCAEDCBADBABECAA;ABABCEDDCDBECAEEDDAAACCEADBACDBACDCDECAEDBBDD;BAEECAEBCCABCDAADBDBABCABBADEABEECCAEAECCCABA;1;BBCEDBBAEXCCAEDDBCAEDAACAAEDDDEBBECBCEEDCAACD;DADABCDCECEDEBBBEBCDBADACBCADCEBEADBAECAECEDA;AACEADDDACDADECBBDBEEBDDECCBEDDCADBBDEBCEBDCECEDDC;DBCECEACADABBECBEDADCCDCCABBBCECEBCEADABBADDD;1;80;120;80;100;100;480
3330448;2024;;;;;;;;;1500602;Altamira;15;PA;1;1;1;1;1422;1384;1396;1410;524.9;562.5;559.6;527.9;CBDEBEDBEDCEEDDBDDAEAAAACCCBDEEEDEEECBDBCDDCB;DCDCBCDBDAADDBDBDCCDDADBCEBADBCECACBAEBAECEBB;ABADDDAAECBBDACEBDACBCBEDDCDDABDEBDADDCDCADBB;CCBEBCECBBDACDBACDBCCCBBEDACDDACBABDDCAEBBDEA;0;BBCEDBBAEXCCAEDDBCAEDAACAAEDDDEBBECBCEEDCAACD;DADABCDCECEDEBBBEBCDBADACBCADCEBEADBAECAECEDA;AACEADDDACDADECBBDBEEBDDECCBEDDCADBBDEBCEBDCECEDDC;DBCECEACADABBECBEDADCCDCCABBBCECEBCEADABBADDD;1;80;140;80;80;40;420
316147;2024;15104907;1500602;Altamira;15;PA;2;1;1;1500602;Altamira;15;PA;1;1;1;1;1419;1385;1398;1407;376.1;473.1;493;461.7;DCDBDABEBABBADAEBAEDCCABDADBEAEBBECADBCBDCCAA;DABACBABEDACCAACEBAACACADACDDCABDACAECEBBADDB;BDAEABDBDDEECDCAEEEEEDCECBDEBAABCADDBABBCAACE;DAAADEBCDCDAABACECABADEBCBCEACCDEABDDEDBBCCEB;0;BCEAACDEDCAAEDDDEBBDDBECCAEDBBAAACCAEEXCBBCED;CAEDBADBEBCCEDADBAEACBCADCEDEBBEBACECEABCDDAD;EAAACDDCDADDCBDEECEECBDCDADEEBCBEBADBCEBDBDDDDCECB;ABBABBADDDBBCECEADCEBCCCDBADCBEDAECADACDBCECE;1;120;160;120;120;120;640
2442629;2024;;;;;;;;;1500602;Altamira;15;PA;1;1;1;1;1422;1384;1396;1410;513.7;575.5;552.5;477.5;BEDABCBDEDCADDDCEDCDDBDACBBCCEEBBEEBCDEBDABBD;BADCBCBAEDBBEEDBDBCEBBDADBCADAEAEABEEEBADDEDA;AAECBDADECBBDBEEBDDCACDEDDEABBAEBCCEBACECCBBC;CBBDDECBDCEDCBECDDBDBBCCCDDECCDBCACEDEABDBCDC;0;BBCEDBBAEXCCAEDDBCAEDAACAAEDDDEBBECBCEEDCAACD;DADABCDCECEDEBBBEBCDBADACBCADCEBEADBAECAECEDA;AACEADDDACDADECBBDBEEBDDECCBEDDCADBBDEBCEBDCECEDDC;DBCECEACADABBECBEDADCCDCCABBBCECEBCEADABBADDD;1;120;160;120;120;120;640
2806430;2024;;;;;;;;;1500602;Altamira;15;PA;1;1;1;1;1419;1385;1398;1407;559.3;576.5;567.7;634.2;DDBBECBCBBABECDDBECDEABCADDBBBDBACEADEBCBBCAC;BADDBBDBEBCCCDAEEEEADDCACBEDAABBCACEDEDACBAAD;CEADADDCBEEECDDDBADDADEECCBEADBBCDCDADDDDCECB;BCCABCDCADCBABCDADCBEBACDBDCABCDADEBCEDCBCEBD;0;BCEAACDEDCAAEDDDEBBDDBECCAEDBBAAACCAEEXCBBCED;CAEDBADBEBCCEDADBAEACBCADCEDEBBEBACECEABCDDAD;EAAACDDCDADDCBDEECEECBDCDADEEBCBEBADBCEBDBDDDDCECB;ABBABBADDDBBCECEADCEBCCCDBADCBEDAECADACDBCECE;1;160;180;160;200;200;900
1721432;2024;;;;;;;;;1500602;Altamira;15;PA;0;1;1;0;;1385;1398;;;581.3;536.8;;;CADDDCDCEBCCEEABBAEADECADEDBEBBCCABECEBABDBAD;EDDDEDDCBCEECDAAECBBDDEEDDBBBDDBDECDADEEDDECB;;1;;CAEDBADBEBCCEDADBAEACBCADCEDEBBEBACECEABCDDAD;EAAACDDCDADDCBDEECEECBDCDADEEBCBEBADBCEBDBDDDDCECB;;1;120;120;100;140;80;560
3187535;2024;15106250;1501725;Brasil Novo;15;PA;2;1;1;1500602;Altamira;15;PA;1;1;1;1;1421;1386;1397;1409;512.9;569.4;532.8;412.6;DCBEAEBCDBCDEEAABEBDADDDDCAACAACECEEAAAACECEB;ABECADEECEAACEDAABBDCECCDADBBCAEAAABBDEEEBEAB;DADBABBECADDEBEBBDABDBCBECEDDECACAEEDDCACBACD;ACCDBCBEEDBCCDDBCDDDDAAABDAECCEECADEBCDDEDBDA;1;DDBDDEBBAAEDECBCEEDCAACDBBCEDBBAEXCCAEAACCAED;ACBCADCEDBAECEDADBADBEBCDADABCDEABCAEDEBBCECE;AACEADACDDCBEDADEEBDDBDBBCEECBDCBADDDCBDEDDCECBECE;CEBCEADBBCEADDDABBABBCCDCCECEDBACADECABEDADCB;1;60;120;100;80;40;400
4065186;2024;15583058;1500602;Altamira;15;PA;2;1;1;1500602;Altamira;15;PA;1;1;1;1;1422;1384;1396;1410;496.7;474.3;466.4;448.9;BDBABBDCDBBAACDCBDACAABEECCEBDEDCCABBDEDBBADA;DADBCBCDEDBCEBBCCDDEDCABCBEECBCCEABBAECABBEBC;DBACACADDDBEDADEDDCABAEECDAACDDBCADBADBEDCDDB;DCDEDCEBABBCDCADDECCABDEAABCBDBDCDEACEBDDBDEC;1;BBCEDBBAEXCCAEDDBCAEDAACAAEDDDEBBECBCEEDCAACD;DADABCDCECEDEBBBEBCDBADACBCADCEBEADBAECAECEDA;AACEADDDACDADECBBDBEEBDDECCBEDDCADBBDEBCEBDCECEDDC;DBCECEACADABBECBEDADCCDCCABBBCECEBCEADABBADDD;1;100;140;100;120;80;540
806173;2024;15177858;1500602;Altamira;15;PA;2;2;1;1500602;Altamira;15;PA;1;1;1;1;1422;1384;1396;1410;366.4;342.9;481.9;424.8;DBCCBBABDBCDDABEBAEAEBADDBAAEBBEEDAACCACAACEB;DDBCEBDBCABDCECBEDDDDEBEDCAEBECCBAEEBBCBCEDDC;BCDBBBBEDCBBDECEBEDBAACDBBCEDDABEBDCDCCEAEBBC;CBECEBCDABCBBCBCDBCDDBCBDEECBCBBEBDBECCEABDDE;1;BBCEDBBAEXCCAEDDBCAEDAACAAEDDDEBBECBCEEDCAACD;DADABCDCECEDEBBBEBCDBADACBCADCEBEADBAECAECEDA;AACEADDDACDADECBBDBEEBDDECCBEDDCADBBDEBCEBDCECEDDC;DBCECEACADABBECBEDADCCDCCABBBCECEBCEADABBADDD;1;100;140;100;120;120;580
2515801;2024;15104907;1500602;Altamira;15;PA;2;1;1;1500602;Altamira;15;PA;1;1;1;1;1420;1383;1395;1408;419.5;443.1;467.2;431.3;DEABEDCEAEBDBAABEBDCBADDBCECDEACCABCEBDABDDCA;AABBBDABAEBABACBCECCDACDECAEEAEAEBBCEBABDCCBB;AEAABECBECDCEACCCBADBABDCBAEDADEEDADABDCBECEA;BDBCEBCEABADBCBEEBCEABABCDDECEBBCEAAADDEACDCB;0;CAEDAACCAEEXCBBAEDBBCAACDEDCBCEECAAEDDDEBBDDB;CECEBEBCDBADDEBBABCDCAECEDADBAEABEADCEDADACBC;CAAAECDDDAECBECEDDCBDEDDCECBDCBCEADBBDBDDCBEDADEEB;CECEBEDADCAADECDBBCEBDCCCACABBABBADDDCEADBBCE;1;120;120;120;160;120;640
1112397;2024;;;;;;;;;1500602;Altamira;15;PA;1;1;1;1;1421;1386;1397;1409;420.8;472.8;501.9;472.8;DCAEBEACDCBCAAABDCDAADDAAAEDECBAABEEAAADEEBCB;ACEECBEECEAECDCAAECDCBAEAABCEBCBAEDEEDDEDCEAB;DAECDDBEBBACEADECDEBBCBADEBDBABECBCEEDBEC*CEE;CEAAEEEEBBBACCCBEDBCCABCECDBEAABDDDCBDDCDCBAA;1;DDBDDEBBAAEDECBCEEDCAACDBBCEDBBAEXCCAEAACCAED;ACBCADCEDBAECEDADBADBEBCDADABCDEABCAEDEBBCECE;AACEADACDDCBEDADEEBDDBDBBCEECBDCBADDDCBDEDDCECBECE;CEBCEADBBCEADDDABBABBCCDCCECEDBACADECABEDADCB;1;40;120;100;80;60;400
761210;2024;;;;;;;;;1500602;Altamira;15;PA;1;1;1;1;1421;1386;1397;1409;537.7;508.2;567.8;474.6;DCBDDEEBACBDADECBBDAAECBADECACCDEAACEDCDDEACA;ECDAABBEDEBDCEBAEBCBCEBDDDDAACBCACDBEDDEDACBE;AADCACEEBADEEBDCBDABCECBEACBBCABCDDEDDAECBECE;BDBEBDBCABAADBEACCDDABECCBA*CEBECDACEECBEADBC;0;DDBDDEBBAAEDECBCEEDCAACDBBCEDBBAEXCCAEAACCAED;ACBCADCEDBAECEDADBADBEBCDADABCDEABCAEDEBBCECE;AACEADACDDCBEDADEEBDDBDBBCEECBDCBADDDCBDEDDCECBECE;CEBCEADBBCEADDDABBABBCCDCCECEDBACADECABEDADCB;1;80;100;60;60;0;300
4109219;2024;;;;;;;;;1500602;Altamira;15;PA;1;1;1;1;1419;1385;1398;1407;484;538.6;544;467;DBDCDAAECDCBACDCEBCDBBCEDDABABAEACEDEECDEDAEA;CAEEEADCECCDECABEAEADEAADEDBECDCAABECBEBBEBCE;CECDABDBEDEECCACDCEDBACECDBEBEEBCCBDABDDECECB;CBBDCCBDEDBDABEADAADBDECABBDEBCCAACAEDADDDECA;1;BCEAACDEDCAAEDDDEBBDDBECCAEDBBAAACCAEEXCBBCED;CAEDBADBEBCCEDADBAEACBCADCEDEBBEBACECEABCDDAD;EAAACDDCDADDCBDEECEECBDCDADEEBCBEBADBCEBDBDDDDCECB;ABBABBADDDBBCECEADCEBCCCDBADCBEDAECADACDBCECE;1;120;120;100;120;100;560
2945257;2024;;;;;;;;;1500602;Altamira;15;PA;0;0;0;0;;;;;;;;;;;;;1;;;;;;;;;;;
2023973;2024;;;;;;;;;1500602;Altamira;15;PA;1;1;1;1;1422;1384;1396;1410;375.3;533.2;501.4;408.9;ACCDBCDADDDECBDBADEDADABBCAEDBAEACAAACBEDBDDA;AADBACEBEABDEABDCAEBCAAADBBADEBEEADEAECAACDCA;BCAADEBDECEC*CCEBDDEAECBDDACEBACEBECEEEECBBAD;BEEDDCADBBAEBBCBCDEBDEBBCAEADCEDDADCEDBCBBCAA;1;BBCEDBBAEXCCAEDDBCAEDAACAAEDDDEBBECBCEEDCAACD;DADABCDCECEDEBBBEBCDBADACBCADCEBEADBAECAECEDA;AACEADDDACDADECBBDBEEBDDECCBEDDCADBBDEBCEBDCECEDDC;DBCECEACADABBECBEDADCCDCCABBBCECEBCEADABBADDD;1;80;120;80;80;80;440
3370439;2024;;;;;;;;;1500602;Altamira;15;PA;1;1;1;1;1422;1384;1396;1410;528.6;495.3;565.2;467.6;DCADBABCEBDAAEDBCECADEACABCEADEECEBECBBEDACCE;BCDEEBCBECADAEDDECCECCDADBEAEECEBAAEDACABCDEA;DCDECBBDECBCDBEEADBEACBEDDADBAAEEBCDBECEDDDDC;DCBABBADECDCBCBBEEBACCBCEAEBDCEAEABBBCDECACDB;1;BBCEDBBAEXCCAEDDBCAEDAACAAEDDDEBBECBCEEDCAACD;DADABCDCECEDEBBBEBCDBADACBCADCEBEADBAECAECEDA;AACEADDDACDADECBBDBEEBDDECCBEDDCADBBDEBCEBDCECEDDC;DBCECEACADABBECBEDADCCDCCABBBCECEBCEADABBADDD;1;120;120;80;80;120;520
1680145;2024;15105016;1508357;Vitória do Xingu;15;PA;2;1;1;1500602;Altamira;15;PA;1;1;1;1;1421;1386;1397;1409;405.9;337.4;393.1;468.6;ACAAEDBDEDCACEABCDCCEACDBCDCEEABEBBBDECEADAAC;BDEECAEABADABDBBDECAEBABABECEDBEABCDEADCBBCEE;BAAEACDCACEDAABCCDBEACBAEABDBEACACDCADCEEBDCE;CDBDCDEECBBDBDBEBCCCCDCDCDDBBBCCDBDBCDCCCEADA;0;DDBDDEBBAAEDECBCEEDCAACDBBCEDBBAEXCCAEAACCAED;ACBCADCEDBAECEDADBADBEBCDADABCDEABCAEDEBBCECE;AACEADACDDCBEDADEEBDDBDBBCEECBDCBADDDCBDEDDCECBECE;CEBCEADBBCEADDDABBABBCCDCCECEDBACADECABEDADCB;1;120;120;120;100;120;580
2347370;2024;15104907;1500602;Altamira;15;PA;2;1;1;1500602;Altamira;15;PA;1;1;1;1;1421;1386;1397;1409;456.5;514.3;573.9;593.6;DBAEECDADECCACDCEDCDBEEDDCBBACDAEBDCAECDCDCAB;ABDEADBEDEAECDCABCCDEBDEDDCECADECDCECDDADAECB;CCDDACDDDADEEBEECDBBCEAABCDDCBDDCBCEDDEECBECE;CCBDDEBDABBBCAAACBBCCBCBCCECBABEDEDAEDECDDCCA;1;DDBDDEBBAAEDECBCEEDCAACDBBCEDBBAEXCCAEAACCAED;ACBCADCEDBAECEDADBADBEBCDADABCDEABCAEDEBBCECE;AACEADACDDCBEDADEEBDDBDBBCEECBDCBADDDCBDEDDCECBECE;CEBCEADBBCEADDDABBABBCCDCCECEDBACADECABEDADCB;1;120;200;140;120;160;740
465138;2024;;;;;;;;;1500602;Altamira;15;PA;0;0;0;0;;;;;;;;;;;;;1;;;;;;;;;;;
1476795;2024;;;;;;;;;1500602;Altamira;15;PA;1;1;1;1;1420;1383;1395;1408;475.5;466.7;415;428.9;CEEDBBCE.ABEDABBDCBCCACAABEEDCABCECBEAEACBDEA;DBEACBCCBCDACDCDEACCCACCE*AAEEAACAADBEAAE*CAA;ADAADC.CEDECEBCBABBECBAEBCCDAACCDCDEABABABAEA;EDECADCCBDCBCCBAAEBDBBCCDEBBCADAECEBCCDDDDBBD;1;CAEDAACCAEEXCBBAEDBBCAACDEDCBCEECAAEDDDEBBDDB;CECEBEBCDBADDEBBABCDCAECEDADBAEABEADCEDADACBC;CAAAECDDDAECBECEDDCBDEDDCECBDCBCEADBBDBDDCBEDADEEB;CECEBEDADCAADECDBBCEBDCCCACABBABBADDDCEADBBCE;1;80;120;80;120;80;480
1884282;2024;;;;;;;;;1500602;Altamira;15;PA;1;1;1;1;1422;1384;1396;1410;611.3;645.6;619.6;652.1;CCBEEEBDEBCCAEDCBEACDDACDCBBBDBEBCCBAECDADACC;DADCBCDCEBEBEEDBEBCDBBDACEAADDEEEADBAECAEDECA;AACEADADECBCDBEEBDADBCBEDDAADBADEDCADDCECEDBC;ABDECBACBDABCCADDEACCECBEABACBCCBBDDACABCABBB;0;BBCEDBBAEXCCAEDDBCAEDAACAAEDDDEBBECBCEEDCAACD;DADABCDCECEDEBBBEBCDBADACBCADCEBEADBAECAECEDA;AACEADDDACDADECBBDBEEBDDECCBEDDCADBBDEBCEBDCECEDDC;DBCECEACADABBECBEDADCCDCCABBBCECEBCEADABBADDD;1;160;200;160;180;200;900
4090323;2024;;;;;;;;;1500602;Altamira;15;PA;0;0;0;0;;;;;;;;;;;;;0;;;;;;;;;;;
3780172;2024;;;;;;;;;1500602;Altamira;15;PA;1;1;1;1;1421;1386;1397;1409;396.9;385.5;352.8;410.9;DDCAEEDDECBEBAADAACBACDDBCABEEBBADCAEBDAECBDA;BDEACADBECAECDCEDDBCAECBAECBDADABECADBDCCAADE;DADBEBCCEEEDCACECCAEADBDEDDAEBCCECDBADBECACEB;BACDAEBDCAEBDDCEAACDBECBBADECBCAEBDAECDBBEADC;1;DDBDDEBBAAEDECBCEEDCAACDBBCEDBBAEXCCAEAACCAED;ACBCADCEDBAECEDADBADBEBCDADABCDEABCAEDEBBCECE;AACEADACDDCBEDADEEBDDBDBBCEECBDCBADDDCBDEDDCECBECE;CEBCEADBBCEADDDABBABBCCDCCECEDBACADECABEDADCB;3;0;0;0;0;0;0
564958;2024;15105016;1508357;Vitória do Xingu;15;PA;2;1;1;1500602;Altamira;15;PA;1;1;1;1;1421;1386;1397;1409;497.9;432.7;460.3;392.5;ADAEACDBBCDECABDEBCEAEDDAECDABECDCEAAEACDAAEA;BCBDECACCEBACEDADDDBBEACABDCDEBBCAADBDECAADEC;BAABCEBBCABEDAABEEEBABABAEBCBABDADCEEDABCDEAA;DDBCDDBCAEBACEECBDDDAADCDDDDBBACDCABDEBAEAEBA;0;DDBDDEBBAAEDECBCEEDCAACDBBCEDBBAEXCCAEAACCAED;ACBCADCEDBAECEDADBADBEBCDADABCDEABCAEDEBBCECE;AACEADACDDCBEDADEEBDDBDBBCEECBDCBADDDCBDEDDCECBECE;CEBCEADBBCEADDDABBABBCCDCCECEDBACADECABEDADCB;1;100;120;60;100;80;460
405674;2024;;;;;;;;;1500602;Altamira;15;PA;1;1;1;1;1422;1384;1396;1410;350.6;363.1;506.5;389.8;BCBDDCDCBCEBCDCCADDBACBECBAACBEBADDECBDBCABDC;BAABBECCBAEAEEAAECDACADCDCBBDCACADCEDABABDCEB;DDABCEABECBCEACEBDDAACDDDADCDEBAEDDECAAEDBDCB;DCEABCDECCECBBBBEDCBEEABCEDDCDDBCBDCEBDBDDCEA;1;BBCEDBBAEXCCAEDDBCAEDAACAAEDDDEBBECBCEEDCAACD;DADABCDCECEDEBBBEBCDBADACBCADCEBEADBAECAECEDA;AACEADDDACDADECBBDBEEBDDECCBEDDCADBBDEBCEBDCECEDDC;DBCECEACADABBECBEDADCCDCCABBBCECEBCEADABBADDD;1;80;120;80;120;100;500
706348;2024;15140463;1500602;Altamira;15;PA;4;1;1;1500602;Altamira;15;PA;1;1;1;1;1422;1384;1396;1410;480;606.8;533.1;608.6;ADCBECEBDBDECEAABDAECECDBACABBBDDEACEBCDDEACA;BADABCDAECBDEEDBEBCECDDABECADECEEACDAECAACEDA;BCADCDCDECBEDAEEBDDCABBEDCBDDCDCEBCEACCEADEBB;DBCDCAEBEADACAADEDEBBCBCDAABEEBCDBEDBDACCECEA;1;BBCEDBBAEXCCAEDDBCAEDAACAAEDDDEBBECBCEEDCAACD;DADABCDCECEDEBBBEBCDBADACBCADCEBEADBAECAECEDA;AACEADDDACDADECBBDBEEBDDECCBEDDCADBBDEBCEBDCECEDDC;DBCECEACADABBECBEDADCCDCCABBBCECEBCEADABBADDD;1;160;200;200;180;200;940
3618735;2024;;;;;;;;;1500602;Altamira;15;PA;1;1;1;1;1419;1385;1398;1407;479.7;423.3;481;398.8;DCBCDCEDDCABDEABCDEDBCEAEDDDCABCEABADECDACBEC;DABBACCCEDCBDBABEACBDEEADCDACADEAEDCCAAABCAEB;CBAAEBDCADEEADEABCBEAECDABEBCBCBDEBDDDEBDAEDB;DCABCABDEDCACBABDEACBCDBADCBADCCDEDCBEDCADDCA;1;BCEAACDEDCAAEDDDEBBDDBECCAEDBBAAACCAEEXCBBCED;CAEDBADBEBCCEDADBAEACBCADCEDEBBEBACECEABCDDAD;EAAACDDCDADDCBDEECEECBDCDADEEBCBEBADBCEBDBDDDDCECB;ABBABBADDDBBCECEADCEBCCCDBADCBEDAECADACDBCECE;1;120;160;120;140;120;660
82364;2024;;;;;;;;;1500602;Altamira;15;PA;1;1;1;1;1420;1383;1395;1408;539.4;508.7;505.8;452.4;DAEDBAECCEEADABBC.DABACDCDEABAB*CBBABCDABBDCC;ADCABBCDEDCDDABECABCCEBCCDBDBADACBADEABADADCC;CEADBECBEDACDABCEBABAAADCEAEAAACBADDCAEDBDDDB;D*BACDB*ACABDBACADD*CDACBBEECABBCADBDCACBADAC;1;CAEDAACCAEEXCBBAEDBBCAACDEDCBCEECAAEDDDEBBDDB;CECEBEBCDBADDEBBABCDCAECEDADBAEABEADCEDADACBC;CAAAECDDDAECBECEDDCBDEDDCECBDCBCEADBBDBDDCBEDADEEB;CECEBEDADCAADECDBBCEBDCCCACABBABBADDDCEADBBCE;1;160;180;180;200;180;900
179862;2024;15106250;1501725;Brasil Novo;15;PA;2;1;1;1500602;Altamira;15;PA;1;1;1;1;1420;1383;1395;1408;423.7;429.7;481.7;456.5;BAACDACDECEBBDAAECBDABDBABCEACDBCCEADBBEDDDBC;CEAAADCECABDBEEDACBADBDCCEABCDAAECBECDBAEECCA;BCACDACBEAEAEBCEEBECDEAEEBAEBADCDCDDDABCADCEA;ADBCDEDABCEDBCA.DBEACDBEACDDACACCBEADCBEACDBA;1;CAEDAACCAEEXCBBAEDBBCAACDEDCBCEECAAEDDDEBBDDB;CECEBEBCDBADDEBBABCDCAECEDADBAEABEADCEDADACBC;CAAAECDDDAECBECEDDCBDEDDCECBDCBCEADBBDBDDCBEDADEEB;CECEBEDADCAADECDBBCEBDCCCACABBABBADDDCEADBBCE;1;100;140;80;120;140;580
3702751;2024;;;;;;;;;1500602;Altamira;15;PA;0;0;0;0;;;;;;;;;;;;;0;;;;;;;;;;;
3532390;2024;15169138;1500602;Altamira;15;PA;2;1;1;1500602;Altamira;15;PA;1;1;1;1;1421;1386;1397;1409;455;426.9;468;405.4;DBABEDEECCBACEDADDECABEBDBCEBEEBEDAEBECAEEDEB;ABDCAEECCEABDADAADDEECAEDBECBBEB*DCCAEDCBECCA;DBCDDBAEBADBCADDADBEEADBEDADDBEDBECECAEBEBEEA;AABCDECCEBDCAEDEBBDCABDCDEACDBDEDBECDABCEEBDB;1;DDBDDEBBAAEDECBCEEDCAACDBBCEDBBAEXCCAEAACCAED;ACBCADCEDBAECEDADBADBEBCDADABCDEABCAEDEBBCECE;AACEADACDDCBEDADEEBDDBDBBCEECBDCBADDDCBDEDDCECBECE;CEBCEADBBCEADDDABBABBCCDCCECEDBACADECABEDADCB;1;120;140;100;120;80;560
322958;2024;15104907;1500602;Altamira;15;PA;2;1;1;1500602;Altamira;15;PA;1;1;1;1;1422;1384;1396;1410;443.4;442.6;520.6;380.6;DCCBDED*EBBBEAACBEAEACCCBCBEBECDDBAADECBBDBAA;ADBABBCBCABBACDBEADDBDABADAADAAACACBEDABBCBAA;DCCAAAADACBCDDDEBEEDBDCCDDEDCDBCEBCEABDEEAEBC;BBCCBEEDECBEADDCCEBDBEBDCBBEADCBCABCECDCCBCAB;1;BBCEDBBAEXCCAEDDBCAEDAACAAEDDDEBBECBCEEDCAACD;DADABCDCECEDEBBBEBCDBADACBCADCEBEADBAECAECEDA;AACEADDDACDADECBBDBEEBDDECCBEDDCADBBDEBCEBDCECEDDC;DBCECEACADABBECBEDADCCDCCABBBCECEBCEADABBADDD;1;120;140;80;100;160;600
2163038;2024;15107035;1504455;Medicilândia;15;PA;2;1;1;1500602;Altamira;15;PA;1;1;1;1;1422;1384;1396;1410;530;347.4;407;475.4;DCCDECBAEDBCAEAABECABEEDDEBDAEEAEECDDECBCBCCC;BDDCDBCCBBCDDEACACACBCACDABCABBDBACCEABBCDEBB;ECBAADBCEEBBEEEDBDDDCBDDAEBDDCBEBCABCBBACABAB;ECDECDDEDCCBADCDBDDBCACDCDDCCBBCCBDCCCBCCDBEB;1;BBCEDBBAEXCCAEDDBCAEDAACAAEDDDEBBECBCEEDCAACD;DADABCDCECEDEBBBEBCDBADACBCADCEBEADBAECAECEDA;AACEADDDACDADECBBDBEEBDDECCBEDDCADBBDEBCEBDCECEDDC;DBCECEACADABBECBEDADCCDCCABBBCECEBCEADABBADDD;1;120;140;120;120;140;640
3469756;2024;;;;;;;;;1500602;Altamira;15;PA;0;0;0;0;;;;;;;;;;;;;0;;;;;;;;;;;
4031612;2024;;;;;;;;;1500602;Altamira;15;PA;1;1;1;1;1422;1384;1396;1410;538.9;321.6;571.3;434.9;CAEBCEBCEBCBCDDBBBDEDAEABBABADCABEEBDBDBCAEED;BDDBACDAACBBCCDCDDDDDDBBBCB.BAABBBBBBDDCBDBBB;DCCBCCADECBBDADEBDDBACAEDDBCBBBDEBDABACECCDBA;BACDCCBDDCBCCBDADBDACECEBAAACDECDCCDBCCDDCEDB;1;BBCEDBBAEXCCAEDDBCAEDAACAAEDDDEBBECBCEEDCAACD;DADABCDCECEDEBBBEBCDBADACBCADCEBEADBAECAECEDA;AACEADDDACDADECBBDBEEBDDECCBEDDCADBBDEBCEBDCECEDDC;DBCECEACADABBECBEDADCCDCCABBBCECEBCEADABBADDD;1;140;140;80;120;80;560
1141859;2024;;;;;;;;;1500602;Altamira;15;PA;0;0;0;0;;;;;;;;;;;;;0;;;;;;;;;;;
1157027;2024;15107035;1504455;Medicilândia;15;PA;2;1;1;1500602;Altamira;15;PA;1;1;1;1;1420;1383;1395;1408;364.1;402.8;489.5;479.4;CDDAEABEBDAECABCECDBAEDADCADDCEBDCEABDACEECBA;AAECBCEDBADECEADBECDEBDCCEBBCDDADEBCDEABBBEDC;EBCBDECBEAEDDBDBEBBCCDAEABDAEEAEDCCABADECBDEA;DBDCBADDACEAEBCDEACBCAEDBEDCADCDECABADCAEBBDB;1;CAEDAACCAEEXCBBAEDBBCAACDEDCBCEECAAEDDDEBBDDB;CECEBEBCDBADDEBBABCDCAECEDADBAEABEADCEDADACBC;CAAAECDDDAECBECEDDCBDEDDCECBDCBCEADBBDBDDCBEDADEEB;CECEBEDADCAADECDBBCEBDCCCACABBABBADDDCEADBBCE;1;120;180;140;120;100;660
1678493;2024;15105016;1508357;Vitória do Xingu;15;PA;2;1;1;1500602;Altamira;15;PA;1;1;1;1;1420;1383;1395;1408;385.8;401.2;441.4;462.9;CDDBEDABBAECAEAAECCCDACECABCDCABADCBAEECBADBC;CDABCDCBEBABCEBCECDADBBAAABBBEAECBADDBABDCBDC;ACADCECAEDBCCEABBBBCDEDABBADECABDDAEAACBBEADC;EDBCBACAACCCCAEEDADBCACBAEDBDDADADBEBACEADBBA;0;CAEDAACCAEEXCBBAEDBBCAACDEDCBCEECAAEDDDEBBDDB;CECEBEBCDBADDEBBABCDCAECEDADBAEABEADCEDADACBC;CAAAECDDDAECBECEDDCBDEDDCECBDCBCEADBBDBDDCBEDADEEB;CECEBEDADCAADECDBBCEBDCCCACABBABBADDDCEADBBCE;4;0;0;0;0;0;0
1620886;2024;;;;;;;;;1500602;Altamira;15;PA;1;1;1;1;1419;1385;1398;1407;443.1;561.3;552.1;447.1;DCBADBEADDBAABBDADADBEADEBDEAECAEADEAEADBEAEE;CADEBADBEADAEEACEAEACDBBDAEAEEACECCEBCDECAEBD;EAADACDABDEECCEBBDBCAEDAACBEAECBCAEDADADDCEDB;BDACBEACEAEBEBDBB**BBCBBBBBBBBBCCCCCCEBCECCCC;0;BCEAACDEDCAAEDDDEBBDDBECCAEDBBAAACCAEEXCBBCED;CAEDBADBEBCCEDADBAEACBCADCEDEBBEBACECEABCDDAD;EAAACDDCDADDCBDEECEECBDCDADEEBCBEBADBCEBDBDDDDCECB;ABBABBADDDBBCECEADCEBCCCDBADCBEDAECADACDBCECE;1;120;160;120;120;100;620
925020;2024;;;;;;;;;1500602;Altamira;15;PA;0;1;1;0;;1386;1397;;;564.4;548.2;;;ACECACBCDBBECEBADCCABECCDAD.BACCAEEAEDABDBECB;EAABCDBEDADEEBDBDDDBC.CA.BDDDBBDCBDEDDBEDEECB;;0;;ACBCADCEDBAECEDADBADBEBCDADABCDEABCAEDEBBCECE;AACEADACDDCBEDADEEBDDBDBBCEECBDCBADDDCBDEDDCECBECE;;1;120;140;120;120;160;660
4148843;2024;15583058;1500602;Altamira;15;PA;2;1;1;1500602;Altamira;15;PA;0;0;0;0;;;;;;;;;;;;;1;;;;;;;;;;;
3705801;2024;;;;;;;;;1500602;Altamira;15;PA;1;1;1;1;1421;1386;1397;1409;517.9;517;581.1;586.8;DCAECEBAEDBCECBCABBDADCADCDBBCAAEBDBEAEACECAB;ADCAACDAAEEDCEDACEBDAEBCBEECEEDDAECEEBEABBEEA;DBBDDCBECADEEDDECDBBCEEABCEACBDBCADEDCAECBECA;CBABBDEDBDCBDDDAEEBADACADDEBCADEBCDACACCBEAEC;1;DDBDDEBBAAEDECBCEEDCAACDBBCEDBBAEXCCAEAACCAED;ACBCADCEDBAECEDADBADBEBCDADABCDEABCAEDEBBCECE;AACEADACDDCBEDADEEBDDBDBBCEECBDCBADDDCBDEDDCECBECE;CEBCEADBBCEADDDABBABBCCDCCECEDBACADECABEDADCB;1;100;120;80;120;80;500
2375751;2024;;;;;;;;;1500602;Altamira;15;PA;0;0;0;0;;;;;;;;;;;;;1;;;;;;;;;;;
1715712;2024;15104907;1500602;Altamira;15;PA;2;1;1;1500602;Altamira;15;PA;1;1;1;1;1421;1386;1397;1409;541.9;587.2;579.2;640.5;DBCEBCEBAECBBABAEDACCECADEABABACEADEAEABBECEB;ACBAADEECBADCEDBDBAABDADDADDBCDBAAEAEBEDBCACB;ACDCDCBEBADEEBDBBDABCBABDAEADDDDCBCEDDCDCBECE;CABCBDDCABBACDDAAABADDCBBDCCABEABCDCCDBEDDACE;1;DDBDDEBBAAEDECBCEEDCAACDBBCEDBBAEXCCAEAACCAED;ACBCADCEDBAECEDADBADBEBCDADABCDEABCAEDEBBCECE;AACEADACDDCBEDADEEBDDBDBBCEECBDCBADDDCBDEDDCECBECE;CEBCEADBBCEADDDABBABBCCDCCECEDBACADECABEDADCB;1;160;180;140;200;160;840
1751506;2024;15200205;1500602;Altamira;15;PA;1;1;1;1500602;Altamira;15;PA;1;1;1;1;1421;1386;1397;1409;507.4;409.7;519.1;487;DBCDEABAACBEBCBABDCDAEBCEADADBBBECDEAEBCACBAE;BBDEBCBACEDBCCAADEDBBAADBEACBEECAEDDBBEAEBCDB;BAACACBEDDDDEBEDBDACEAEAEBCDCADDBACECDEACBEAD;EDACCBDEACBDDCEADECADCBEACDDECDEACDBACDCAAECB;0;DDBDDEBBAAEDECBCEEDCAACDBBCEDBBAEXCCAEAACCAED;ACBCADCEDBAECEDADBADBEBCDADABCDEABCAEDEBBCECE;AACEADACDDCBEDADEEBDDBDBBCEECBDCBADDDCBDEDDCECBECE;CEBCEADBBCEADDDABBABBCCDCCECEDBACADECABEDADCB;1;120;160;100;140;120;640
3656844;2024;;;;;;;;;1500602;Altamira;15;PA;0;1;1;0;;1384;1396;;;336.6;345.5;;;CDCABCECAADBCCACADACACABDDBBBBCBBCBCCACCBAACA;CCCBDCCBBDECCDDDBDEAADDABDBCAAAABDDBEAEAECAEB;;1;;DADABCDCECEDEBBBEBCDBADACBCADCEBEADBAECAECEDA;AACEADDDACDADECBBDBEEBDDECCBEDDCADBBDEBCEBDCECEDDC;;1;120;120;80;80;0;400
3198001;2024;15106250;1501725;Brasil Novo;15;PA;2;1;1;1500602;Altamira;15;PA;1;1;1;1;1422;1384;1396;1410;454;487.5;517.2;512.8;BBDCECBBECBEAEDBADCAACEABBBDADDCBDAEBCCECEADB;BBBABEAAAE*DEABBEAA*EB*ACCEAEEBEEABADAAAECCDA;ACCDAEBDECBDDDEEDDDABBDEDEAEBDBDEACEDCCCDCDDB;BCABDEEDCABDBECEEEEADEADAAEDABECDBAEDBAAEDADA;1;BBCEDBBAEXCCAEDDBCAEDAACAAEDDDEBBECBCEEDCAACD;DADABCDCECEDEBBBEBCDBADACBCADCEBEADBAECAECEDA;AACEADDDACDADECBBDBEEBDDECCBEDDCADBBDEBCEBDCECEDDC;DBCECEACADABBECBEDADCCDCCABBBCECEBCEADABBADDD;1;100;100;80;100;100;480
4039886;2024;;;;;;;;;1500602;Altamira;15;PA;1;1;1;1;1421;1386;1397;1409;494.9;514.1;459.2;520.3;DABE*AAACCCAADBBBDDDABCDADCCCBADABDECEAADDCAB;ACAAADDEEEAECDBAABDABCACBDDEBABBAABAABBADEEAA;AAADDDBABAEEEACADDBBBBEACAECACBDBDBACECADBEEE;CBACDBDDEEACBDBBCCBACACEBECDACBECBBCDADBDBACE;0;DDBDDEBBAAEDECBCEEDCAACDBBCEDBBAEXCCAEAACCAED;ACBCADCEDBAECEDADBADBEBCDADABCDEABCAEDEBBCECE;AACEADACDDCBEDADEEBDDBDBBCEECBDCBADDDCBDEDDCECBECE;CEBCEADBBCEADDDABBABBCCDCCECEDBACADECABEDADCB;1;100;120;120;120;100;560
3027613;2024;;;;;;;;;1500602;Altamira;15;PA;1;1;1;1;1420;1383;1395;1408;573.2;649;599.5;609;CCEEADDCABDBDEAEBDBBCDCEBEDBCEBECACBBEDEEBDEB;CBCEBECEDCADDEBBDBCDCAACEDAEBBEAAEADEEDADABCA;CADDAECCECADDBBDECDCCDBDCBDDACACDA.DCBEDADEEB;BCCCDEDBCDEABBDDCBCEBEDCBACBCDDABBCEDDBAADBCC;1;CAEDAACCAEEXCBBAEDBBCAACDEDCBCEECAAEDDDEBBDDB;CECEBEBCDBADDEBBABCDCAECEDADBAEABEADCEDADACBC;CAAAECDDDAECBECEDDCBDEDDCECBDCBCEADBBDBDDCBEDADEEB;CECEBEDADCAADECDBBCEBDCCCACABBABBADDDCEADBBCE;1;160;200;140;160;200;860
1893232;2024;15104893;1500602;Altamira;15;PA;2;1;1;1500602;Altamira;15;PA;1;1;1;1;1421;1386;1397;1409;559.4;484.7;493.8;541;DEBCECEBABDABCBAECDAECCBDEDDBAACEBDEADEADECEB;ADBEACAEDCAAEDBBEBDDAAEBCADCAEDDBEDABDECC*EEA;BBCEDEBEDADEEAEDBDABDEABECCADCCAEBADDCCBADEEA;CBAEDDDABCEBCDAABDDCDABAECCDBEBEDABECBCDEEABC;0;DDBDDEBBAAEDECBCEEDCAACDBBCEDBBAEXCCAEAACCAED;ACBCADCEDBAECEDADBADBEBCDADABCDEABCAEDEBBCECE;AACEADACDDCBEDADEEBDDBDBBCEECBDCBADDDCBDEDDCECBECE;CEBCEADBBCEADDDABBABBCCDCCECEDBACADECABEDADCB;1;120;180;160;160;80;700
2820776;2024;;;;;;;;;1500602;Altamira;15;PA;1;1;1;1;1419;1385;1398;1407;387.5;499.7;527.6;382.1;DDAECBDBBCCEAEDEDBBCDCBABBCCBACECAEAEDBDCEBDC;AADABBDACCBCBAAEEADABEAAEABADBBCEACEABEBDAEAD;DDCDCDDCBCEECEEADCCBACDEACBEECDBCEDDEDDCAECBD;BCABBDBBACEAABCCDCADABDEBADBADBDDCBABCDCEACAD;1;BCEAACDEDCAAEDDDEBBDDBECCAEDBBAAACCAEEXCBBCED;CAEDBADBEBCCEDADBAEACBCADCEDEBBEBACECEABCDDAD;EAAACDDCDADDCBDEECEECBDCDADEEBCBEBADBCEBDBDDDDCECB;ABBABBADDDBBCECEADCEBCCCDBADCBEDAECADACDBCECE;1;160;200;160;160;160;840
4068420;2024;;;;;;;;;1500602;Altamira;15;PA;1;1;1;1;1420;1383;1395;1408;407.6;488.2;462.9;417.7;EEABABCDAACBBACCCBBAAADDACDBACDDEAEECECEEEEAE;BECDCEBDCEAACEEDACECCABCDDABEBEBAECDCAACEADAB;CDBDCECEECEEABBCDCBBACCDDEDBDDBCDBDAEDEECEAEA;DDCCDBDEEBEBAABCBEAEACCCAEDECCBACCADCDDAAECCB;1;CAEDAACCAEEXCBBAEDBBCAACDEDCBCEECAAEDDDEBBDDB;CECEBEBCDBADDEBBABCDCAECEDADBAEABEADCEDADACBC;CAAAECDDDAECBECEDDCBDEDDCECBDCBCEADBBDBDDCBEDADEEB;CECEBEDADCAADECDBBCEBDCCCACABBABBADDDCEADBBCE;1;100;60;60;60;0;280
299580;2024;;;;;;;;;1500602;Altamira;15;PA;0;0;0;0;;;;;;;;;;;;;1;;;;;;;;;;;
4003473;2024;;;;;;;;;1500602;Altamira;15;PA;1;1;1;1;1419;1385;1398;1407;382.3;474.7;380.9;477;DCAADEDAECDCAEEDEADABAAEEABBAACACECDABBBCCCBC;DCCCCCDCECACABADEADAAEBABBACEDEBEADABADBBDDEB;ABACBBAABCDEDBBAACEBAECDAECAAEEEBACBCEDDCEBCB;AACBBBBABDCECCACAABBBBBDCBCBCDDDABBBBBDCCCCEE;1;BCEAACDEDCAAEDDDEBBDDBECCAEDBBAAACCAEEXCBBCED;CAEDBADBEBCCEDADBAEACBCADCEDEBBEBACECEABCDDAD;EAAACDDCDADDCBDEECEECBDCDADEEBCBEBADBCEBDBDDDDCECB;ABBABBADDDBBCECEADCEBCCCDBADCBEDAECADACDBCECE;1;100;140;80;120;120;560
55129;2024;;;;;;;;;1500602;Altamira;15;PA;1;1;1;1;1419;1385;1398;1407;426.1;460.6;508.5;386.8;ABBAEDCCBDBDBDBBCBCBDBDBCBEBDBDEABBAACBDBDBCB;DBBABCBBABACEDAABCBBBDDAEEDBCDCDBACBCBCBDCAAB;BBABDCDABDEEACEADABEDAEEBEBADCCAABEDADBDDEBCB;BCBDCBCBCDBDCDBCDCDCDBCBADCCEACEEBCDBEBBACCCB;0;BCEAACDEDCAAEDDDEBBDDBECCAEDBBAAACCAEEXCBBCED;CAEDBADBEBCCEDADBAEACBCADCEDEBBEBACECEABCDDAD;EAAACDDCDADDCBDEECEECBDCDADEEBCBEBADBCEBDBDDDDCECB;ABBABBADDDBBCECEADCEBCCCDBADCBEDAECADACDBCECE;1;80;160;80;80;120;520
63821;2024;15105016;1508357;Vitória do Xingu;15;PA;2;1;1;1500602;Altamira;15;PA;1;1;1;1;1422;1384;1396;1410;562.8;386.2;442.1;480.6;ACEBBADAEBDCAEDDBBEEBECDECEECDEDCADCEECDEADCB;BBDAECCAEDBEDEDBECCDBBAEDAACCEAEBBEEADEDBACE.;ABADDCDACECADECDBDBCADDADEEDCDBECBDCDDEEECCDC;CCBDCBDBCCDCBDECADBDDCBDBDBABCBABACDCEABDEAEE;0;BBCEDBBAEXCCAEDDBCAEDAACAAEDDDEBBECBCEEDCAACD;DADABCDCECEDEBBBEBCDBADACBCADCEBEADBAECAECEDA;AACEADDDACDADECBBDBEEBDDECCBEDDCADBBDEBCEBDCECEDDC;DBCECEACADABBECBEDADCCDCCABBBCECEBCEADABBADDD;1;100;140;120;100;120;580
1020190;2024;;;;;;;;;1500602;Altamira;15;PA;0;0;0;0;;;;;;;;;;;;;0;;;;;;;;;;;
162170;2024;15104907;1500602;Altamira;15;PA;2;1;1;1500602;Altamira;15;PA;1;1;1;1;1420;1383;1395;1408;538.1;557.4;566.3;415.8;ECECAADCCDDBAAEDAACCAEBDBADBBBEECCBBBEDEACDCD;AACECEBDABCDDEBDCECDCAECBDCE*DDABCACEEBEDABDA;EDBCAECBECEDDDBDECDCEA*EEBDADDBBDBBCEBDBACCEB;CCABCDEBABADCCAAABADDBBEBECDABECCCBAACBAECADB;1;CAEDAACCAEEXCBBAEDBBCAACDEDCBCEECAAEDDDEBBDDB;CECEBEBCDBADDEBBABCDCAECEDADBAEABEADCEDADACBC;CAAAECDDDAECBECEDDCBDEDDCECBDCBCEADBBDBDDCBEDADEEB;CECEBEDADCAADECDBBCEBDCCCACABBABBADDDCEADBBCE;1;140;180;140;160;160;780
1818618;2024;15104907;1500602;Altamira;15;PA;2;1;1;1500602;Altamira;15;PA;1;1;1;1;1420;1383;1395;1408;533.6;539.2;575.1;551.7;ECEBAADEEDEBDCADEABABBCBBDDCBABECCEBCEEEACDAB;BEAABCACDBCDBDCBABCDAAACCCACBACACCADEEADDBDDA;CAACBECBECEDDBBDECDBDCBAABCCDBBEDACEEBEDACEED;AECDDDDBCAABCCAECBBBEBCDBACDBDACCBEBBDACBBBEA;0;CAEDAACCAEEXCBBAEDBBCAACDEDCBCEECAAEDDDEBBDDB;CECEBEBCDBADDEBBABCDCAECEDADBAEABEADCEDADACBC;CAAAECDDDAECBECEDDCBDEDDCECBDCBCEADBBDBDDCBEDADEEB;CECEBEDADCAADECDBBCEBDCCCACABBABBADDDCEADBBCE;1;120;120;120;140;100;600
961703;2024;;;;;;;;;1500602;Altamira;15;PA;1;1;1;1;1420;1383;1395;1408;480;580.9;553.5;472.7;DBDDDDABCECBEDBBDACCCBDCAECDBEBBADACDAAEEAEBA;ADCBECBCDBDDBEEBCACDCAECEDADBAEAEEADEBCABABCE;CAABCECCECCDACACEBDCAAEEEBEBBADBDBDDABEEADEEB;BCACECDCACBECCDABCDEEDBECADBCEACDBAEACDDEDABD;0;CAEDAACCAEEXCBBAEDBBCAACDEDCBCEECAAEDDDEBBDDB;CECEBEBCDBADDEBBABCDCAECEDADBAEABEADCEDADACBC;CAAAECDDDAECBECEDDCBDEDDCECBDCBCEADBBDBDDCBEDADEEB;CECEBEDADCAADECDBBCEBDCCCACABBABBADDDCEADBBCE;1;120;140;120;120;100;600
1424928;2024;15104907;1500602;Altamira;15;PA;2;1;1;1500602;Altamira;15;PA;1;1;1;1;1422;1384;1396;1410;431.2;522.8;420.7;418.5;ACBEECACECEEBADBCCAEBEBDCCCAEBEBCAEAADBBDEDEE;AADEEACCEABAADDAECCEEAAABEAADCDADACEAEAAECEAA;AAAAA*BAAAAADAAEADBBACCCDDBAAAEEEEEEEEEEEEEEE;ABDCCBEDCAEACDDCBEACDDCAEAECEEDDEBAACEBBAAEDE;1;BBCEDBBAEXCCAEDDBCAEDAACAAEDDDEBBECBCEEDCAACD;DADABCDCECEDEBBBEBCDBADACBCADCEBEADBAECAECEDA;AACEADDDACDADECBBDBEEBDDECCBEDDCADBBDEBCEBDCECEDDC;DBCECEACADABBECBEDADCCDCCABBBCECEBCEADABBADDD;1;120;180;140;140;180;760
1762740;2024;;;;;;;;;1500602;Altamira;15;PA;0;0;0;0;;;;;;;;;;;;;1;;;;;;;;;;;
1732103;2024;;;;;;;;;1500602;Altamira;15;PA;0;0;0;0;;;;;;;;;;;;;0;;;;;;;;;;;
3485890;2024;;;;;;;;;1500602;Altamira;15;PA;1;1;1;1;1422;1384;1396;1410;456.7;428.2;496.1;381.4;C.CDCCECBEDEAADCBEDADEABAEAACCCEBACADDECEDAAA;CDBEABAEEADDECEBDCCBCCABAEECCABBEABDAEBEBCAAE;ACDBEBBD.CEADAEDDDEAEAEECDAACBAEEBDCEACECDBBC;ADBDBCEDBCCABDDCABDCDEBAEBECCBEBBACCBDEABCBEA;1;BBCEDBBAEXCCAEDDBCAEDAACAAEDDDEBBECBCEEDCAACD;DADABCDCECEDEBBBEBCDBADACBCADCEBEADBAECAECEDA;AACEADDDACDADECBBDBEEBDDECCBEDDCADBBDEBCEBDCECEDDC;DBCECEACADABBECBEDADCCDCCABBBCECEBCEADABBADDD;1;120;120;100;100;60;500
385304;2024;;;;;;;;;1500602;Altamira;15;PA;1;1;1;1;1419;1385;1398;1407;413.1;494.2;485.2;516.4;DCABDEEBECDEBBEEEDABCDBEBBEABAACBBDEADACDBEEC;BEEADAAEDEACEDADEACBBCEBDAEAEABECAAEDBBABDDDB;BECDABABBDEECCBADBBCBDCCBEBBACAEDEEDCDACADECD;CCACAACEADAADBADAECADABDBDDCAECBADABDEBAEDECA;1;BCEAACDEDCAAEDDDEBBDDBECCAEDBBAAACCAEEXCBBCED;CAEDBADBEBCCEDADBAEACBCADCEDEBBEBACECEABCDDAD;EAAACDDCDADDCBDEECEECBDCDADEEBCBEBADBCEBDBDDDDCECB;ABBABBADDDBBCECEADCEBCCCDBADCBEDAECADACDBCECE;1;160;140;120;140;120;680
3122783;2024;;;;;;;;;1500602;Altamira;15;PA;1;1;1;1;1422;1384;1396;1410;431.9;418.8;484.7;485.7;ADCCABACDEBEABBCDCCBEADBBCCEEBDDABBBDECBDEADC;BADCBCCAECACEACDBCCDAAECCDEBCBABCDEBDBACEADBC;ADDCEDBCECBEDAAEBDEECACDBEACBADDEAEBCBDECAEBD;BCDACEEBCDEAB*CCBCDABCEEABDCEDDEACBCDDACDAACD;1;BBCEDBBAEXCCAEDDBCAEDAACAAEDDDEBBECBCEEDCAACD;DADABCDCECEDEBBBEBCDBADACBCADCEBEADBAECAECEDA;AACEADDDACDADECBBDBEEBDDECCBEDDCADBBDEBCEBDCECEDDC;DBCECEACADABBECBEDADCCDCCABBBCECEBCEADABBADDD;1;40;120;80;80;0;320
1619539;2024;;;;;;;;;1500602;Altamira;15;PA;1;1;1;1;1422;1384;1396;1410;600.3;637.7;563;771.5;DACCDCADCBBEADDBCCDEDAACAECDEBEBBBCBAECDBDECB;DADDBCCCACADDDDBEBADEDDACECADCECEDEBAECAECEDA;AACEADDDBEBBDBCECEACEBBDDDCABABDBBCABDCECABDC;DAEECCACEDABBBBEEDABDCDCCABDECECDBDEADABBCEDD;0;BBCEDBBAEXCCAEDDBCAEDAACAAEDDDEBBECBCEEDCAACD;DADABCDCECEDEBBBEBCDBADACBCADCEBEADBAECAECEDA;AACEADDDACDADECBBDBEEBDDECCBEDDCADBBDEBCEBDCECEDDC;DBCECEACADABBECBEDADCCDCCABBBCECEBCEADABBADDD;1;160;200;180;180;200;920
3074417;2024;;;;;;;;;1500602;Altamira;15;PA;1;1;1;1;1420;1383;1395;1408;462.3;393.2;404.9;454.7;DDEBBACEAEBCBDACDABCEADDBDABDCDACECCECBEDBADA;BACEADCBABCDECDEABCDEBBCDBCBADADECBCBDBABCDDA;BDBAABEDBDCCBECDAECEDBAAEECBCADEDADCCBDBBECEB;DDCACBDCBCACCEBBECAEACBDBEDCBCEECADABECCADBCA;1;CAEDAACCAEEXCBBAEDBBCAACDEDCBCEECAAEDDDEBBDDB;CECEBEBCDBADDEBBABCDCAECEDADBAEABEADCEDADACBC;CAAAECDDDAECBECEDDCBDEDDCECBDCBCEADBBDBDDCBEDADEEB;CECEBEDADCAADECDBBCEBDCCCACABBABBADDDCEADBBCE;1;120;140;120;100;0;480
537900;2024;15104907;1500602;Altamira;15;PA;2;1;1;1500602;Altamira;15;PA;1;1;1;1;1422;1384;1396;1410;513.1;544.5;550.4;402.5;BABBCBEAABEACEDDDBDDAEBCDBEBBCDDBCEAAEBDCEDCA;DCDABCDBEABAEEDAEBDABBBEBBDADBCACAEEACCAECCDA;DDDECDABECBBDAEEBDDADDAEDDACBDACEBDDECCEDDDBC;CCDDCBBDECBCEAADEDEDBAEDCBEBDADBCDEBAACDBCCAE;1;BBCEDBBAEXCCAEDDBCAEDAACAAEDDDEBBECBCEEDCAACD;DADABCDCECEDEBBBEBCDBADACBCADCEBEADBAECAECEDA;AACEADDDACDADECBBDBEEBDDECCBEDDCADBBDEBCEBDCECEDDC;DBCECEACADABBECBEDADCCDCCABBBCECEBCEADABBADDD;1;120;140;120;140;160;680
2741037;2024;15104907;1500602;Altamira;15;PA;2;1;1;1500602;Altamira;15;PA;1;1;1;1;1420;1383;1395;1408;449.8;558.9;531.4;557.5;BEACEDCBAEACDBECBEEADAEEEDAAEBEECABBDCABEADCC;BECCBEBCDAADCEBBAEEDDADCEAABE*EAEBCDBCEADBDCA;ABADAEEBACEDAADDEAECCBCECBBBACEBDADDABECADEEA;EDDBAACBEEBBECCCEBDAEBECBECBBCACCCABDCDADABDA;0;CAEDAACCAEEXCBBAEDBBCAACDEDCBCEECAAEDDDEBBDDB;CECEBEBCDBADDEBBABCDCAECEDADBAEABEADCEDADACBC;CAAAECDDDAECBECEDDCBDEDDCECBDCBCEADBBDBDDCBEDADEEB;CECEBEDADCAADECDBBCEBDCCCACABBABBADDDCEADBBCE;1;140;200;180;180;140;840
2320060;2024;15106250;1501725;Brasil Novo;15;PA;2;1;1;1500602;Altamira;15;PA;1;1;1;1;1420;1383;1395;1408;458.9;528.2;496.1;377.6;BCEBEADEEBEBBDABBBACCBDDCCEBDABECBBAECDCBECAB;AACBCEBDACCDDECDBEBDBBECEEAAEADABBADEDBDDBBDC;CBABABCBEABBAEECEBDACBDEDBEBDEBBDAEDDBEDACCDB;DBDBECEDAACEBCABEAABADBADDDCCBBBDCEBDDDBCCACE;0;CAEDAACCAEEXCBBAEDBBCAACDEDCBCEECAAEDDDEBBDDB;CECEBEBCDBADDEBBABCDCAECEDADBAEABEADCEDADACBC;CAAAECDDDAECBECEDDCBDEDDCECBDCBCEADBBDBDDCBEDADEEB;CECEBEDADCAADECDBBCEBDCCCACABBABBADDDCEADBBCE;1;140;200;180;160;140;820
1624497;2024;;;;;;;;;1500602;Altamira;15;PA;1;1;1;1;1419;1385;1398;1407;450.9;497.5;492.8;601.4;AABDBECCBCCEDCDECBEDCC*DEBECCACADAEADECDACBAE;DABADBBCEBCCDBADBCEACCAADCBABEBCEADAEABCBCAAD;CBADDBECBDEEAABBAECEAABDBDDBBDCBDCEDDDACDBECA;ACDACCBCDDABEECBACDBBDEBAEEBCADEDCCCBADDBDCCE;0;BCEAACDEDCAAEDDDEBBDDBECCAEDBBAAACCAEEXCBBCED;CAEDBADBEBCCEDADBAEACBCADCEDEBBEBACECEABCDDAD;EAAACDDCDADDCBDEECEECBDCDADEEBCBEBADBCEBDBDDDDCECB;ABBABBADDDBBCECEADCEBCCCDBADCBEDAECADACDBCECE;1;120;160;120;120;80;600
1529861;2024;15106250;1501725;Brasil Novo;15;PA;2;1;1;1500602;Altamira;15;PA;1;1;1;1;1421;1386;1397;1409;480.6;396.5;417.2;381.2;DEAAACBBABACACADAEEADACDCEEECAACCCAEDEBDCDCAA;AEBABABAAEBBEABAECDACDAEDDBBCBBAABAABCEDDBAAA;BDACEDECAABAAADECDADABBBDAEADEEAAEBEADCEECECB;ADCBAEBECCECCEDDCECAAAEDCEDECEBBEEBADBCDCDADD;0;DDBDDEBBAAEDECBCEEDCAACDBBCEDBBAEXCCAEAACCAED;ACBCADCEDBAECEDADBADBEBCDADABCDEABCAEDEBBCECE;AACEADACDDCBEDADEEBDDBDBBCEECBDCBADDDCBDEDDCECBECE;CEBCEADBBCEADDDABBABBCCDCCECEDBACADECABEDADCB;1;100;120;60;80;80;440
3505508;2024;;;;;;;;;1500602;Altamira;15;PA;1;1;1;1;1419;1385;1398;1407;398.3;466.4;492.4;412.5;DBAECAEDBACCBEEDEEEDADBCBAABDABCCCEABCEBDBEAD;AABDADAAEBEAECEDBDCABEDACEADDABDBABCCBEAEBBDD;CDABABEACDEEE*DACBCDAECCBDCEDDDBCABDADCCAAECD;DDCDDDECAAA*DDBCEBCEBBCDABBBDEAECDADBEDBDDABE;0;BCEAACDEDCAAEDDDEBBDDBECCAEDBBAAACCAEEXCBBCED;CAEDBADBEBCCEDADBAEACBCADCEDEBBEBACECEABCDDAD;EAAACDDCDADDCBDEECEECBDCDADEEBCBEBADBCEBDBDDDDCECB;ABBABBADDDBBCECEADCEBCCCDBADCBEDAECADACDBCECE;1;100;140;80;120;100;540
3379739;2024;15177874;1500859;Anapu;15;PA;2;2;1;1500602;Altamira;15;PA;1;1;1;1;1419;1385;1398;1407;494.4;396.6;538.1;468.3;BABACDAECCBCAECBCDABDAEDEAEBAABEDCEACEBDACDCB;DEEABCDCEACDACBBDACBDACBDACEBCDAEBDACEBDACBDA;CDCDEBDCBDEEDCAEBDECAECEBDCEDEEBDEEDADDBDBECB;DABAECBCDEDCEAABEBAC*DACDEBCADBDCDAECDABDBEBD;1;BCEAACDEDCAAEDDDEBBDDBECCAEDBBAAACCAEEXCBBCED;CAEDBADBEBCCEDADBAEACBCADCEDEBBEBACECEABCDDAD;EAAACDDCDADDCBDEECEECBDCDADEEBCBEBADBCEBDBDDDDCECB;ABBABBADDDBBCECEADCEBCCCDBADCBEDAECADACDBCECE;1;120;140;100;120;20;500
2256798;2024;;;;;;;;;1500602;Altamira;15;PA;1;1;1;1;1419;1385;1398;1407;393.4;502.2;491.8;386.7;EDBACDCDDDCBADCBDEDEADCAEADBDEADECEBEBADCEAEC;CAEDBBDEECECBCADABDDBECACDCDBDBBECABCDEACCACE;B*BADDCCBCEEDEBCADEDBDCEBCEEADEBBCDEBACCABCDB;CCBDEBEBCADACDACDBAEEDBCCAADAEEAEEDDCEDBADCBD;1;BCEAACDEDCAAEDDDEBBDDBECCAEDBBAAACCAEEXCBBCED;CAEDBADBEBCCEDADBAEACBCADCEDEBBEBACECEABCDDAD;EAAACDDCDADDCBDEECEECBDCDADEEBCBEBADBCEBDBDDDDCECB;ABBABBADDDBBCECEADCEBCCCDBADCBEDAECADACDBCECE;1;80;120;80;60;80;420
3025799;2024;;;;;;;;;1500602;Altamira;15;PA;1;1;1;1;1421;1386;1397;1409;460.5;431.6;475.8;415.6;DCCDCECBDBEACDDBDDCCDECBCCBCBDDCECDEECCDDCACD;CADCDADCDEACCDCADCBAEBCDECBDEBCDDCCAB*EBDDCEA;CDEDDDBADDBEEACDBDEBCCDBCADEBABDBCBADDCCDCEDD;DDCDDCECDCECBCBDCBDACEDBDDEDCBCABDBDCEBDDDCDC;1;DDBDDEBBAAEDECBCEEDCAACDBBCEDBBAEXCCAEAACCAED;ACBCADCEDBAECEDADBADBEBCDADABCDEABCAEDEBBCECE;AACEADACDDCBEDADEEBDDBDBBCEECBDCBADDDCBDEDDCECBECE;CEBCEADBBCEADDDABBABBCCDCCECEDBACADECABEDADCB;1;100;100;80;80;80;440
3127935;2024;;;;;;;;;1500602;Altamira;15;PA;1;1;1;1;1420;1383;1395;1408;475.1;472.9;504.6;481.8;CEECECDABBEBCDAECBEACBAACDBECCEDCBEDCDDEEDEAA;ACCDCCBCCEDDCBEDEBECBABCEDBBBDADECCDCBAADABAD;AAAEEEDBEDEEDABBECCDDABEDAACAEBDDDEEEBACADAEB;ADCCBDEDDCAACBADDEBDDCCCAECBCBABCBCECACDACAEC;0;CAEDAACCAEEXCBBAEDBBCAACDEDCBCEECAAEDDDEBBDDB;CECEBEBCDBADDEBBABCDCAECEDADBAEABEADCEDADACBC;CAAAECDDDAECBECEDDCBDEDDCECBDCBCEADBBDBDDCBEDADEEB;CECEBEDADCAADECDBBCEBDCCCACABBABBADDDCEADBBCE;1;120;160;120;180;160;740
1561238;2024;;;;;;;;;1500602;Altamira;15;PA;1;1;1;1;1419;1385;1398;1407;457.9;591.6;548.4;667.8;ECEDAAEBBEECCEEDDAACECEBCEECBEACACCADACBBCECE;CAEDBADBEBECEEABBCEACAECBDDDDEEEEDCBAEABDDAAD;EAAACBABADBCEBBBACDDADDECCEEBABBCABDADCDDCECB;ECCACABADDBBAAECADCEBCADDAAAAACDDEACBACBCEEDD;0;BCEAACDEDCAAEDDDEBBDDBECCAEDBBAAACCAEEXCBBCED;CAEDBADBEBCCEDADBAEACBCADCEDEBBEBACECEABCDDAD;EAAACDDCDADDCBDEECEECBDCDADEEBCBEBADBCEBDBDDDDCECB;ABBABBADDDBBCECEADCEBCCCDBADCBEDAECADACDBCECE;1;120;160;180;180;160;800
3368948;2024;;;;;;;;;1500602;Altamira;15;PA;0;0;0;0;;;;;;;;;;;;;1;;;;;;;;;;;
1779146;2024;;;;;;;;;1500602;Altamira;15;PA;0;1;1;0;;1383;1395;;;490.7;562.1;;;ACCEBBACEDBDDCEDBBCECEDCDBACEEEBEBCAEEDEEACDA;CAAABBCBECCDDEAEEDDCABADDECDDBDBDABDBBECADEEB;;0;;CECEBEBCDBADDEBBABCDCAECEDADBAEABEADCEDADACBC;CAAAECDDDAECBECEDDCBDEDDCECBDCBCEADBBDBDDCBEDADEEB;;1;140;120;120;120;80;580
16443;2024;15583058;1500602;Altamira;15;PA;2;1;1;1500602;Altamira;15;PA;1;1;1;1;1422;1384;1396;1410;382.4;403.2;445.4;415.7;CDADAEACCABEEDAACBDAAEAEADBEACEBCBCACCDDDAAEE;DDBAECACCBADEEACDDADBCBBBAABDDACAEECBDBEDBDCA;EAEAAEABCCAADCCEADACEBEDDCCAAEACEDABAEBEDEAEE;AEDEEAEECCACACCCBEAAABDDEEEBACADBCABCEBEEACEA;0;BBCEDBBAEXCCAEDDBCAEDAACAAEDDDEBBECBCEEDCAACD;DADABCDCECEDEBBBEBCDBADACBCADCEBEADBAECAECEDA;AACEADDDACDADECBBDBEEBDDECCBEDDCADBBDEBCEBDCECEDDC;DBCECEACADABBECBEDADCCDCCABBBCECEBCEADABBADDD;1;140;140;120;120;120;640
3278487;2024;;;;;;;;;1500602;Altamira;15;PA;1;1;1;1;1421;1386;1397;1409;383.3;423.3;415.6;431.1;DBCEACEABBAEAAEDACAAADAAECDBBCAAEBDEEDBDDEACB;ABDDAEEAEAACDDBBDBCACEADDDECAECDACBEBECBDCEAA;ABECAABECDDCEAADDBCABEAABAEABACEDDCBEEDCCBEDD;ACBECDBDADCCBEBEDCCDDDDCCDEDACEDDCDBCBCAECEDD;1;DDBDDEBBAAEDECBCEEDCAACDBBCEDBBAEXCCAEAACCAED;ACBCADCEDBAECEDADBADBEBCDADABCDEABCAEDEBBCECE;AACEADACDDCBEDADEEBDDBDBBCEECBDCBADDDCBDEDDCECBECE;CEBCEADBBCEADDDABBABBCCDCCECEDBACADECABEDADCB;4;0;0;0;0;0;0
1446856;2024;;;;;;;;;1500602;Altamira;15;PA;0;0;0;0;;;;;;;;;;;;;0;;;;;;;;;;;
2122045;2024;;;;;;;;;1500602;Altamira;15;PA;0;0;0;0;;;;;;;;;;;;;0;;;;;;;;;;;
3187706;2024;;;;;;;;;1500602;Altamira;15;PA;0;1;1;0;;1386;1397;;;557.6;536.7;;;ACBAADEADEDDCEDAAEBDCCABDADBECDEAEBAADEABBECA;AACCEDBDCADDEBDEBDABAEDEDAEBACBDACCEDDEECBEDA;;0;;ACBCADCEDBAECEDADBADBEBCDADABCDEABCAEDEBBCECE;AACEADACDDCBEDADEEBDDBDBBCEECBDCBADDDCBDEDDCECBECE;;1;160;180;160;160;160;820
2296850;2024;15107035;1504455;Medicilândia;15;PA;2;1;1;1500602;Altamira;15;PA;1;1;1;1;1422;1384;1396;1410;408.5;393.1;484.9;380.5;BDCAECEACEDABDBADEBECCABDBDADECBEDAEBDACBDCDA;EDBAEBABCABEDCBEDCAEDBABBECDDCAAEACBDCAABCDEB;ABEBDBBDECDADACEBCADAABDEEBDEBDCEDCACBDEADBDC;CDDACEEBDACEDADCBEDACAEBDCAC*DBDCDABEABECDBBA;0;BBCEDBBAEXCCAEDDBCAEDAACAAEDDDEBBECBCEEDCAACD;DADABCDCECEDEBBBEBCDBADACBCADCEBEADBAECAECEDA;AACEADDDACDADECBBDBEEBDDECCBEDDCADBBDEBCEBDCECEDDC;DBCECEACADABBECBEDADCCDCCABBBCECEBCEADABBADDD;1;120;200;160;180;140;800
2363998;2024;;;;;;;;;1500602;Altamira;15;PA;1;1;1;1;1421;1386;1397;1409;408.1;574.2;490.9;402.7;DCAEBACBEBABCEDABDCECEABDCAECBBDEACECADBCBEDA;ABDCADEACBADCEBADCBDBEBDACEABBDEACBAADEBBBECB;BAEDBCDEABADEBDACDBECEBADCAEDBCDABEBDCAEDBECA;ABDCECEABDDBECADEBCABEBACABEDDECDABBDEACECABD;0;DDBDDEBBAAEDECBCEEDCAACDBBCEDBBAEXCCAEAACCAED;ACBCADCEDBAECEDADBADBEBCDADABCDEABCAEDEBBCECE;AACEADACDDCBEDADEEBDDBDBBCEECBDCBADDDCBDEDDCECBECE;CEBCEADBBCEADDDABBABBCCDCCECEDBACADECABEDADCB;1;100;40;120;80;60;400
1217644;2024;;;;;;;;;1500602;Altamira;15;PA;1;1;1;1;1419;1385;1398;1407;574.3;593.6;540.9;461.8;BEBADCBEBCABBBDAEABDDABCEADDCBCBEAACEEABDCDEC;CAEABC*BECCCEDACEEEACDCADEEBEDBDCABECBBACCDAD;CAADCBDAAEEEDECBDABDADEEBCAEEECBDCEDBDADCBECD;BCCABDDAEAAEBCEBDDEBABCCBCBEBDCEBAAADBDEDBDDC;0;BCEAACDEDCAAEDDDEBBDDBECCAEDBBAAACCAEEXCBBCED;CAEDBADBEBCCEDADBAEACBCADCEDEBBEBACECEABCDDAD;EAAACDDCDADDCBDEECEECBDCDADEEBCBEBADBCEBDBDDDDCECB;ABBABBADDDBBCECEADCEBCCCDBADCBEDAECADACDBCECE;1;100;120;100;100;80;500
3927329;2024;;;;;;;;;1500602;Altamira;15;PA;1;1;1;1;1421;1386;1397;1409;476.6;486.2;435.6;388.3;DEAACCBEBCDAEADCEABCDEEDDCEDAEBADCBEACACDEDEB;ACDCDDAAEEABDBEAEEBDCBDCAEDCBBCDABDADBDDEAECB;DCDCDDAECDDCDDDEEDDBABACAAECADCECDCDDEBCEEDDB;AEAACECEDCEEAEBDEDDDCBDBADABCBBADDCBEBECEDACC;1;DDBDDEBBAAEDECBCEEDCAACDBBCEDBBAEXCCAEAACCAED;ACBCADCEDBAECEDADBADBEBCDADABCDEABCAEDEBBCECE;AACEADACDDCBEDADEEBDDBDBBCEECBDCBADDDCBDEDDCECBECE;CEBCEADBBCEADDDABBABBCCDCCECEDBACADECABEDADCB;1;120;120;120;120;100;580
2890883;2024;;;;;;;;;1500602;Altamira;15;PA;1;1;1;1;1421;1386;1397;1409;423;312.2;380.1;467.1;DABBDABDBCDDCDDAADBAABBCCADDCABBDABBADAAEDBDD;EBEABDCDCBBBACCBAACAABBCCDADDAACDC*BCABBEBBAA;AAAABDCCCAABCDEDEBDDCDBBDDDBEEDCECBABBEDABEEB;BEBDAADDDBBCDEDCBBBCACDDACBCDBDEDCCCDBBAAEDBE;0;DDBDDEBBAAEDECBCEEDCAACDBBCEDBBAEXCCAEAACCAED;ACBCADCEDBAECEDADBADBEBCDADABCDEABCAEDEBBCECE;AACEADACDDCBEDADEEBDDBDBBCEECBDCBADDDCBDEDDCECBECE;CEBCEADBBCEADDDABBABBCCDCCECEDBACADECABEDADCB;4;0;0;0;0;0;0
3661297;2024;15169138;1500602;Altamira;15;PA;2;1;1;1500602;Altamira;15;PA;1;1;1;1;1421;1386;1397;1409;498.6;509.7;516.9;550.9;DEBCDBEBBBDBCAEDBDDDAECBCECBBDDBECBECECDCBABA;ACCEADEDCEAECEDAADBDCDCBAADCDBDEAEDCDCBDDBABD;AADCAEBBCBDCDBDEEDDBCCCBBDDEDEBDDADEDAAECEECC;CDBDCADDBADDBAEECDCCDCDEA.DEBCDDB.DBCDDCDAEBD;0;DDBDDEBBAAEDECBCEEDCAACDBBCEDBBAEXCCAEAACCAED;ACBCADCEDBAECEDADBADBEBCDADABCDEABCAEDEBBCECE;AACEADACDDCBEDADEEBDDBDBBCEECBDCBADDDCBDEDDCECBECE;CEBCEADBBCEADDDABBABBCCDCCECEDBACADECABEDADCB;1;120;180;120;120;80;620
1387127;2024;;;;;;;;;1500602;Altamira;15;PA;1;1;1;1;1420;1383;1395;1408;484.6;571.2;566.3;378.3;DBCBACCEEEEBBDDBDBCACDBADADECCBAAABCADAABCDEC;CECB.EBC.B.D.EBD.ECDEAECC.ACE.EAEBAD.E.ADCDBC;CBDDBECBECEDDBBDEBBAABACEBCADDCEEBDBCBECABCEB;BCDCBBDBEBDAEBCBEABBACDDBEDECADCDDCAAABEAEDBD;1;CAEDAACCAEEXCBBAEDBBCAACDEDCBCEECAAEDDDEBBDDB;CECEBEBCDBADDEBBABCDCAECEDADBAEABEADCEDADACBC;CAAAECDDDAECBECEDDCBDEDDCECBDCBCEADBBDBDDCBEDADEEB;CECEBEDADCAADECDBBCEBDCCCACABBABBADDDCEADBBCE;1;120;160;120;140;140;680
4294077;2024;;;;;;;;;1500602;Altamira;15;PA;1;1;1;1;1421;1386;1397;1409;377;478.6;495.4;411.1;CCBCDDACCCAACAEABDAEEDBBDDCCCBAAACCBCCDEAEBDC;ABCAADECCEBDDEAADBAADACADEBEECEECADDDAEEBAACB;CCBCDECBCAEDEBDADDBBCAECBECDBDABCCDADDAACDEAD;DDADCECBBBABDCBEDBCCCABCCCBDCDBBECABDCBDEDEEA;1;DDBDDEBBAAEDECBCEEDCAACDBBCEDBBAEXCCAEAACCAED;ACBCADCEDBAECEDADBADBEBCDADABCDEABCAEDEBBCECE;AACEADACDDCBEDADEEBDDBDBBCEECBDCBADDDCBDEDDCECBECE;CEBCEADBBCEADDDABBABBCCDCCECEDBACADECABEDADCB;1;120;140;100;120;120;600
898580;2024;;;;;;;;;1500602;Altamira;15;PA;0;0;0;0;;;;;;;;;;;;;1;;;;;;;;;;;
480984;2024;;;;;;;;;1500602;Altamira;15;PA;1;1;1;1;1421;1386;1397;1409;467.9;452.9;472.3;442.2;AABACEEBECDBDCEBDBACADECADCEBCCAECEEACBABEBEA;BADCAEADACBECCCABDCABCAABABBACDEACCDBEADECCBB;BB*BCDADEEDBEBAABDABDAEAEAEDBAAACABBDDBECEDAE;CBDECDABDEABEBAEDCDBABBADCDACEBECADCABCDACEBE;0;DDBDDEBBAAEDECBCEEDCAACDBBCEDBBAEXCCAEAACCAED;ACBCADCEDBAECEDADBADBEBCDADABCDEABCAEDEBBCECE;AACEADACDDCBEDADEEBDDBDBBCEECBDCBADDDCBDEDDCECBECE;CEBCEADBBCEADDDABBABBCCDCCECEDBACADECABEDADCB;1;100;140;100;140;140;620
2323721;2024;;;;;;;;;1500602;Altamira;15;PA;0;0;0;0;;;;;;;;;;;;;1;;;;;;;;;;;
3300324;2024;15177912;1501725;Brasil Novo;15;PA;2;2;1;1500602;Altamira;15;PA;1;1;1;1;1420;1383;1395;1408;435.3;390.1;514.4;384.4;EDABACAEBEDDCDBCBACDADBEBDBCEBDAACBDAADBECDAB;CAABADBCABDBECBBDEBDAACDBACDBCBCDBEACADABADBA;CDBDCECBECCDAABDBDDCAAEACBDEACEDDDAEAAEDBBDAC;BDACCEADDBEBCADCABDACDEBADDBEACEBBDACEBCDAACE;1;CAEDAACCAEEXCBBAEDBBCAACDEDCBCEECAAEDDDEBBDDB;CECEBEBCDBADDEBBABCDCAECEDADBAEABEADCEDADACBC;CAAAECDDDAECBECEDDCBDEDDCECBDCBCEADBBDBDDCBEDADEEB;CECEBEDADCAADECDBBCEBDCCCACABBABBADDDCEADBBCE;1;80;120;100;100;100;500
2362805;2024;;;;;;;;;1500602;Altamira;15;PA;0;0;0;0;;;;;;;;;;;;;0;;;;;;;;;;;
2633034;2024;;;;;;;;;1500602;Altamira;15;PA;1;1;1;1;1422;1384;1396;1410;425.1;402.4;498.2;433.8;BCCDDCEACDDBBCDECDADCAD.CECEADCBDBCDDDDBBADDB;AABCECCBEBABAEDEECAAEDBDBECAEEDADCCAEABABDEAA;AEDDBCADEABCDABDDDBDBABEDACCEAA*EBEBADCEECCDB;CBDEEBEDDCCDBEEABDEDBEEEBD.CCDCBCCCBEBEADDADB;0;BBCEDBBAEXCCAEDDBCAEDAACAAEDDDEBBECBCEEDCAACD;DADABCDCECEDEBBBEBCDBADACBCADCEBEADBAECAECEDA;AACEADDDACDADECBBDBEEBDDECCBEDDCADBBDEBCEBDCECEDDC;DBCECEACADABBECBEDADCCDCCABBBCECEBCEADABBADDD;1;160;160;160;180;180;840
357753;2024;15109194;1507805;Senador José Porfírio;15;PA;2;1;1;1500602;Altamira;15;PA;1;1;1;1;1421;1386;1397;1409;460.5;452.4;454;399.3;EDEBDECBBAABDEAAEDCBDDDBCBAEABAEDEDEABCADAEEC;ACDEADBEEECDCDCAEDABBCCDCAEBBDEBCCDABECCBACDA;CECCABDEDDECEBEBDDAEDCDBBCEDDACDCAEECADECEABA;BCBEDEACDEBACBEDAEEBDBDDACACECBCBDEACEEAEADBD;1;DDBDDEBBAAEDECBCEEDCAACDBBCEDBBAEXCCAEAACCAED;ACBCADCEDBAECEDADBADBEBCDADABCDEABCAEDEBBCECE;AACEADACDDCBEDADEEBDDBDBBCEECBDCBADDDCBDEDDCECBECE;CEBCEADBBCEADDDABBABBCCDCCECEDBACADECABEDADCB;1;120;120;100;120;0;460
3715507;2024;15200205;1500602;Altamira;15;PA;1;1;1;1500602;Altamira;15;PA;1;1;1;1;1419;1385;1398;1407;500.6;404.2;560.7;562.9;ECDDABDDACCDCACEDCEDEBDCECEABDCAECBBECAEBBDEC;CDEBDBDEEDCDECEDEDDABEADAADEAEDDEAADCBABABBDE;BDDDBCDCBAEEAEDBBCEDADEEBCCEDAEBDABDAABDDCCCB;BEDAACEDDBCBCACDABCAEBBEACADCCCDDAAECAECADBDC;1;BCEAACDEDCAAEDDDEBBDDBECCAEDBBAAACCAEEXCBBCED;CAEDBADBEBCCEDADBAEACBCADCEDEBBEBACECEABCDDAD;EAAACDDCDADDCBDEECEECBDCDADEEBCBEBADBCEBDBDDDDCECB;ABBABBADDDBBCECEADCEBCCCDBADCBEDAECADACDBCECE;1;100;140;120;120;100;580
916296;2024;;;;;;;;;1500602;Altamira;15;PA;1;1;1;1;1419;1385;1398;1407;431.1;298.1;400.1;444.6;EBCEBDDDECBABABBCEBDDCCDEBDDBAACEACAADADCDBAC;EBACDDBBEEEABCEECBBABEABABEADCDEDECDBCAAABDAB;BEABEBBCDCBABCBBEEBDDADCDAECAACBECABBDDBDABDC;BCCADDABDCEACDACEEBDAEABBBCDCCAEEDCAECBEADDBC;1;BCEAACDEDCAAEDDDEBBDDBECCAEDBBAAACCAEEXCBBCED;CAEDBADBEBCCEDADBAEACBCADCEDEBBEBACECEABCDDAD;EAAACDDCDADDCBDEECEECBDCDADEEBCBEBADBCEBDBDDDDCECB;ABBABBADDDBBCECEADCEBCCCDBADCBEDAECADACDBCECE;6;0;0;0;0;0;0
1605403;2024;15105016;1508357;Vitória do Xingu;15;PA;2;1;1;1500602;Altamira;15;PA;1;1;1;1;1422;1384;1396;1410;375;431.2;458.3;542.3;ECBDBCAAACCBBADAADDAABDCEECEDCDACDBCAACEBCBDA;ACDBAAEABAACABEBECBBBDABBDABAABAAABABACABCCBA;AAACABBDBCBBDDEDCCBAAAEACAABAADCEABAAEEEAACBA;BDCDACBDEBACBDACADBEABCADBCAEABCABADACAEBDACD;0;BBCEDBBAEXCCAEDDBCAEDAACAAEDDDEBBECBCEEDCAACD;DADABCDCECEDEBBBEBCDBADACBCADCEBEADBAECAECEDA;AACEADDDACDADECBBDBEEBDDECCBEDDCADBBDEBCEBDCECEDDC;DBCECEACADABBECBEDADCCDCCABBBCECEBCEADABBADDD;4;0;0;0;0;0;0
3893140;2024;15104893;1500602;Altamira;15;PA;2;1;1;1500602;Altamira;15;PA;1;1;1;1;1421;1386;1397;1409;537.7;454.2;364.3;578.2;DCCBEEBCACBDEBDABDBDACCAEBCCCCBAECBDAACADECED;CBECABDCBDEDAEBACCEBEABBAABDEDDDDBBACDACBEECA;BAEACACCBCDEECBCECBDACDDBCEACDACACBBDDBCEBDEE;AEAADEBBBDAABADECEBABECCDAEBBBBECBDAEADCDCABC;0;DDBDDEBBAAEDECBCEEDCAACDBBCEDBBAEXCCAEAACCAED;ACBCADCEDBAECEDADBADBEBCDADABCDEABCAEDEBBCECE;AACEADACDDCBEDADEEBDDBDBBCEECBDCBADDDCBDEDDCECBECE;CEBCEADBBCEADDDABBABBCCDCCECEDBACADECABEDADCB;1;120;160;120;100;120;620
2268705;2024;;;;;;;;;1500602;Altamira;15;PA;1;1;1;1;1420;1383;1395;1408;471.9;439.2;460.8;409.2;DAEBDBCEAAEAEBBAEBBEDACCCEEBDCBADEBDAECDBDCEA;BEBCACBCDEBADDAECBBEABADBAACEBAACBECEEBDDACBA;EADCBAECEEBDEABAEBAAEBEDCBDADBEEABDDABCDACBDB;BEDCECBEBADBACBDCBBACAEDDADABADEDEBEEACDACACD;1;CAEDAACCAEEXCBBAEDBBCAACDEDCBCEECAAEDDDEBBDDB;CECEBEBCDBADDEBBABCDCAECEDADBAEABEADCEDADACBC;CAAAECDDDAECBECEDDCBDEDDCECBDCBCEADBBDBDDCBEDADEEB;CECEBEDADCAADECDBBCEBDCCCACABBABBADDDCEADBBCE;1;120;120;120;120;120;600
2177835;2024;;;;;;;;;1500602;Altamira;15;PA;1;1;1;1;1420;1383;1395;1408;434.9;351.3;416.7;398.5;ADEBEACECDEBDCACEAADABEACBAECABCCEDEEEDDAACBA;AEDABAEDBCAACDECAEDAEECCBADEACEBCADEABACECCAE;ECAEDCEEECBCCADAABECEEEADBCCDEBECCDABEADDAAAA;EDADBECBDBACBBADCDBBECCDAECEAAEABBDCABACEDCEC;0;CAEDAACCAEEXCBBAEDBBCAACDEDCBCEECAAEDDDEBBDDB;CECEBEBCDBADDEBBABCDCAECEDADBAEABEADCEDADACBC;CAAAECDDDAECBECEDDCBDEDDCECBDCBCEADBBDBDDCBEDADEEB;CECEBEDADCAADECDBBCEBDCCCACABBABBADDDCEADBBCE;6;0;0;0;0;0;0
3137806;2024;15104907;1500602;Altamira;15;PA;2;1;1;1500602;Altamira;15;PA;1;1;1;1;1421;1386;1397;1409;443.6;312.9;352;478.6;DDCACABEBBDABECABDBAECEABCCEBDBBECABDEEDBAADC;CDBECAEADACBEECDADBCCAEBDADCBEEABEDBBCADEACDE;CADAEBDCAAEBECDBDBAEDCACEBCAEBADEBCEADBCAEDBB;CEBADDCCAEDBECACAEDAADDCBBECBCDAAEDAACBBCECEA;1;DDBDDEBBAAEDECBCEEDCAACDBBCEDBBAEXCCAEAACCAED;ACBCADCEDBAECEDADBADBEBCDADABCDEABCAEDEBBCECE;AACEADACDDCBEDADEEBDDBDBBCEECBDCBADDDCBDEDDCECBECE;CEBCEADBBCEADDDABBABBCCDCCECEDBACADECABEDADCB;1;120;120;100;120;100;560
1217816;2024;;;;;;;;;1500602;Altamira;15;PA;1;1;1;1;1419;1385;1398;1407;394.3;488.1;500;412.9;DAEADDADABDBCBCEBBCAECABDBEBCADCAEEACBCBCDBED;BAEAEBDAEADACDAAEAEAACCAEEBCADDEABEAABEBACDCD;BEAAEDBCBDAEEADAAAECEDDBAEBEEDEBDABDAABDDEBCB;DA*ECDBCDBCDBAEACBAEACABCDBBACCDEDBCDEDBEEABC;0;BCEAACDEDCAAEDDDEBBDDBECCAEDBBAAACCAEEXCBBCED;CAEDBADBEBCCEDADBAEACBCADCEDEBBEBACECEABCDDAD;EAAACDDCDADDCBDEECEECBDCDADEEBCBEBADBCEBDBDDDDCECB;ABBABBADDDBBCECEADCEBCCCDBADCBEDAECADACDBCECE;1;120;160;120;180;200;780
120412;2024;;;;;;;;;1500602;Altamira;15;PA;0;0;0;0;;;;;;;;;;;;;1;;;;;;;;;;;
120675;2024;;;;;;;;;1500602;Altamira;15;PA;1;1;1;1;1419;1385;1398;1407;431.9;400.4;445.6;485.6;ADBACADDCAAABBEBEABDCDEBACBBDABCAEECABACDDDBA;ACBECDDCDCCCCEBCEDADEBAADEECBEACEDABBDEDBAEED;BBCCBBBBEDCECAAABABCADBEADDCBDBBDEEDDCBAECEAD;CBEACCBDBBDBECACEAAEADDCBDCECCEDCEABBEDEDDBEA;1;BCEAACDEDCAAEDDDEBBDDBECCAEDBBAAACCAEEXCBBCED;CAEDBADBEBCCEDADBAEACBCADCEDEBBEBACECEABCDDAD;EAAACDDCDADDCBDEECEECBDCDADEEBCBEBADBCEBDBDDDDCECB;ABBABBADDDBBCECEADCEBCCCDBADCBEDAECADACDBCECE;1;120;40;40;120;0;320
2868931;2024;15583058;1500602;Altamira;15;PA;2;1;1;1500602;Altamira;15;PA;1;1;1;1;1420;1383;1395;1408;401.6;454.5;488.3;383.9;BAADCAEBAABDDAACBAECAACACBACCEACAACDEBDCABDEC;BEAABACEADBA*EDDCEBACABCCAABEBAAEBACDEAAEEBAD;ABAACACBEAABAEEEECACAAECEBDBBEAEDADDDAADAEEDB;DDBCABDADEECCABCDEEDCBAADEDACACABCEEBACBAACDD;0;CAEDAACCAEEXCBBAEDBBCAACDEDCBCEECAAEDDDEBBDDB;CECEBEBCDBADDEBBABCDCAECEDADBAEABEADCEDADACBC;CAAAECDDDAECBECEDDCBDEDDCECBDCBCEADBBDBDDCBEDADEEB;CECEBEDADCAADECDBBCEBDCCCACABBABBADDDCEADBBCE;1;100;140;40;100;80;460
3681497;2024;15178145;1508357;Vitória do Xingu;15;PA;2;2;1;1500602;Altamira;15;PA;0;0;0;0;;;;;;;;;;;;;1;;;;;;;;;;;
2007523;2024;;;;;;;;;1500602;Altamira;15;PA;0;0;0;0;;;;;;;;;;;;;1;;;;;;;;;;;
1344730;2024;;;;;;;;;1500602;Altamira;15;PA;0;0;0;0;;;;;;;;;;;;;1;;;;;;;;;;;
3546066;2024;;;;;;;;;1500602;Altamira;15;PA;1;1;1;1;1419;1385;1398;1407;561.6;545.3;520.4;612.8;BBBDDCADBEECCBEAEDEDCBEEEAEBCDCAACAAEEBCEDCEB;EABCBCDCEABDECABBAECCCAABEABEABEAACECBEECBBBD;BEABCABCDEEECEABDCCDBDEEBABCADBBCCEEADADDABDD;BABAADEEADCAEBCBA*CEBCCEEBBABECEACCBBEDABEDCD;0;BCEAACDEDCAAEDDDEBBDDBECCAEDBBAAACCAEEXCBBCED;CAEDBADBEBCCEDADBAEACBCADCEDEBBEBACECEABCDDAD;EAAACDDCDADDCBDEECEECBDCDADEEBCBEBADBCEBDBDDDDCECB;ABBABBADDDBBCECEADCEBCCCDBADCBEDAECADACDBCECE;1;140;120;120;120;180;680
1268477;2024;60001940;1507805;Senador José Porfírio;15;PA;2;2;1;1500602;Altamira;15;PA;1;1;1;1;1422;1384;1396;1410;431.7;414.6;433.6;411.3;BCDAEEEDBAEAAECACBABCAACAEDBEDABCABDEDBABECCB;CBADCADDAECBAEBBBDEECBCACACCBDEAEDBACBDEBCEEA;ACADEAEAACDCABCBAEABCCAAADEABADCDBCACBEEEDBEA;EBDBDBDCCCACBBBBE*AACABDDEAADCCEAEEBCCDCDACAC;0;BBCEDBBAEXCCAEDDBCAEDAACAAEDDDEBBECBCEEDCAACD;DADABCDCECEDEBBBEBCDBADACBCADCEBEADBAECAECEDA;AACEADDDACDADECBBDBEEBDDECCBEDDCADBBDEBCEBDCECEDDC;DBCECEACADABBECBEDADCCDCCABBBCECEBCEADABBADDD;1;80;100;60;40;0;280
982377;2024;;;;;;;;;1500602;Altamira;15;PA;1;1;1;1;1420;1383;1395;1408;445.7;499.1;470.1;395.1;ECCAAEEEADEAEEABBDADEEDCCDCBAEABAECBCADEDADEA;EEECBDACBADEDEEBCEBDCCBCEEACEAAAACBDACEBCACBA;DBEDBECCECEDEACDEADCEABECEDABCEABBDEECBCBDBAE;EDEBADEDBCECCAAAEDADBDABAADBAEBDEACBBADECECBA;1;CAEDAACCAEEXCBBAEDBBCAACDEDCBCEECAAEDDDEBBDDB;CECEBEBCDBADDEBBABCDCAECEDADBAEABEADCEDADACBC;CAAAECDDDAECBECEDDCBDEDDCECBDCBCEADBBDBDDCBEDADEEB;CECEBEDADCAADECDBBCEBDCCCACABBABBADDDCEADBBCE;1;100;120;60;80;80;440
2411634;2024;15104907;1500602;Altamira;15;PA;2;1;1;1500602;Altamira;15;PA;1;1;1;1;1422;1384;1396;1410;468.4;424;388.3;419.8;BCAEEABCEBCEBEDACEEACAAAECEAEECADACACBDEDACDB;ECDBDAADBAEEDBBAEAABADCABEDAAAABCBDBAAECDBBCA;ABEBCBDCAABADACDBDDDDDDAEBCBECACC*ADBCDBEDCAA;DDDACADDCCBCDBCBBDAABEEBACCAECECCBABEEBAEBAAB;1;BBCEDBBAEXCCAEDDBCAEDAACAAEDDDEBBECBCEEDCAACD;DADABCDCECEDEBBBEBCDBADACBCADCEBEADBAECAECEDA;AACEADDDACDADECBBDBEEBDDECCBEDDCADBBDEBCEBDCECEDDC;DBCECEACADABBECBEDADCCDCCABBBCECEBCEADABBADDD;1;80;120;140;120;100;560
2367883;2024;15169138;1500602;Altamira;15;PA;2;1;1;1500602;Altamira;15;PA;1;1;1;1;1421;1386;1397;1409;478.9;524.1;451.9;484.4;CEBDECBEDDAECCBDDABCACECADDCCBCCEBABADECBEAEA;EBCABDEABEADCEBAAADBCDADBADABCABAECAEDBAACECE;DAABAEAABADDCABDBDDEDECBCECEDBEDBECEEDBEDEDCC;CBADEEBCBEECDCCBCBBDCAEBDCBAECAACCBDEAADDEBBD;1;DDBDDEBBAAEDECBCEEDCAACDBBCEDBBAEXCCAEAACCAED;ACBCADCEDBAECEDADBADBEBCDADABCDEABCAEDEBBCECE;AACEADACDDCBEDADEEBDDBDBBCEECBDCBADDDCBDEDDCECBECE;CEBCEADBBCEADDDABBABBCCDCCECEDBACADECABEDADCB;1;120;120;80;120;80;520
583136;2024;;;;;;;;;1500602;Altamira;15;PA;1;1;1;1;1422;1384;1396;1410;476.4;523.3;535.7;411.9;DCDBBEEADBBEAADDCDAEDEAEECCBEDDEAAEACCDDCADDB;BADABCEAABADCABABBCDBCDEBDEADACEEAAEBEDBBCBBA;BADBCBCDECBDDDCEBBDAACBEDDABDEADEBCEDCCEEEECC;ECDABDEDDDCCAEADCCDBACAECBCCEBDECAACDDDCECBEB;0;BBCEDBBAEXCCAEDDBCAEDAACAAEDDDEBBECBCEEDCAACD;DADABCDCECEDEBBBEBCDBADACBCADCEBEADBAECAECEDA;AACEADDDACDADECBBDBEEBDDECCBEDDCADBBDEBCEBDCECEDDC;DBCECEACADABBECBEDADCCDCCABBBCECEBCEADABBADDD;1;120;200;120;120;80;640
2469038;2024;;;;;;;;;1500602;Altamira;15;PA;1;1;1;1;1421;1386;1397;1409;437.3;375.3;448.4;430.1;DCADCADDCBDDDABDBECEACADDCAEDEAEBCDEABCADBDBB;DCDAEBEABEACEBABABAEAEACEAAEABCBCEDEBDECEBADE;ABDEDABDCDDBDCBBDEABEAEBDAEDECEDCADEEDACEAEED;BEACCECCDEBBDEBDBEBCDCBDBDACDBECDCDDCADCEBECC;1;DDBDDEBBAAEDECBCEEDCAACDBBCEDBBAEXCCAEAACCAED;ACBCADCEDBAECEDADBADBEBCDADABCDEABCAEDEBBCECE;AACEADACDDCBEDADEEBDDBDBBCEECBDCBADDDCBDEDDCECBECE;CEBCEADBBCEADDDABBABBCCDCCECEDBACADECABEDADCB;1;120;40;40;60;20;280
79251;2024;15169138;1500602;Altamira;15;PA;2;1;1;1500602;Altamira;15;PA;0;2;2;0;;;;;;;;;;;;;1;;;;;;;;;;;
366337;2024;;;;;;;;;1500602;Altamira;15;PA;1;1;1;1;1419;1385;1398;1407;354.7;389.4;496.4;395;ADDADBCDEABEDEBABBAAEAACEDDBBAABCEEADBCDCCABB;ABBEDDAABDAECAABCECAADBEBCADBECACADEBAAEBCCAB;CEACCDBCAEEEDCEAECEBBDEDBCBADDADDEBDBDEDDBBBB;BACDCEBEDACECBADDBACAACDBECDBECAAABDBCDBEADCC;1;BCEAACDEDCAAEDDDEBBDDBECCAEDBBAAACCAEEXCBBCED;CAEDBADBEBCCEDADBAEACBCADCEDEBBEBACECEABCDDAD;EAAACDDCDADDCBDEECEECBDCDADEEBCBEBADBCEBDBDDDDCECB;ABBABBADDDBBCECEADCEBCCCDBADCBEDAECADACDBCECE;1;120;160;100;120;20;520
1820687;2024;;;;;;;;;1500602;Altamira;15;PA;0;0;0;0;;;;;;;;;;;;;1;;;;;;;;;;;
1941218;2024;;;;;;;;;1500602;Altamira;15;PA;1;1;1;1;1421;1386;1397;1409;368.5;463.8;493.5;395.4;EEAADCBBBECACEAEBDABDDBCBBBACBABBBDEDDECCBEAB;ACEAACAEEEABBAEAABDDEEAADAEBECCECCBABA*EABAEA;BAABEDBECACDEADDBDBBDEEEEEECCABDAABCDDACCAEEB;ACADDEABDACBCDABECDAAAEABCACCCCBDBCACBBCDCBCD;0;DDBDDEBBAAEDECBCEEDCAACDBBCEDBBAEXCCAEAACCAED;ACBCADCEDBAECEDADBADBEBCDADABCDEABCAEDEBBCECE;AACEADACDDCBEDADEEBDDBDBBCEECBDCBADDDCBDEDDCECBECE;CEBCEADBBCEADDDABBABBCCDCCECEDBACADECABEDADCB;1;120;120;120;120;140;620
2891353;2024;15104907;1500602;Altamira;15;PA;2;1;1;1500602;Altamira;15;PA;1;1;1;1;1422;1384;1396;1410;559.8;518.3;554.5;455.6;BDEEAADDEACECEDDBECEDABEEACCDBBAADABEBCBEBBCE;AADBBCDEEABBEEDABCCCBADABDEADDAEBACEDCBABCADC;ECDCAEADECBBDDCEBDDABCBEDEBDDAABEBDEBDEECABAC;ABDCBEBACACADECCDEADAB*CABBEDADCDBACDBDEBDBEC;1;BBCEDBBAEXCCAEDDBCAEDAACAAEDDDEBBECBCEEDCAACD;DADABCDCECEDEBBBEBCDBADACBCADCEBEADBAECAECEDA;AACEADDDACDADECBBDBEEBDDECCBEDDCADBBDEBCEBDCECEDDC;DBCECEACADABBECBEDADCCDCCABBBCECEBCEADABBADDD;1;120;160;120;140;160;700
3442570;2024;;;;;;;;;1500602;Altamira;15;PA;1;1;1;1;1419;1385;1398;1407;428.9;442.3;493.7;409.1;DEDABADDCABCEDEDACDCEBBABDEBAECEABBDBEDBCAECB;AADAECCAEACCADABDACEDECACADBAECECBCEECAABADDB;CABBECCDEDEE*EAACDCAACDABBDEEBABDCBDCDEEDEEBB;EBAEADDECBEDDABBCAAEDCDAAEEBADBCBECBDEBAEBBCD;0;BCEAACDEDCAAEDDDEBBDDBECCAEDBBAAACCAEEXCBBCED;CAEDBADBEBCCEDADBAEACBCADCEDEBBEBACECEABCDDAD;EAAACDDCDADDCBDEECEECBDCDADEEBCBEBADBCEBDBDDDDCECB;ABBABBADDDBBCECEADCEBCCCDBADCBEDAECADACDBCECE;1;120;120;120;120;40;520
3657768;2024;;;;;;;;;1500602;Altamira;15;PA;1;1;1;1;1421;1386;1397;1409;446.4;486.3;502.8;467.9;DABEACDCEDAEAABDBCEEDBBDCDBCBEABECEECCCDADAAB;AACBAEBADEABCEAADEDABBADCBDAEBCEAC*BEEABAACAA;BABECDBEEADADBDCEEAEDEAAEACBDBEDCADEEAAECBEAE;CBBEEEBDB*CBDEBDACECDABBBCAEADEADDCABDAEDCAEC;0;DDBDDEBBAAEDECBCEEDCAACDBBCEDBBAEXCCAEAACCAED;ACBCADCEDBAECEDADBADBEBCDADABCDEABCAEDEBBCECE;AACEADACDDCBEDADEEBDDBDBBCEECBDCBADDDCBDEDDCECBECE;CEBCEADBBCEADDDABBABBCCDCCECEDBACADECABEDADCB;4;0;0;0;0;0;0
670291;2024;;;;;;;;;1500602;Altamira;15;PA;1;1;1;1;1422;1384;1396;1410;489.5;513.6;570.9;418.7;BCADCBAEDEEEDBDBBBAEBABDCECBEBDDACBBAECEABEAC;CDEAEBCCEC.DEEDDDBEEBDDABECACEACBBAEAECABCCEA;BDDACDAAECBCDDEEADEDBEBEDDBEEBBEEBCEEAEECECDC;ECABCDEBECECADEAACCEBCECC*DABAAEACDABBCCCDCAA;1;BBCEDBBAEXCCAEDDBCAEDAACAAEDDDEBBECBCEEDCAACD;DADABCDCECEDEBBBEBCDBADACBCADCEBEADBAECAECEDA;AACEADDDACDADECBBDBEEBDDECCBEDDCADBBDEBCEBDCECEDDC;DBCECEACADABBECBEDADCCDCCABBBCECEBCEADABBADDD;1;120;120;120;120;120;600
3857143;2024;;;;;;;;;1500602;Altamira;15;PA;1;1;1;1;1422;1384;1396;1410;503.6;505.4;489.5;388.5;ECDACBAEDBBEAEDCBADECADDBCAEADEBDBCDEADAAACCB;BADAEACAECBECBEBECCDEDAABECACEAEEACEADDBBCCEA;BCDCEBBDEBEDDDECBDAADEADBDCDEDACEBCCBEEEDADBC;BCDACCEDDCB*DACBCEBDBBABDACDDDEABACECB*EDEEEA;1;BBCEDBBAEXCCAEDDBCAEDAACAAEDDDEBBECBCEEDCAACD;DADABCDCECEDEBBBEBCDBADACBCADCEBEADBAECAECEDA;AACEADDDACDADECBBDBEEBDDECCBEDDCADBBDEBCEBDCECEDDC;DBCECEACADABBECBEDADCCDCCABBBCECEBCEADABBADDD;1;120;120;120;120;0;480
3492877;2024;15105016;1508357;Vitória do Xingu;15;PA;2;1;1;1500602;Altamira;15;PA;0;0;0;0;;;;;;;;;;;;;1;;;;;;;;;;;
2219968;2024;;;;;;;;;1500602;Altamira;15;PA;1;1;1;1;1419;1385;1398;1407;382.5;501.1;550.1;501.3;DBDBEDECCDBCCEABDDEDAEBCDBAABADBACEACDCCACCBB;CACADCDCECDCDCADBDCDEDDACBDDDCDDAADBCBBCCDABD;EAABDDBAADEECCECCDECADEEBDCABDEEDCEDADDDDCECB;DABABDDDDADBDBBCEABECDEBDCCCAEBDACBDAAECCECCE;0;BCEAACDEDCAAEDDDEBBDDBECCAEDBBAAACCAEEXCBBCED;CAEDBADBEBCCEDADBAEACBCADCEDEBBEBACECEABCDDAD;EAAACDDCDADDCBDEECEECBDCDADEEBCBEBADBCEBDBDDDDCECB;ABBABBADDDBBCECEADCEBCCCDBADCBEDAECADACDBCECE;1;140;160;140;120;180;740
1907645;2024;15200205;1500602;Altamira;15;PA;1;1;1;1500602;Altamira;15;PA;1;1;1;1;1421;1386;1397;1409;474.7;461.2;465;478.3;BCBBDCDECECEEBDECEBBADECCBABADCDECDBDEEECBBEC;ABAEACCDEEDACCAACBDABCCABCDDDECBCCCBEAEDBBCDA;CBCCBEDACAECEBDDADDBBCBABADDCBBBCDCCEDCEEBAEC;CCADBBCBAABCCADBACCBBCBCDCCCBDDCCBDCADBBDDBBC;1;DDBDDEBBAAEDECBCEEDCAACDBBCEDBBAEXCCAEAACCAED;ACBCADCEDBAECEDADBADBEBCDADABCDEABCAEDEBBCECE;AACEADACDDCBEDADEEBDDBDBBCEECBDCBADDDCBDEDDCECBECE;CEBCEADBBCEADDDABBABBCCDCCECEDBACADECABEDADCB;1;120;120;140;140;100;620
401969;2024;;;;;;;;;1500602;Altamira;15;PA;1;1;1;1;1421;1386;1397;1409;529.9;522.8;501.5;533.6;DAEEBCDCDCCBBCBDBBBDBDCEBDCBBDEAEABBAECECBAEB;ABDAAEEDAAACCECACBDCABCBDCDABBDBACCAEDEBDBAAB;ACBCDCDBCBCDEBDBCDCBDEABDCCDEACBACDEDDBBCBEAA;BBDDEEBCEDCACDDAACABACCCEDBBBBCBBADCEBCCBDBCE;1;DDBDDEBBAAEDECBCEEDCAACDBBCEDBBAEXCCAEAACCAED;ACBCADCEDBAECEDADBADBEBCDADABCDEABCAEDEBBCECE;AACEADACDDCBEDADEEBDDBDBBCEECBDCBADDDCBDEDDCECBECE;CEBCEADBBCEADDDABBABBCCDCCECEDBACADECABEDADCB;1;120;120;100;120;0;460
765698;2024;;;;;;;;;1500602;Altamira;15;PA;1;1;1;1;1419;1385;1398;1407;511.6;551.7;543.2;441.6;BCAEBBECDACEDBAEEDBDABCCEAECBACEADBADCBDBCEBC;CEDCBDDEABDCEDABECDABCEADBEADCBEAABEBECDCDAED;ABADCBDCBBEECDDABCDEADCEBCAEDCABDACDBEDEDCECD;ABCDEECBBBEBEDDACEBDEBACEDEBAECAECBAAABCADEBC;0;BCEAACDEDCAAEDDDEBBDDBECCAEDBBAAACCAEEXCBBCED;CAEDBADBEBCCEDADBAEACBCADCEDEBBEBACECEABCDDAD;EAAACDDCDADDCBDEECEECBDCDADEEBCBEBADBCEBDBDDDDCECB;ABBABBADDDBBCECEADCEBCCCDBADCBEDAECADACDBCECE;1;140;180;140;160;180;800
1872862;2024;;;;;;;;;1500602;Altamira;15;PA;1;1;1;1;1421;1386;1397;1409;440.6;534.1;514.1;464.9;DCECACEECCABECCDDDACEBCCADECBDCBABCBBEDEBBCDE;BDEAADEECABECCDDBBCDEEBDCADCEADBAEAABEEABBECA;BAEDACBCDAE*DDDDBDDBCDABBABEDBCDCDDADBCECAECD;ABDBEBCCAEBCEDDDCBECBADACBEDCDCACECADBCEDCDAC;0;DDBDDEBBAAEDECBCEEDCAACDBBCEDBBAEXCCAEAACCAED;ACBCADCEDBAECEDADBADBEBCDADABCDEABCAEDEBBCECE;AACEADACDDCBEDADEEBDDBDBBCEECBDCBADDDCBDEDDCECBECE;CEBCEADBBCEADDDABBABBCCDCCECEDBACADECABEDADCB;1;100;140;80;100;20;440
1660247;2024;;;;;;;;;1500602;Altamira;15;PA;1;1;1;1;1421;1386;1397;1409;528.8;433.1;431.4;419.4;ECCDEABBCACEABBAEDBCCBACEADDBCBDEABECDAEBCAED;CABECABEDCABEADADCBEACADBDAEACBABACEBDACBAECB;DCBEADEAABDEEBDACDBABDBBADEBAEACBDEABCADEBADA;BADACEDBAECDEDEDBEABCAEBCDABECADECEDCABDCEACE;1;DDBDDEBBAAEDECBCEEDCAACDBBCEDBBAEXCCAEAACCAED;ACBCADCEDBAECEDADBADBEBCDADABCDEABCAEDEBBCECE;AACEADACDDCBEDADEEBDDBDBBCEECBDCBADDDCBDEDDCECBECE;CEBCEADBBCEADDDABBABBCCDCCECEDBACADECABEDADCB;1;160;180;140;160;200;840
4151708;2024;;;;;;;;;1500602;Altamira;15;PA;1;1;1;1;1420;1383;1395;1408;586.9;646.4;583.7;524.1;ECCDCACECEEDDCBAEEDCEDDECDBDBCBEEBACEDDEBBDDB;BECEBEBCDCCDDEABCBCBCAECEDABBAEAEEADDEBADACCE;BDBDCECBECCDDCBDEDCCEBEDBBDEABDCDADCCDEDADAEB;DCECBBEBBCACBBEEDECEEDCBDCEBAEADBBCDDCDDEADCE;1;CAEDAACCAEEXCBBAEDBBCAACDEDCBCEECAAEDDDEBBDDB;CECEBEBCDBADDEBBABCDCAECEDADBAEABEADCEDADACBC;CAAAECDDDAECBECEDDCBDEDDCECBDCBCEADBBDBDDCBEDADEEB;CECEBEDADCAADECDBBCEBDCCCACABBABBADDDCEADBBCE;1;100;160;120;80;100;560
2793143;2024;;;;;;;;;1500602;Altamira;15;PA;1;1;1;1;1422;1384;1396;1410;377.8;324.1;389.6;471.6;BDDAAAAECEBEAAACBDDCEACDEABEEAEBCADAECDABBCAB;ABEADCAEACBACBABABCDEDCBAEECBAAAABCBBCBBCBBCC;DEEBDBABBDABAACCAEBBCDABCEAABEACDEABAABEAEABC;EDBEACACEACDBACAAECDBAECADEBCACEDCBAABCADEBCA;1;BBCEDBBAEXCCAEDDBCAEDAACAAEDDDEBBECBCEEDCAACD;DADABCDCECEDEBBBEBCDBADACBCADCEBEADBAECAECEDA;AACEADDDACDADECBBDBEEBDDECCBEDDCADBBDEBCEBDCECEDDC;DBCECEACADABBECBEDADCCDCCABBBCECEBCEADABBADDD;1;80;120;80;80;80;440
2822096;2024;15178145;1508357;Vitória do Xingu;15;PA;2;2;1;1500602;Altamira;15;PA;0;0;0;0;;;;;;;;;;;;;1;;;;;;;;;;;
517385;2024;;;;;;;;;1500602;Altamira;15;PA;1;1;1;1;1420;1383;1395;1408;380.1;439.3;492.3;530.1;EECCAEEBCEBDAACCABDAAACDCAACAABBACDBEDEDBAAAA;BEAACCACEACBAEEDEBBCEABCCAADEEDAEBEBAEBEBCBDE;BCBCBECBECDCACAEEDDCDBECEBDAAEDDDADAAADDAEBAA;DEDCACEBEBAACCDBADEEBDCAEAAECADDDBAECACAEBBDE;1;CAEDAACCAEEXCBBAEDBBCAACDEDCBCEECAAEDDDEBBDDB;CECEBEBCDBADDEBBABCDCAECEDADBAEABEADCEDADACBC;CAAAECDDDAECBECEDDCBDEDDCECBDCBCEADBBDBDDCBEDADEEB;CECEBEDADCAADECDBBCEBDCCCACABBABBADDDCEADBBCE;1;120;180;140;100;20;560
2923779;2024;;;;;;;;;1500602;Altamira;15;PA;0;0;0;0;;;;;;;;;;;;;1;;;;;;;;;;;
888860;2024;;;;;;;;;1500602;Altamira;15;PA;0;0;0;0;;;;;;;;;;;;;1;;;;;;;;;;;
1009563;2024;15107035;1504455;Medicilândia;15;PA;2;1;1;1500602;Altamira;15;PA;0;0;0;0;;;;;;;;;;;;;0;;;;;;;;;;;
3475390;2024;15106250;1501725;Brasil Novo;15;PA;2;1;1;1500602;Altamira;15;PA;0;0;0;0;;;;;;;;;;;;;1;;;;;;;;;;;
2219530;2024;;;;;;;;;1500602;Altamira;15;PA;1;1;1;1;1420;1383;1395;1408;384.6;458.5;452.7;391.5;EABEBAEEACDBDEBADCBEDBCADDACEBBDEACEBBDBDCACE;AACEBCBCCBEDBCEADBBCAABCEAEBEBBEACDABADADDDAB;AEBDCEDBECBCDBCCECAAD*BEAAAEDBCCDBDADCBCAEADA;ECDCDABDACEBBDADCBEADAECDADCEBEADBCBEBDBCCADB;1;CAEDAACCAEEXCBBAEDBBCAACDEDCBCEECAAEDDDEBBDDB;CECEBEBCDBADDEBBABCDCAECEDADBAEABEADCEDADACBC;CAAAECDDDAECBECEDDCBDEDDCECBDCBCEADBBDBDDCBEDADEEB;CECEBEDADCAADECDBBCEBDCCCACABBABBADDDCEADBBCE;1;80;40;80;80;0;280
877953;2024;15104907;1500602;Altamira;15;PA;2;1;1;1500602;Altamira;15;PA;1;1;1;1;1420;1383;1395;1408;461.4;537.6;583.6;717.8;AACBDABAADEBBCAECBBCCDCACDDBAEEAECABCEDEBDDAC;CACBCEBCEEBBBEBBDECBCAECEDBBEACDEBADBDAABABDA;CAAACECBEAEDDCADEADCCEBDABDAADDDDADCABEBABEEB;CEBCBEEADCAECEDCBBCABDBCCDBCBBACDDCDDAEADDBCD;0;CAEDAACCAEEXCBBAEDBBCAACDEDCBCEECAAEDDDEBBDDB;CECEBEBCDBADDEBBABCDCAECEDADBAEABEADCEDADACBC;CAAAECDDDAECBECEDDCBDEDDCECBDCBCEADBBDBDDCBEDADEEB;CECEBEDADCAADECDBBCEBDCCCACABBABBADDDCEADBBCE;1;160;200;160;160;200;880
1332425;2024;;;;;;;;;1500602;Altamira;15;PA;0;0;0;0;;;;;;;;;;;;;0;;;;;;;;;;;
304765;2024;;;;;;;;;1500602;Altamira;15;PA;0;0;0;0;;;;;;;;;;;;;0;;;;;;;;;;;
1303076;2024;15106101;1500602;Altamira;15;PA;2;1;1;1500602;Altamira;15;PA;1;1;1;1;1422;1384;1396;1410;566.8;601.9;610.7;708.1;BDCBEBBEDB*EBEDDBEEEBAADDCCDCDDCBEBDDEDDCADCD;CEDBBCDDECEDEBDBCBDACADACECAEEECEACBADBAECECA;AACEADADECBBDAEEBDBECDAEDDCEDABDEBDDADEECCBDA;BABCCAACBDDBBCDEEDAACCDCCABBBECCDBBBADACDBEED;0;BBCEDBBAEXCCAEDDBCAEDAACAAEDDDEBBECBCEEDCAACD;DADABCDCECEDEBBBEBCDBADACBCADCEBEADBAECAECEDA;AACEADDDACDADECBBDBEEBDDECCBEDDCADBBDEBCEBDCECEDDC;DBCECEACADABBECBEDADCCDCCABBBCECEBCEADABBADDD;1;160;160;140;160;140;760
1970603;2024;15104907;1500602;Altamira;15;PA;2;1;1;1500602;Altamira;15;PA;1;1;1;1;1420;1383;1395;1408;546;607.4;539.3;692.7;EABACBDCCDACBBDAEBBDAAECCDBABAEBCAACACDDBADBC;BADEBDBDABDADEBBABCDDAECEDAEEAEACEADECDADACBC;CAAADECBEECDDABCACCBBAACEBDAABCBDABDBBECDDEEB;CECBBEEBCDABDCDABBCDBDBCCABEBBABCADCDBBCCEADD;0;CAEDAACCAEEXCBBAEDBBCAACDEDCBCEECAAEDDDEBBDDB;CECEBEBCDBADDEBBABCDCAECEDADBAEABEADCEDADACBC;CAAAECDDDAECBECEDDCBDEDDCECBDCBCEADBBDBDDCBEDADEEB;CECEBEDADCAADECDBBCEBDCCCACABBABBADDDCEADBBCE;1;160;180;160;180;200;880
570248;2024;;;;;;;;;1500602;Altamira;15;PA;0;1;1;0;;1386;1397;;;523.8;495.4;;;BCCAADAEBEEDCDAABDBDBECCACBAEBDEAEAABDEEDAECA;AAEEEDEEBADCEBCAEDABDEEACECDDCCDABADBDCEECEDC;;0;;ACBCADCEDBAECEDADBADBEBCDADABCDEABCAEDEBBCECE;AACEADACDDCBEDADEEBDDBDBBCEECBDCBADDDCBDEDDCECBECE;;1;120;80;120;120;0;440
2556972;2024;15141179;1500602;Altamira;15;PA;4;1;1;1500602;Altamira;15;PA;1;1;1;1;1421;1386;1397;1409;519.1;582.6;573;537.6;AAADEEBCBACCEDBDEADDACCECCEBDCAAECDEEBCBDDCAC;AADCADDEBDEECEBADBBDBEBBBDCABCDBDECACDCEABECA;AAADACBECADEEBDDCDABDABDBCCDAADBABDEDDABCBECE;CBEEEAAD*BCACDDCEBCDCBDABCECBCDEDCEBEEBBDCCBB;0;DDBDDEBBAAEDECBCEEDCAACDBBCEDBBAEXCCAEAACCAED;ACBCADCEDBAECEDADBADBEBCDADABCDEABCAEDEBBCECE;AACEADACDDCBEDADEEBDDBDBBCEECBDCBADDDCBDEDDCECBECE;CEBCEADBBCEADDDABBABBCCDCCECEDBACADECABEDADCB;1;140;160;120;180;200;800
479582;2024;15104907;1500602;Altamira;15;PA;2;1;1;1500602;Altamira;15;PA;1;1;1;1;1419;1385;1398;1407;530.6;394.1;502.9;435.1;BDBADCEECCBEBCEADCBDDBBBEDEAEECACABEEDABDCADC;EABBDBCECADDBEAEDBCABDDECBAAEEECAADBEACCABCEA;DBCDDCACADEECEACEEBDADDEACABCEEBACDDBCABDECAD;DBCDCEEDEBACBDACBACDBEADABEDCCAEBDCABECCDBAAE;1;BCEAACDEDCAAEDDDEBBDDBECCAEDBBAAACCAEEXCBBCED;CAEDBADBEBCCEDADBAEACBCADCEDEBBEBACECEABCDDAD;EAAACDDCDADDCBDEECEECBDCDADEEBCBEBADBCEBDBDDDDCECB;ABBABBADDDBBCECEADCEBCCCDBADCBEDAECADACDBCECE;1;140;120;120;120;120;620
1117749;2024;;;;;;;;;1500602;Altamira;15;PA;0;0;0;0;;;;;;;;;;;;;1;;;;;;;;;;;
2325913;2024;;;;;;;;;1500602;Altamira;15;PA;1;1;1;1;1420;1383;1395;1408;454.6;414.7;531.8;438.3;EDEBEABEECECABEBCCADEACBADACAAAEBCCCAABBDBDAA;ACDBACBDBEEDDCAACEDCBCEDACDEAAEACCABEEDCBBCCA;EAAACECBECEDDBBDEBBCBBEEEBDBDBBCDADECEDDAACDD;CCBBDBEDBCAABABCABCAAAACAEDCBABDECBCBEDDBCDBB;0;CAEDAACCAEEXCBBAEDBBCAACDEDCBCEECAAEDDDEBBDDB;CECEBEBCDBADDEBBABCDCAECEDADBAEABEADCEDADACBC;CAAAECDDDAECBECEDDCBDEDDCECBDCBCEADBBDBDDCBEDADEEB;CECEBEDADCAADECDBBCEBDCCCACABBABBADDDCEADBBCE;1;120;140;120;120;100;600
1760379;2024;15205401;1500602;Altamira;15;PA;4;1;1;1500602;Altamira;15;PA;1;1;1;1;1420;1383;1395;1408;430.1;447.6;345.7;384.7;EEABAAEBACEBCBAEEECABABEBCEBDEAABAEDAEEEBEDAA;BAAADACEBCBADCCBBBCCABBAEEABBADBCDABDADDDABAA;AAAEBBBDDDBEEBEADEDECEEAEEEEAAAEDABAAADEDEBCA;EDAEDEBBCECAEEEDBEEEAEAEADAEBADAECAEBAAEEECCD;1;CAEDAACCAEEXCBBAEDBBCAACDEDCBCEECAAEDDDEBBDDB;CECEBEBCDBADDEBBABCDCAECEDADBAEABEADCEDADACBC;CAAAECDDDAECBECEDDCBDEDDCECBDCBCEADBBDBDDCBEDADEEB;CECEBEDADCAADECDBBCEBDCCCACABBABBADDDCEADBBCE;1;100;80;40;100;20;340
890665;2024;;;;;;;;;1500602;Altamira;15;PA;0;0;0;0;;;;;;;;;;;;;0;;;;;;;;;;;
2776055;2024;;;;;;;;;1500602;Altamira;15;PA;1;1;1;1;1420;1383;1395;1408;420.4;490.4;520.1;387.8;EDADBBCAEEABEDAAECECBABDBCBDACDEAAEBDACDEDCBA;DEBADCACEBCADCEBBCBEAABBEDADBAEACDADCAEABBDED;BBDCCECBEDEBDDACCBBABADECBDCBDEBDDAECBEDACEEB;CDABBCBEBDDCEBDAAEDECDDCDADBCDBACDEBDACBBDEAC;1;CAEDAACCAEEXCBBAEDBBCAACDEDCBCEECAAEDDDEBBDDB;CECEBEBCDBADDEBBABCDCAECEDADBAEABEADCEDADACBC;CAAAECDDDAECBECEDDCBDEDDCECBDCBCEADBBDBDDCBEDADEEB;CECEBEDADCAADECDBBCEBDCCCACABBABBADDDCEADBBCE;1;120;160;140;140;80;640
451577;2024;;;;;;;;;1500602;Altamira;15;PA;1;1;1;1;1421;1386;1397;1409;408.5;496.7;528.9;375.8;DEBADBAEEBADDBACBBBEDAECCBEABDABDBDEEEEBABCAA;ACDBADBBCBEACDEADCCDABCCECDBEBCDAEDDDAEECAECB;AACCDCDDEACEEBDEBDDDCAEADCBEBBEDCCEEDDCBCBEEB;AAACEEBCD*DBBCBBDDCEEDEDCDBAAEACEABDEEEBABCDC;1;DDBDDEBBAAEDECBCEEDCAACDBBCEDBBAEXCCAEAACCAED;ACBCADCEDBAECEDADBADBEBCDADABCDEABCAEDEBBCECE;AACEADACDDCBEDADEEBDDBDBBCEECBDCBADDDCBDEDDCECBECE;CEBCEADBBCEADDDABBABBCCDCCECEDBACADECABEDADCB;1;120;120;80;100;80;500
2413179;2024;15104907;1500602;Altamira;15;PA;2;1;1;1500602;Altamira;15;PA;1;1;1;1;1419;1385;1398;1407;355.7;483.1;472.2;453;DDDBCEBDADEECEDAEAAAEAADDDADAADBDDBDACBEECDAC;DADBDBDACCCCCDACEEBEBBEACDEDEAADEAEEBABECCBAB;ADBBEABDBADEACDADEBDADEEADDDBAEBACDBACCDDDBCA;BCBACECBDADEBADEECAEADCDCACADDCEECBBDDDBECABC;0;BCEAACDEDCAAEDDDEBBDDBECCAEDBBAAACCAEEXCBBCED;CAEDBADBEBCCEDADBAEACBCADCEDEBBEBACECEABCDDAD;EAAACDDCDADDCBDEECEECBDCDADEEBCBEBADBCEBDBDDDDCECB;ABBABBADDDBBCECEADCEBCCCDBADCBEDAECADACDBCECE;1;140;120;100;120;80;560
1603169;2024;;;;;;;;;1500602;Altamira;15;PA;1;1;1;1;1419;1385;1398;1407;481.4;384;491.9;409.3;DCBDACECEBACDEBAEBDDDBACEEAEDAEBBDEDDCDEBCBDE;CBEDCADBBABDAEAAECEBDBDDBCECACCCACDCCADABBACC;BBAAEDDCBEEECDABEABBABBDACEEDDCBDAADDDEBDBBEC;CCBCEECDECBDCADBCADDBBBCDCCDCEABACBDBDBEACDCC;0;BCEAACDEDCAAEDDDEBBDDBECCAEDBBAAACCAEEXCBBCED;CAEDBADBEBCCEDADBAEACBCADCEDEBBEBACECEABCDDAD;EAAACDDCDADDCBDEECEECBDCDADEEBCBEBADBCEBDBDDDDCECB;ABBABBADDDBBCECEADCEBCCCDBADCBEDAECADACDBCECE;1;100;120;120;140;80;560
1403984;2024;;;;;;;;;1500602;Altamira;15;PA;0;1;1;0;;1385;1398;;;553.3;541;;;AABDEDDA.BBCEEADAAEEAEAADEDDEEBEEABECBABCEBAB;BEAAAAECBAEEDBDBDCCDADDEBCBEAEBBDADDDDCDDCECE;;0;;CAEDBADBEBCCEDADBAEACBCADCEDEBBEBACECEABCDDAD;EAAACDDCDADDCBDEECEECBDCDADEEBCBEBADBCEBDBDDDDCECB;;4;0;0;0;0;0;0
1348256;2024;15109194;1507805;Senador José Porfírio;15;PA;2;1;1;1500602;Altamira;15;PA;0;0;0;0;;;;;;;;;;;;;1;;;;;;;;;;;
3785778;2024;15169138;1500602;Altamira;15;PA;2;1;1;1500602;Altamira;15;PA;1;1;1;1;1419;1385;1398;1407;388.1;451;516.5;431.7;DABDDADDDCACBDCC*AACBAACEDAEDEEEACEADDBEBDBEC;CABDBDEBBCCCEDAA*AABACCCCBDAACABD.AAABCCBDABA;ADBBABDCAAEEDDDDEECAADDEBCBEAEABDEBDADBCDBECC;BBAEDCECEBBCBDAEABCDADBEAACAEBBDB.ABCD.BCBABE;0;BCEAACDEDCAAEDDDEBBDDBECCAEDBBAAACCAEEXCBBCED;CAEDBADBEBCCEDADBAEACBCADCEDEBBEBACECEABCDDAD;EAAACDDCDADDCBDEECEECBDCDADEEBCBEBADBCEBDBDDDDCECB;ABBABBADDDBBCECEADCEBCCCDBADCBEDAECADACDBCECE;1;140;160;120;120;120;660
2180240;2024;;;;;;;;;1500602;Altamira;15;PA;1;1;1;1;1422;1384;1396;1410;496.5;623.8;654.1;645.4;ECADBBADEBDACDEDAEDEBDBCDAEEBABAAEBBEBCBAADAA;DCDBACDAECEEEBDBEBEDCADECBCADEEEEDCDAEEAACEDA;AACEBDADECBBDBEEBDDEDCDEDDCADBBDEDCEBDEECCDDC;EACABDEBBDACBCCDEDEACCCCECBBBBACBBCBACABABCDA;0;BBCEDBBAEXCCAEDDBCAEDAACAAEDDDEBBECBCEEDCAACD;DADABCDCECEDEBBBEBCDBADACBCADCEBEADBAECAECEDA;AACEADDDACDADECBBDBEEBDDECCBEDDCADBBDEBCEBDCECEDDC;DBCECEACADABBECBEDADCCDCCABBBCECEBCEADABBADDD;1;160;200;160;180;180;880
1021054;2024;;;;;;;;;1500602;Altamira;15;PA;0;0;0;0;;;;;;;;;;;;;0;;;;;;;;;;;
2144367;2024;15583058;1500602;Altamira;15;PA;2;1;1;1500602;Altamira;15;PA;1;1;1;1;1420;1383;1395;1408;475.6;417.1;333.4;483.7;BCECADBDCEABCDABADCEACDEACDBEBCDBAECBCDDBCEEB;ABCDADBEDBACDBCEBDBCDBEACAABDCDACD*CDB*ECADAB;CDDAAECEBACBCBADBECAEDCDBCABCCBABDEBAEBDCEAAC;CDDACCDDBCEBBAECADBCEBCDACEBCDABDCABD*CABDEBC;1;CAEDAACCAEEXCBBAEDBBCAACDEDCBCEECAAEDDDEBBDDB;CECEBEBCDBADDEBBABCDCAECEDADBAEABEADCEDADACBC;CAAAECDDDAECBECEDDCBDEDDCECBDCBCEADBBDBDDCBEDADEEB;CECEBEDADCAADECDBBCEBDCCCACABBABBADDDCEADBBCE;1;160;200;160;200;160;880
1140126;2024;;;;;;;;;1500602;Altamira;15;PA;0;0;0;0;;;;;;;;;;;;;1;;;;;;;;;;;
1261016;2024;15104893;1500602;Altamira;15;PA;2;1;1;1500602;Altamira;15;PA;1;1;1;1;1421;1386;1397;1409;374.1;515.2;512.6;484.1;BCAADEADBCAAAEADBDCEDDCAABEABEABCCBDAAEDAEBAA;ADDCAADACEACCBDAEEAACEDAADDABCDECCDADDDEBBEAA;AADDDCBADDEAEAADDDABCAEDECCDAADBDAEEADCECBEED;CDACDBADBADCDDECBDBBAACBDEBEECABABECAECACCACD;0;DDBDDEBBAAEDECBCEEDCAACDBBCEDBBAEXCCAEAACCAED;ACBCADCEDBAECEDADBADBEBCDADABCDEABCAEDEBBCECE;AACEADACDDCBEDADEEBDDBDBBCEECBDCBADDDCBDEDDCECBECE;CEBCEADBBCEADDDABBABBCCDCCECEDBACADECABEDADCB;1;120;120;120;100;160;620
3879969;2024;;;;;;;;;1500602;Altamira;15;PA;0;0;0;0;;;;;;;;;;;;;0;;;;;;;;;;;
747386;2024;;;;;;;;;1500602;Altamira;15;PA;0;0;0;0;;;;;;;;;;;;;1;;;;;;;;;;;
2900908;2024;;;;;;;;;1500602;Altamira;15;PA;1;1;1;1;1420;1383;1395;1408;433.9;336.1;360.2;454.4;DEADCDCEADCADBABACCAAECEBABCAAABCCAAEADECBDCA;ACEBBCADCDACABACEDCAADCDBDACECBCAABAECEDBDBDC;ABACBDBAEACBDBEDA*EBDACADCAEBCACACDCEBEA.ECAD;CBBEACDECADBADACBABDECBCBCACECACBAECBABDADADA;0;CAEDAACCAEEXCBBAEDBBCAACDEDCBCEECAAEDDDEBBDDB;CECEBEBCDBADDEBBABCDCAECEDADBAEABEADCEDADACBC;CAAAECDDDAECBECEDDCBDEDDCECBDCBCEADBBDBDDCBEDADEEB;CECEBEDADCAADECDBBCEBDCCCACABBABBADDDCEADBBCE;1;120;120;120;100;100;560
41677;2024;;;;;;;;;1500602;Altamira;15;PA;0;0;0;0;;;;;;;;;;;;;0;;;;;;;;;;;
2599864;2024;;;;;;;;;1500602;Altamira;15;PA;0;1;1;0;;1383;1395;;;378.4;491;;;AECACBBBCACBBBECDEBDCCAECBABDBACCBDBCAECAEBAD;CCDACECDEDEACAADECBBACDEBDDBCEBBDADECAEEADCDB;;1;;CECEBEBCDBADDEBBABCDCAECEDADBAEABEADCEDADACBC;CAAAECDDDAECBECEDDCBDEDDCECBDCBCEADBBDBDDCBEDADEEB;;1;120;140;120;120;60;560
3702053;2024;15205401;1500602;Altamira;15;PA;4;1;1;1500602;Altamira;15;PA;0;0;0;0;;;;;;;;;;;;;0;;;;;;;;;;;
3010921;2024;15104907;1500602;Altamira;15;PA;2;1;1;1500602;Altamira;15;PA;0;0;0;0;;;;;;;;;;;;;1;;;;;;;;;;;
2962804;2024;15575497;1500859;Anapu;15;PA;2;1;1;1500602;Altamira;15;PA;1;1;1;1;1420;1383;1395;1408;419.4;305.7;516.4;443.3;DDABBACEBBDBDBADCCADCADECBECBCDAACBDDEEEACABA;ACAECCADBDAEDCDBCDAEBCBACBEBEBADCADEDCDABDAEC;CBDCBECBECADDABCDCBCBCDEBADEBDCBDACACEADADDCB;CDBAECEEDCACBEDCABBDACBBEABCCABDEAECDACEDEDEC;1;CAEDAACCAEEXCBBAEDBBCAACDEDCBCEECAAEDDDEBBDDB;CECEBEBCDBADDEBBABCDCAECEDADBAEABEADCEDADACBC;CAAAECDDDAECBECEDDCBDEDDCECBDCBCEADBBDBDDCBEDADEEB;CECEBEDADCAADECDBBCEBDCCCACABBABBADDDCEADBBCE;1;80;140;120;100;60;500
3806734;2024;15169138;1500602;Altamira;15;PA;2;1;1;1500602;Altamira;15;PA;1;1;1;1;1419;1385;1398;1407;491.5;554.8;568.9;403.6;BABCDCBCEACECBDCECBDBCBAECADCACAEBAECDEBDCABC;AADDBBDBCACCEDACEECADCEAAEEDEADCEAAACABECDDBD;ABCDACDCDBEECCABADEDADEEBCABEDDBCEADADDDDAECB;DCACCBDCADBDDABEEBABABEBECADBACACBDEDEDBDDCCB;1;BCEAACDEDCAAEDDDEBBDDBECCAEDBBAAACCAEEXCBBCED;CAEDBADBEBCCEDADBAEACBCADCEDEBBEBACECEABCDDAD;EAAACDDCDADDCBDEECEECBDCDADEEBCBEBADBCEBDBDDDDCECB;ABBABBADDDBBCECEADCEBCCCDBADCBEDAECADACDBCECE;1;120;180;140;140;180;760
4149217;2024;15583058;1500602;Altamira;15;PA;2;1;1;1500602;Altamira;15;PA;1;1;1;1;1421;1386;1397;1409;390.7;364.8;329.8;440.7;EAABDAABCEDACADAADBCDBAEACEDADBADCAEACAADBCAB;CDDABBACACACACBBACAABBCEECDBDAADACAABACCDEDBC;EAABDDEBBABDBAAEAAAEAAACEABABDDEBAAECCBEABCEA;CDEBCECBBCBCDBCCBDBECDACECACECDBDEBDACEDBACBD;0;DDBDDEBBAAEDECBCEEDCAACDBBCEDBBAEXCCAEAACCAED;ACBCADCEDBAECEDADBADBEBCDADABCDEABCAEDEBBCECE;AACEADACDDCBEDADEEBDDBDBBCEECBDCBADDDCBDEDDCECBECE;CEBCEADBBCEADDDABBABBCCDCCECEDBACADECABEDADCB;1;60;100;80;120;60;420
1741703;2024;15583058;1500602;Altamira;15;PA;2;1;1;1500602;Altamira;15;PA;1;1;1;1;1419;1385;1398;1407;452.5;433.6;533.7;424;DCEDDABEBDCDCECAEEBEECADEDEBCBCCDCEDCDDBDBCDB;CEDABBCCBEECDBADEEDECDCADDAB*CDBCDDBBBBCCCBAA;CEAAADDCBCEECCBCDDECADDEBDBDDBEBCDBEACCCDAECB;DBCBCBBCCBCBECAABCDCADDBDBDCDBCDDEAACEDABDDDC;0;BCEAACDEDCAAEDDDEBBDDBECCAEDBBAAACCAEEXCBBCED;CAEDBADBEBCCEDADBAEACBCADCEDEBBEBACECEABCDDAD;EAAACDDCDADDCBDEECEECBDCDADEEBCBEBADBCEBDBDDDDCECB;ABBABBADDDBBCECEADCEBCCCDBADCBEDAECADACDBCECE;1;120;140;120;120;160;660
1245043;2024;;;;;;;;;1500602;Altamira;15;PA;0;0;0;0;;;;;;;;;;;;;1;;;;;;;;;;;
1610755;2024;15583058;1500602;Altamira;15;PA;2;1;1;1500602;Altamira;15;PA;1;1;1;1;1422;1384;1396;1410;443.3;532.2;488.2;441.4;ADEDBAABEABEAADCBDDAABEEADBEEDEBBAEDCACECBDDD;BEDEACEAACBDCEABEACBBADADEBCDACCCAEEADCABCBBA;BADACBADEDBCEACDBDDDCABBDAAAECACEBBBDAAECACDB;ABEECCDDBDBBBECDAECEDACDADBEDBEEBADEDABACBCEB;0;BBCEDBBAEXCCAEDDBCAEDAACAAEDDDEBBECBCEEDCAACD;DADABCDCECEDEBBBEBCDBADACBCADCEBEADBAECAECEDA;AACEADDDACDADECBBDBEEBDDECCBEDDCADBBDEBCEBDCECEDDC;DBCECEACADABBECBEDADCCDCCABBBCECEBCEADABBADDD;1;80;120;100;160;100;560
229954;2024;;;;;;;;;1500602;Altamira;15;PA;1;1;1;1;1420;1383;1395;1408;606.6;697.9;618.7;766.9;ECDBAACCEDEBCBAACBACDDCDBCBCCAEBCACCCDEEBBDEB;CACEBEBCDBADDEEBABCDCAACEDABBAEABEADCEDADADEC;CAAAAECBECEDDCBDEBDCEBBDBBDEEBCBDADCCBEDADEEB;CECDDEDACCABEEDDCACEBDCCCABEBDABCDDDDCEADBBDE;0;CAEDAACCAEEXCBBAEDBBCAACDEDCBCEECAAEDDDEBBDDB;CECEBEBCDBADDEBBABCDCAECEDADBAEABEADCEDADACBC;CAAAECDDDAECBECEDDCBDEDDCECBDCBCEADBBDBDDCBEDADEEB;CECEBEDADCAADECDBBCEBDCCCACABBABBADDDCEADBBCE;1;160;180;200;200;200;940
1682327;2024;;;;;;;;;1500602;Altamira;15;PA;1;1;1;1;1422;1384;1396;1410;444.2;359.6;483.8;421.2;CBCDBECABEDEEDDACDDADCBDCEBDBDDBCECADCDBEACEC;BDBBBECBEAABBDAEDCADDBBACEAECAEEBCEEADCBDAABD;AEADEEADEEBADDDEEDDDCABAACBEBEAEECADCECEDABDC;BEDDBCECCACAEDBBACAAACDBADCCBEBAEEADEEECBBDCB;0;BBCEDBBAEXCCAEDDBCAEDAACAAEDDDEBBECBCEEDCAACD;DADABCDCECEDEBBBEBCDBADACBCADCEBEADBAECAECEDA;AACEADDDACDADECBBDBEEBDDECCBEDDCADBBDEBCEBDCECEDDC;DBCECEACADABBECBEDADCCDCCABBBCECEBCEADABBADDD;1;100;120;100;100;80;500
3499514;2024;15104907;1500602;Altamira;15;PA;2;1;1;1500602;Altamira;15;PA;1;1;1;1;1420;1383;1395;1408;441.8;464.5;500.8;409.2;DAEEBADAABECBAACACDCBBCBABEDEACADCCBACDECADEA;AEBADCCCABBDBAEAECBDDDBDAEAEEDAAEBDDADDADABCE;CBAABECDEACCDBDCECABADEDDBBADDCCDAEEBDAEADBEA;EABCBDEEBBEABCDBABAEECEBDABBBDBBEBCEBEBADBADB;0;CAEDAACCAEEXCBBAEDBBCAACDEDCBCEECAAEDDDEBBDDB;CECEBEBCDBADDEBBABCDCAECEDADBAEABEADCEDADACBC;CAAAECDDDAECBECEDDCBDEDDCECBDCBCEADBBDBDDCBEDADEEB;CECEBEDADCAADECDBBCEBDCCCACABBABBADDDCEADBBCE;1;140;120;120;140;180;700
1734379;2024;15177980;1504455;Medicilândia;15;PA;2;2;1;1500602;Altamira;15;PA;1;1;1;1;1422;1384;1396;1410;395.9;510.5;483.3;428.4;AEBEEBACECEEDADAAECDCDABBBECBAEDCCCEDCDAACCEB;DADAECECECEDCEDAEACCAECECCBBDADABACEAEBADDADA;DDCDCCABECBCDCCDBDDABBCABDD*EABABBAACAEEDCCAD;CBDDDBBADDDCDDBDCDBBDEDABDBCDCEEABCDEBDBACCDE;1;BBCEDBBAEXCCAEDDBCAEDAACAAEDDDEBBECBCEEDCAACD;DADABCDCECEDEBBBEBCDBADACBCADCEBEADBAECAECEDA;AACEADDDACDADECBBDBEEBDDECCBEDDCADBBDEBCEBDCECEDDC;DBCECEACADABBECBEDADCCDCCABBBCECEBCEADABBADDD;1;100;120;100;120;100;540
2163325;2024;15106101;1500602;Altamira;15;PA;2;1;1;1500602;Altamira;15;PA;1;1;1;1;1419;1385;1398;1407;482.8;545.1;443.1;494.1;BDAADEEADDBBBECDCBEDCBEDEAADECBEEADAACBBBCEEC;AABDBABBEBEDCAAABAEBDCCACAEAEBBACAAACBABBCCAD;DCBDEBEBBDAEDEBBDCCACCEBBDBBDCAEEBBDCAECA*DBB;BDBACAECEBEEDEAEDACBECECABCBDACCAABDCEDBADCCA;1;BCEAACDEDCAAEDDDEBBDDBECCAEDBBAAACCAEEXCBBCED;CAEDBADBEBCCEDADBAEACBCADCEDEBBEBACECEABCDDAD;EAAACDDCDADDCBDEECEECBDCDADEEBCBEBADBCEBDBDDDDCECB;ABBABBADDDBBCECEADCEBCCCDBADCBEDAECADACDBCECE;1;120;120;120;120;140;620
3154771;2024;;;;;;;;;1500602;Altamira;15;PA;1;1;1;1;1420;1383;1395;1408;464.4;573.6;572.5;441.2;EDEBDDCACBCBCBDBAEDCCDCDCDBDBBCCCCCECAEDCDBCD;BECBBEBADBCDDAEDBBCCABECCEBEEAEAEEADAECDDBABC;EAAADECBECEDDADDEADCDDBCDBDBDBDBDBDCCCEBADEEB;ABBDCBCDEBCBCBBCCECCACEDDEEEDDAEEDCABBBDCCADB;0;CAEDAACCAEEXCBBAEDBBCAACDEDCBCEECAAEDDDEBBDDB;CECEBEBCDBADDEBBABCDCAECEDADBAEABEADCEDADACBC;CAAAECDDDAECBECEDDCBDEDDCECBDCBCEADBBDBDDCBEDADEEB;CECEBEDADCAADECDBBCEBDCCCACABBABBADDDCEADBBCE;4;0;0;0;0;0;0
1203525;2024;15177874;1500859;Anapu;15;PA;2;2;1;1500602;Altamira;15;PA;1;1;1;1;1421;1386;1397;1409;484.4;537.7;494.9;413.3;DDBDADBABBBECADCCDEDADDBDCBCBCBCDEBECEBDCCEEA;ADDAADEEBBEEDCBADCCABCAEAADBECDDAEDAEBDBDBACE;BAEDEDACBEDCDBDAEDDBDCBABECDCACBCDCECDAECBEDA;CBAADDACDAEBCEBDCECCCDBBDCABDACEEDBBBADDECDDE;1;DDBDDEBBAAEDECBCEEDCAACDBBCEDBBAEXCCAEAACCAED;ACBCADCEDBAECEDADBADBEBCDADABCDEABCAEDEBBCECE;AACEADACDDCBEDADEEBDDBDBBCEECBDCBADDDCBDEDDCECBECE;CEBCEADBBCEADDDABBABBCCDCCECEDBACADECABEDADCB;1;140;120;120;140;80;600
58412;2024;;;;;;;;;1500602;Altamira;15;PA;0;1;1;0;;1383;1395;;;440.5;361.4;;;DEBBEECACDBECEAEACEDDBBCAEDCAEBAEBEDCADCDBEEC;ACBDDDCEADACDEDBADEBBECABAADECCEADCAADACDEDEB;;0;;CECEBEBCDBADDEBBABCDCAECEDADBAEABEADCEDADACBC;CAAAECDDDAECBECEDDCBDEDDCECBDCBCEADBBDBDDCBEDADEEB;;6;0;0;0;0;0;0
1812650;2024;;;;;;;;;1500602;Altamira;15;PA;1;1;1;1;1421;1386;1397;1409;507.9;460.2;463.2;446.6;DACDABCCDCBACABEAEDEADCCADBEEBCDDBBEBAACCAEAD;ABCEAEEBADDDAEBBACCDACCEACDBEAABACCDEBEBBCAEE;BAAABDBEAACDEBEDBBBADECAEEBDDCCAAEDDEACACBEAE;DDCAADADBBECDEEBDCBADADCCEEADBBAEBADBDDACECEC;0;DDBDDEBBAAEDECBCEEDCAACDBBCEDBBAEXCCAEAACCAED;ACBCADCEDBAECEDADBADBEBCDADABCDEABCAEDEBBCECE;AACEADACDDCBEDADEEBDDBDBBCEECBDCBADDDCBDEDDCECBECE;CEBCEADBBCEADDDABBABBCCDCCECEDBACADECABEDADCB;1;120;160;120;100;120;620
1966420;2024;;;;;;;;;1500602;Altamira;15;PA;0;0;0;0;;;;;;;;;;;;;1;;;;;;;;;;;
2966480;2024;15200205;1500602;Altamira;15;PA;1;1;1;1500602;Altamira;15;PA;1;1;1;1;1420;1383;1395;1408;533.9;533.4;506.3;398;ECEDADCBEEECBCCAECDECEDCDDBDEBBEBDCBBCDCABCDE;CECBBCAABCCDDECBAEDCAABCABAABAAADDADEEADDACEB;DCAEBECEEDCBDEBBECCDDCDDCBCDDEADDBDEBBECADCDA;CADDBAEADDADEBBADADECECEDEDCDAEEACADCDDBEBDDC;1;CAEDAACCAEEXCBBAEDBBCAACDEDCBCEECAAEDDDEBBDDB;CECEBEBCDBADDEBBABCDCAECEDADBAEABEADCEDADACBC;CAAAECDDDAECBECEDDCBDEDDCECBDCBCEADBBDBDDCBEDADEEB;CECEBEDADCAADECDBBCEBDCCCACABBABBADDDCEADBBCE;1;140;180;160;160;160;800
2016714;2024;15176045;1500602;Altamira;15;PA;4;1;1;1500602;Altamira;15;PA;1;1;1;1;1420;1383;1395;1408;586.3;606.4;613.2;654.6;DCEDDADEEEEBCCADDDBBCBECBEDCBCECCCCEEEDBACDBD;CEBBBEBEDBADDEBDABCDBAECEDACDAEAACACECDCAACDC;CAAAEECBECEDDDBDECDABDBCDBCADDEBDADDCBECADEEB;CECBBDEBDCABDEDCBBCDBBDECEDECDAACEDEDBBAADBCD;0;CAEDAACCAEEXCBBAEDBBCAACDEDCBCEECAAEDDDEBBDDB;CECEBEBCDBADDEBBABCDCAECEDADBAEABEADCEDADACBC;CAAAECDDDAECBECEDDCBDEDDCECBDCBCEADBBDBDDCBEDADEEB;CECEBEDADCAADECDBBCEBDCCCACABBABBADDDCEADBBCE;1;160;160;160;180;200;860
1902601;2024;;;;;;;;;1500602;Altamira;15;PA;0;0;0;0;;;;;;;;;;;;;1;;;;;;;;;;;
1638685;2024;15109194;1507805;Senador José Porfírio;15;PA;2;1;1;1500602;Altamira;15;PA;0;1;1;0;;1383;1395;;;458.9;497;;;AECBDCAECDBABECBEABCABECCEABEADAEBACBDACBCADE;AC.BEECBEACDDABCABDCEADCEBCACBACBDEACDBDADCDA;;1;;CECEBEBCDBADDEBBABCDCAECEDADBAEABEADCEDADACBC;CAAAECDDDAECBECEDDCBDEDDCECBDCBCEADBBDBDDCBEDADEEB;;1;100;120;80;100;20;420
827355;2024;15583058;1500602;Altamira;15;PA;2;1;1;1500602;Altamira;15;PA;1;1;1;1;1421;1386;1397;1409;590.3;595.4;537.3;486.1;DDAEEEECAEEBACBDEDBBDDCADAEEDAABECCECEAADEDEC;ACDCADEECEACCEBAADABBCCDDADBACDEACCAEDEBBBECA;CAEBACBECCDDEBDEEDABDAAAADEDDEADBBDEDDABCBEDE;CAABBACEDDBEEABECCBCDECDBCCCBEEEDBDCACADCBDCC;0;DDBDDEBBAAEDECBCEEDCAACDBBCEDBBAEXCCAEAACCAED;ACBCADCEDBAECEDADBADBEBCDADABCDEABCAEDEBBCECE;AACEADACDDCBEDADEEBDDBDBBCEECBDCBADDDCBDEDDCECBECE;CEBCEADBBCEADDDABBABBCCDCCECEDBACADECABEDADCB;1;120;120;100;100;100;540
1490257;2024;;;;;;;;;1500602;Altamira;15;PA;1;1;1;1;1419;1385;1398;1407;467.8;468.3;538.2;624.8;BAAADBCCBCCCADDCDDEDAACABDCDBBACEDDEBDBBBBDEE;AADEBDBBCBBCCCACBBAADDCAABCCDDAEEAACAACDAEEED;BAABDCDCCBEECADABCDDABDEBDBEBABBCECDCDECDCEDB;CCDABBDDEDEDCEDAEDAADCCCACBE*CCDBBACCACCBDECE;0;BCEAACDEDCAAEDDDEBBDDBECCAEDBBAAACCAEEXCBBCED;CAEDBADBEBCCEDADBAEACBCADCEDEBBEBACECEABCDDAD;EAAACDDCDADDCBDEECEECBDCDADEEBCBEBADBCEBDBDDDDCECB;ABBABBADDDBBCECEADCEBCCCDBADCBEDAECADACDBCECE;1;120;120;120;120;80;560
2903294;2024;;;;;;;;;1500602;Altamira;15;PA;1;1;1;1;1419;1385;1398;1407;587.7;578.8;559.1;682.7;BCEBDEECBCAECCCCDAADDBACEAEBBBAACCDAECBCDAEAC;AABDBADBEADCEBDEDAEADCE.CCECEBBECACEDBDBCBBED;DEAAADDCBDEECCEAEDEDADEEBCBACDCBEACDADDDCBEBE;BBDABCACDDDBDECBADCBACCBEEDDDBCEADBCEACDCEBDB;1;BCEAACDEDCAAEDDDEBBDDBECCAEDBBAAACCAEEXCBBCED;CAEDBADBEBCCEDADBAEACBCADCEDEBBEBACECEABCDDAD;EAAACDDCDADDCBDEECEECBDCDADEEBCBEBADBCEBDBDDDDCECB;ABBABBADDDBBCECEADCEBCCCDBADCBEDAECADACDBCECE;1;80;100;80;80;60;400
2756564;2024;;;;;;;;;1500602;Altamira;15;PA;1;1;1;1;1421;1386;1397;1409;374.3;0;415.5;594.8;CBAEEDBEACBEACDCADCBABDEBCCBADDABCEEDDEBBCBDA;.............................................;BABBDCDEDADCEAEDDBAADECBCEDCACDCBBEEB........;CDBACECCABCDEBBABBDEBCDEBCEBCBAABBDBAABCEDACA;0;DDBDDEBBAAEDECBCEEDCAACDBBCEDBBAEXCCAEAACCAED;ACBCADCEDBAECEDADBADBEBCDADABCDEABCAEDEBBCECE;AACEADACDDCBEDADEEBDDBDBBCEECBDCBADDDCBDEDDCECBECE;CEBCEADBBCEADDDABBABBCCDCCECEDBACADECABEDADCB;1;120;80;40;160;0;400
11075;2024;15104907;1500602;Altamira;15;PA;2;1;1;1500602;Altamira;15;PA;1;1;1;1;1420;1383;1395;1408;503.2;574.3;542.9;686.1;ECADCAABEDEBBBACBCBDCEDDBDDCBDEECECCEEBCEABBB;CECBBECEBBCDBEDACBCCDAECEDACEABAABACAEAADADDA;ACDBCECEECEEDABDEDBACBBCDBDEAEACDADBEBACADEEB;CEDEBDCCDBADCEDEBBCEBCBCDACDCDAAEBCDDBBADDBCB;1;CAEDAACCAEEXCBBAEDBBCAACDEDCBCEECAAEDDDEBBDDB;CECEBEBCDBADDEBBABCDCAECEDADBAEABEADCEDADACBC;CAAAECDDDAECBECEDDCBDEDDCECBDCBCEADBBDBDDCBEDADEEB;CECEBEDADCAADECDBBCEBDCCCACABBABBADDDCEADBBCE;1;160;200;160;160;200;880
317848;2024;;;;;;;;;1500602;Altamira;15;PA;0;1;1;0;;1385;1398;;;385.5;413.9;;;DDAAEECBAACCCEDDEEDCCBAEDCABABABBCCBABBACDEDB;BACEBBDCDCEECAAABCAECABCDEDC*AABBACEDABBBAAEE;;1;;CAEDBADBEBCCEDADBAEACBCADCEDEBBEBACECEABCDDAD;EAAACDDCDADDCBDEECEECBDCDADEEBCBEBADBCEBDBDDDDCECB;;1;80;120;80;80;120;480
1422610;2024;;;;;;;;;1500602;Altamira;15;PA;1;1;1;1;1421;1386;1397;1409;528.2;529.8;573.7;581.5;DDCDEEDEACDDBDDDBDECDDCBEDCBBCAEECDBEDCBAEBED;CBDAA.B.D.EED.DCDDCDBEBABAB.BCCEDECCEBEEA.ECB;DCE.DABEDADDEBDACDABC....BEBDCDB.BDEDDCECBECE;CEBDDAECDCCCCDBABCACBCBCDBDCCAEECDBADECCDBCDB;1;DDBDDEBBAAEDECBCEEDCAACDBBCEDBBAEXCCAEAACCAED;ACBCADCEDBAECEDADBADBEBCDADABCDEABCAEDEBBCECE;AACEADACDDCBEDADEEBDDBDBBCEECBDCBADDDCBDEDDCECBECE;CEBCEADBBCEADDDABBABBCCDCCECEDBACADECABEDADCB;1;160;200;180;160;180;880
592235;2024;;;;;;;;;1500602;Altamira;15;PA;0;0;0;0;;;;;;;;;;;;;1;;;;;;;;;;;
4028987;2024;;;;;;;;;1500602;Altamira;15;PA;1;1;1;1;1422;1384;1396;1410;376.8;447.9;453.8;455.9;BDCCEACDACEAABADBEEABEEBCCADACDEDBEACCDBCBEED;DBADCDACDBCABCDEEDCBABDDEEEADAECEADADBCCECCBB;EBDACEBDAC.CEEEEBBACBECBBBDBDEABECACCCCBBEADC;CDDABCCAEABBCDADACEBBCECBEEBACDEADECCAADADACD;1;BBCEDBBAEXCCAEDDBCAEDAACAAEDDDEBBECBCEEDCAACD;DADABCDCECEDEBBBEBCDBADACBCADCEBEADBAECAECEDA;AACEADDDACDADECBBDBEEBDDECCBEDDCADBBDEBCEBDCECEDDC;DBCECEACADABBECBEDADCCDCCABBBCECEBCEADABBADDD;4;0;0;0;0;0;0
2912204;2024;15140463;1500602;Altamira;15;PA;4;1;1;1500602;Altamira;15;PA;1;1;1;1;1421;1386;1397;1409;492.7;611.9;557.6;602.5;ABAEAEADACCEACEABBDCEECBDCBEEEEAECCCEEDEECBAE;ABBCADEDCEECCEDADBBDBEBCDADAECDCAECAEBECBCECA;BACDBDADDADEEBEAEDABDEEBDCCECCDCABDEDDAECBECA;BBACDADDBBAAEDBACDDCACBDEEEBBCAEDADBBADBACDBC;0;DDBDDEBBAAEDECBCEEDCAACDBBCEDBBAEXCCAEAACCAED;ACBCADCEDBAECEDADBADBEBCDADABCDEABCAEDEBBCECE;AACEADACDDCBEDADEEBDDBDBBCEECBDCBADDDCBDEDDCECBECE;CEBCEADBBCEADDDABBABBCCDCCECEDBACADECABEDADCB;1;140;180;140;180;200;840
1160461;2024;;;;;;;;;1500602;Altamira;15;PA;1;1;1;1;1420;1383;1395;1408;647.7;731.4;606.1;707.7;CAEDAACCACABBEBDBEDCEDBCEECBBCEACAADEDDEBBDCC;CECEBEBCDBBDDEEBCBCDCAECEDAEBAEABEADCEDDDACBC;CBAACECBECCDDABDEDDCEABDCDCEAEADDBDDDBEDADEEB;CEEDDEEBDAABCEDDBCCABDCCCDBBCBACBADEBDDADCBBE;0;CAEDAACCAEEXCBBAEDBBCAACDEDCBCEECAAEDDDEBBDDB;CECEBEBCDBADDEBBABCDCAECEDADBAEABEADCEDADACBC;CAAAECDDDAECBECEDDCBDEDDCECBDCBCEADBBDBDDCBEDADEEB;CECEBEDADCAADECDBBCEBDCCCACABBABBADDDCEADBBCE;1;160;200;140;200;200;900
1979458;2024;15169138;1500602;Altamira;15;PA;2;1;1;1500602;Altamira;15;PA;1;1;1;1;1421;1386;1397;1409;512.6;553.8;447.4;466.5;DEEEDEBAACDDECCDAEDCADEABEDECDABECDEAEEDACAAC;ABEDACEDCEADCEDACCCDBCBCBDDABCDEAACACEEEDA...;AAEDDCCEBADDEBDAEDBBDD.......................;CEBDCDCECDDEDBAAEDEACABEADCCBDCEDACEDCAACBEBD;0;DDBDDEBBAAEDECBCEEDCAACDBBCEDBBAEXCCAEAACCAED;ACBCADCEDBAECEDADBADBEBCDADABCDEABCAEDEBBCECE;AACEADACDDCBEDADEEBDDBDBBCEECBDCBADDDCBDEDDCECBECE;CEBCEADBBCEADDDABBABBCCDCCECEDBACADECABEDADCB;1;120;80;60;80;0;340
858929;2024;15169138;1500602;Altamira;15;PA;2;1;1;1500602;Altamira;15;PA;1;1;1;1;1419;1385;1398;1407;468.1;560.6;563;649.5;BDBCDCDCCDAECECEEECDBEBEECDCCDBCADDADADBADCBC;AAADEBDBECCCEDDADEEABBCADBCDEBECEADECCCEABDDD;BEAACBDCBDEECEEAAAADADAEBABCBBBBDEEEADADDDECB;DDDABBBDBDCBBEBBACCBCCCCDAADDEADEDDDDADCCDEDD;0;BCEAACDEDCAAEDDDEBBDDBECCAEDBBAAACCAEEXCBBCED;CAEDBADBEBCCEDADBAEACBCADCEDEBBEBACECEABCDDAD;EAAACDDCDADDCBDEECEECBDCDADEEBCBEBADBCEBDBDDDDCECB;ABBABBADDDBBCECEADCEBCCCDBADCBEDAECADACDBCECE;1;120;120;120;120;100;580
2572079;2024;;;;;;;;;1500602;Altamira;15;PA;1;1;1;1;1422;1384;1396;1410;466.7;487.7;511.2;447.4;BDCECDACDBDEECDCEECAAABDCECABAEECADBCBBDCBDEB;ACDBBCCDEBBBBBDACCCDCCDADECABEDCEAAEBDDEDDBDA;EADACEDCECBCDDEEEACCBACCDAADECBAEBDBCBCECCACA;CEABBBEDDDECDEDEBDBCCDCBDBBCBACBBEAEBEDBEBDEC;1;BBCEDBBAEXCCAEDDBCAEDAACAAEDDDEBBECBCEEDCAACD;DADABCDCECEDEBBBEBCDBADACBCADCEBEADBAECAECEDA;AACEADDDACDADECBBDBEEBDDECCBEDDCADBBDEBCEBDCECEDDC;DBCECEACADABBECBEDADCCDCCABBBCECEBCEADABBADDD;1;100;140;140;160;200;740
3830203;2024;;;;;;;;;1500602;Altamira;15;PA;1;1;1;1;1419;1385;1398;1407;362.3;492.6;496.9;423.4;ABCBDECDEACECBEECCEECBBADDAEDEBCDCAACABABCCBE;DAACBCACECBCACACEBEADECDCAEEEDBDCCADABEECDADD;ABDACBBCADEECAABCACDABCEBEADCACBDBBEDBDCDBBCC;BCCBBEDDBCCDBDCCDDABCBDCEDEBCCDDABDEBABCDDBCB;1;BCEAACDEDCAAEDDDEBBDDBECCAEDBBAAACCAEEXCBBCED;CAEDBADBEBCCEDADBAEACBCADCEDEBBEBACECEABCDDAD;EAAACDDCDADDCBDEECEECBDCDADEEBCBEBADBCEBDBDDDDCECB;ABBABBADDDBBCECEADCEBCCCDBADCBEDAECADACDBCECE;1;120;160;120;120;80;600
3817143;2024;;;;;;;;;1500602;Altamira;15;PA;0;0;0;0;;;;;;;;;;;;;1;;;;;;;;;;;
1601661;2024;;;;;;;;;1500602;Altamira;15;PA;1;1;1;1;1420;1383;1395;1408;418.2;619.1;555.6;729.7;DCDDDBCBCEACBCAECEBBDECACABEAABCCCEDADBBECBDA;CECBBEBCECBDDEEBBBCAAAECEDACBAEDCBADCEDADABDC;ABADCECBECCDDABDECDCCBBAEDCCEEABDAEACBEDADAEA;CECEDEEDDCEBEEEABACDBDCCBABDBCADDADDDBBADCBCE;0;CAEDAACCAEEXCBBAEDBBCAACDEDCBCEECAAEDDDEBBDDB;CECEBEBCDBADDEBBABCDCAECEDADBAEABEADCEDADACBC;CAAAECDDDAECBECEDDCBDEDDCECBDCBCEADBBDBDDCBEDADEEB;CECEBEDADCAADECDBBCEBDCCCACABBABBADDDCEADBBCE;1;160;200;160;200;200;920
925902;2024;;;;;;;;;1500602;Altamira;15;PA;1;1;1;1;1421;1386;1397;1409;372.9;373.5;489.1;432.3;DAAEEBCAECABCEDCACAAADEDDABADBEDCDDEEDAEDBEAB;AEEDCEEADADCEBBACDCADBACBAECADCAEDAACCDBABAAA;ACBCABDDEACCEBDBADCBDCAAECEACCEABBEEADADCDECE;EBCABECACAADADBBDACACEACCAEDDEDEBDECAACDEDCCE;1;DDBDDEBBAAEDECBCEEDCAACDBBCEDBBAEXCCAEAACCAED;ACBCADCEDBAECEDADBADBEBCDADABCDEABCAEDEBBCECE;AACEADACDDCBEDADEEBDDBDBBCEECBDCBADDDCBDEDDCECBECE;CEBCEADBBCEADDDABBABBCCDCCECEDBACADECABEDADCB;4;0;0;0;0;0;0
3960159;2024;;;;;;;;;1500602;Altamira;15;PA;0;1;1;0;;1385;1398;;;449.8;396.6;;;BDCDABEAECDBBEADACBEBDABDCADEBCAEADABEDBBEDAD;EAEEBDEAEBAEACDCCDBBCDABABADCEADCEBBADADBACEA;;1;;CAEDBADBEBCCEDADBAEACBCADCEDEBBEBACECEABCDDAD;EAAACDDCDADDCBDEECEECBDCDADEEBCBEBADBCEBDBDDDDCECB;;1;100;180;100;120;0;500
2189019;2024;;;;;;;;;1500602;Altamira;15;PA;0;1;1;0;;1383;1395;;;376.6;489;;;EBBAAEEAEDCBAEBDABCDECBDCAEBDCCADBEBCDDCBECAA;.....DCBEDEDDBEEEDBCAABCDBDBDCECDADDDABDBBADB;;1;;CECEBEBCDBADDEBBABCDCAECEDADBAEABEADCEDADACBC;CAAAECDDDAECBECEDDCBDEDDCECBDCBCEADBBDBDDCBEDADEEB;;1;140;160;80;120;100;600
98493;2024;15178145;1508357;Vitória do Xingu;15;PA;2;2;1;1500602;Altamira;15;PA;1;1;1;1;1420;1383;1395;1408;487.3;519.2;527.9;478.4;BAEDABCEADEDBCBBDCDCCACEADBDADBBADBCEACCECD*C;BABACEBEABBEDAADDBCDCAECECABEADBCEDDABCABCBDE;CBCDBECEEAADDADDECDCABEADBEDDACBDCDDCDEEABCEC;CECBDBDADCBEBCDBDCBEADCCDADBACBBDBDCDADECDDBE;1;CAEDAACCAEEXCBBAEDBBCAACDEDCBCEECAAEDDDEBBDDB;CECEBEBCDBADDEBBABCDCAECEDADBAEABEADCEDADACBC;CAAAECDDDAECBECEDDCBDEDDCECBDCBCEADBBDBDDCBEDADEEB;CECEBEDADCAADECDBBCEBDCCCACABBABBADDDCEADBBCE;1;160;200;160;200;180;900
2947218;2024;15106250;1501725;Brasil Novo;15;PA;2;1;1;1500602;Altamira;15;PA;0;0;0;0;;;;;;;;;;;;;1;;;;;;;;;;;
759604;2024;;;;;;;;;1500602;Altamira;15;PA;1;1;1;1;1419;1385;1398;1407;389.8;570.2;521.6;420.3;EDEDCCDBBECEDDBBCCDCCCADDACCCABCDBADCECDCCCBB;CADABDDBCBACCEACEAEABCAADEEECBDBCAAECBABCADAD;DDAACBBABCAEACAAEACCAEEEBDBAABDBCBBDABDDDABCB;DBBEACBCEDDDCCBCBCBDBBBCDBCCBCDDCDBDDEDCDBDCC;0;BCEAACDEDCAAEDDDEBBDDBECCAEDBBAAACCAEEXCBBCED;CAEDBADBEBCCEDADBAEACBCADCEDEBBEBACECEABCDDAD;EAAACDDCDADDCBDEECEECBDCDADEEBCBEBADBCEBDBDDDDCECB;ABBABBADDDBBCECEADCEBCCCDBADCBEDAECADACDBCECE;1;120;160;120;120;160;680
3489122;2024;15105016;1508357;Vitória do Xingu;15;PA;2;1;1;1500602;Altamira;15;PA;1;1;1;1;1422;1384;1396;1410;401.8;421.2;451.9;458.2;BEDECCBEADDEBEDACDABBCADCEAEEAABBABACCBECEDAB;AABACEDDABEAEEEBBCBBBAAEAEBBAEABDAAEABAEBDBCA;ACAEEADCACBB*ACEBDAEAEAABBBCEDDAEBADEDEBABDDA;DEDCBCEDBBBAACADEDADBDCCCDDCADABEAABDCACBBEEA;1;BBCEDBBAEXCCAEDDBCAEDAACAAEDDDEBBECBCEEDCAACD;DADABCDCECEDEBBBEBCDBADACBCADCEBEADBAECAECEDA;AACEADDDACDADECBBDBEEBDDECCBEDDCADBBDEBCEBDCECEDDC;DBCECEACADABBECBEDADCCDCCABBBCECEBCEADABBADDD;1;100;80;60;80;0;320
2345306;2024;;;;;;;;;1500602;Altamira;15;PA;0;1;1;0;;1384;1396;;;541;583.5;;;DEDABEBCECADEEBBEACDBCBACCCAECABBADEECAEDDEEA;ADCEACADECBCEAEEBBDAACBEDDCAEDBDEBDEBEBEDDDBC;;0;;DADABCDCECEDEBBBEBCDBADACBCADCEBEADBAECAECEDA;AACEADDDACDADECBBDBEEBDDECCBEDDCADBBDEBCEBDCECEDDC;;1;120;120;120;100;120;580
4011208;2024;;;;;;;;;1500602;Altamira;15;PA;0;0;0;0;;;;;;;;;;;;;1;;;;;;;;;;;
2396593;2024;15106250;1501725;Brasil Novo;15;PA;2;1;1;1500602;Altamira;15;PA;1;1;1;1;1421;1386;1397;1409;424.8;492.2;499.3;433.3;DCDEADBACCBEEDDCBEDCADBDDADBCBBBDDBBACCEADADA;ACEBAADDABAECDBADBBECDBABDBBABADADCDDCEBCDEDA;BAECABBEBADBEBDDDDEEDAEBBEDDBEBADACECAEDCBEAB;CBBAADAAAEBBAEBCDCDABEDAECCBCEAEDCAABADAEDACC;0;DDBDDEBBAAEDECBCEEDCAACDBBCEDBBAEXCCAEAACCAED;ACBCADCEDBAECEDADBADBEBCDADABCDEABCAEDEBBCECE;AACEADACDDCBEDADEEBDDBDBBCEECBDCBADDDCBDEDDCECBECE;CEBCEADBBCEADDDABBABBCCDCCECEDBACADECABEDADCB;1;80;100;80;60;20;340
3910202;2024;;;;;;;;;1500602;Altamira;15;PA;1;1;1;1;1419;1385;1398;1407;418.2;505.4;496.5;417.1;ADBADDBDADDABAEBECAAEACDBCECEACAEBEAABBDBDBDA;BACBDDDECACCEDADEEEAABBADDECECEACAECDDAABEAAE;AAABEBBADBEEAECBBBEEEEAEACCAAEABCABDADADDEBCD;BCCDCEEDCBDCBADCBDCABDBAEBCDBEABCDEBCDBCDBCDE;0;BCEAACDEDCAAEDDDEBBDDBECCAEDBBAAACCAEEXCBBCED;CAEDBADBEBCCEDADBAEACBCADCEDEBBEBACECEABCDDAD;EAAACDDCDADDCBDEECEECBDCDADEEBCBEBADBCEBDBDDDDCECB;ABBABBADDDBBCECEADCEBCCCDBADCBEDAECADACDBCECE;1;100;120;120;120;0;460
1433745;2024;15107035;1504455;Medicilândia;15;PA;2;1;1;1500602;Altamira;15;PA;0;0;0;0;;;;;;;;;;;;;1;;;;;;;;;;;
1608377;2024;;;;;;;;;1500602;Altamira;15;PA;0;0;0;0;;;;;;;;;;;;;0;;;;;;;;;;;
4049570;2024;;;;;;;;;1500602;Altamira;15;PA;1;1;1;1;1420;1383;1395;1408;519.7;538.6;534.2;439.3;BACCCBABAEACBDBBDCDCBEECACDABCAECBEBEEEEBAEDB;CECBABCCCCCDDEEDCBCCCABCECABEECCAEABAEBCDBCDA;CEDCBBCBECADDABEEADCABAAEBCECCABDBBDABADADCAC;CBCABCEBBBEBBDACBDCABCBCADDBBACBBDCEBBADCCCBB;1;CAEDAACCAEEXCBBAEDBBCAACDEDCBCEECAAEDDDEBBDDB;CECEBEBCDBADDEBBABCDCAECEDADBAEABEADCEDADACBC;CAAAECDDDAECBECEDDCBDEDDCECBDCBCEADBBDBDDCBEDADEEB;CECEBEDADCAADECDBBCEBDCCCACABBABBADDDCEADBBCE;1;120;140;120;120;140;640
2133726;2024;;;;;;;;;1500602;Altamira;15;PA;1;1;1;1;1420;1383;1395;1408;473.9;476.4;502.1;394;EDEBAAAEACACBEABCDDDBADBBDAAACADCCBBADAEDBDBC;AECBBCAEACADDBECBBAADBBCCBAAAACABBAACCBABDCBA;CBDCCECBEDADDBDDCCBAAABDBBDBBEDADADABAABAEDEB;EDCDACDAEAADAADBABADCADADDDACBBDECEEBAECEAEAB;1;CAEDAACCAEEXCBBAEDBBCAACDEDCBCEECAAEDDDEBBDDB;CECEBEBCDBADDEBBABCDCAECEDADBAEABEADCEDADACBC;CAAAECDDDAECBECEDDCBDEDDCECBDCBCEADBBDBDDCBEDADEEB;CECEBEDADCAADECDBBCEBDCCCACABBABBADDDCEADBBCE;1;120;140;120;100;20;500
820008;2024;15106250;1501725;Brasil Novo;15;PA;2;1;1;1500602;Altamira;15;PA;1;1;1;1;1422;1384;1396;1410;377.3;535;525.8;375.7;DCDABBACDBDEDCDAAEBDAEDCCCADBEEDEACDDBDCCDADC;DEDDECEDECABEEBBCBCEBB*BBECADEDCEADEECDBBCEDB;ECDDCDDDECBCDACECACAAEADDDCDECDDEBCCEEEEDEADC;BCDDBCEDBEBEACCBCEDAAEBBBDACABBABAABECBCECBAD;1;BBCEDBBAEXCCAEDDBCAEDAACAAEDDDEBBECBCEEDCAACD;DADABCDCECEDEBBBEBCDBADACBCADCEBEADBAECAECEDA;AACEADDDACDADECBBDBEEBDDECCBEDDCADBBDEBCEBDCECEDDC;DBCECEACADABBECBEDADCCDCCABBBCECEBCEADABBADDD;1;80;200;160;160;160;760
23458;2024;15106250;1501725;Brasil Novo;15;PA;2;1;1;1500602;Altamira;15;PA;1;1;1;1;1422;1384;1396;1410;449.8;416.3;301.6;526;BDBEBADCBDBEACEADDAABBBBDBBDDADBBEBBDCDDBCCEC;CABBCEBCACCBCBDCCACCAAABCBBCCCAADACBBBCCBCACA;ABAABCCBAAAABABAAAABADEBAABBABCDEADBACBDCDABB;DAECBCCACEDBAECDBAABBCACDBACCDCCDDADDAABBCADB;1;BBCEDBBAEXCCAEDDBCAEDAACAAEDDDEBBECBCEEDCAACD;DADABCDCECEDEBBBEBCDBADACBCADCEBEADBAECAECEDA;AACEADDDACDADECBBDBEEBDDECCBEDDCADBBDEBCEBDCECEDDC;DBCECEACADABBECBEDADCCDCCABBBCECEBCEADABBADDD;1;120;120;140;120;80;580
1513488;2024;;;;;;;;;1500602;Altamira;15;PA;1;1;1;1;1421;1386;1397;1409;654.3;643.1;606.5;786.4;DBCDDEBBACCDECBAEDDBCECDADDADCCCEBCCADAACCAEB;CCCAADCEDDAECEEAABBDBEBCDADABCDEABCAEEEDDCACE;AACCACBDDADEEBDDBDBBDBBEBDCACBDECBDEDDCECBECD;CBBDEADABCECCDDABBBBDCCDCCECEDBACBACDACEDDACB;0;DDBDDEBBAAEDECBCEEDCAACDBBCEDBBAEXCCAEAACCAED;ACBCADCEDBAECEDADBADBEBCDADABCDEABCAEDEBBCECE;AACEADACDDCBEDADEEBDDBDBBCEECBDCBADDDCBDEDDCECBECE;CEBCEADBBCEADDDABBABBCCDCCECEDBACADECABEDADCB;1;160;200;200;200;200;960
2007651;2024;;;;;;;;;1500602;Altamira;15;PA;0;0;0;0;;;;;;;;;;;;;0;;;;;;;;;;;
3920262;2024;;;;;;;;;1500602;Altamira;15;PA;1;1;1;1;1420;1383;1395;1408;381.3;457.3;473.1;387.6;EDAABCDEECADE*DCDEACBDBCDABEEAECAABDEADEBAEAC;DEDDCEAECDACCAEBBCADAABCEAAEEAAEBDAADDAEBEDBC;DECBBEDCEDDDDDABBEAEBBABABEBBBABDADADDAEADBEB;CACBEDBACEBCABAACEBDAABCEBDCDABBEDCABCAECCAED;1;CAEDAACCAEEXCBBAEDBBCAACDEDCBCEECAAEDDDEBBDDB;CECEBEBCDBADDEBBABCDCAECEDADBAEABEADCEDADACBC;CAAAECDDDAECBECEDDCBDEDDCECBDCBCEADBBDBDDCBEDADEEB;CECEBEDADCAADECDBBCEBDCCCACABBABBADDDCEADBBCE;1;80;120;60;120;120;500
1712250;2024;;;;;;;;;1500602;Altamira;15;PA;1;1;1;1;1421;1386;1397;1409;562.6;572.3;565.7;706;DCBCDEBBECEDAEBCBDBCBECCEDEDDCDCEBBECEAABECEB;ACBCACEEDAEDCEDAABBDDEACDADBBCBEACDBBDDBACACB;AABBECBACACEEADDBDDBDAEABAECABDDABEEDDCECBECD;DEBECADCBABBCEDABABBBCCCCCEBDABADEDCAAAEEDDCC;1;DDBDDEBBAAEDECBCEEDCAACDBBCEDBBAEXCCAEAACCAED;ACBCADCEDBAECEDADBADBEBCDADABCDEABCAEDEBBCECE;AACEADACDDCBEDADEEBDDBDBBCEECBDCBADDDCBDEDDCECBECE;CEBCEADBBCEADDDABBABBCCDCCECEDBACADECABEDADCB;1;120;140;120;140;180;700
2033359;2024;;;;;;;;;1500602;Altamira;15;PA;0;0;0;0;;;;;;;;;;;;;1;;;;;;;;;;;
2670689;2024;;;;;;;;;1500602;Altamira;15;PA;0;1;1;0;;1383;1395;;;403.8;443.5;;;DADEEBCEEADCEEECDCADEADEABDCCDDAC*ACDCDCEACDB;CBAEEECBECDDACBECBDACDACDECDBCEDACDEBCCADEADE;;0;;CECEBEBCDBADDEBBABCDCAECEDADBAEABEADCEDADACBC;CAAAECDDDAECBECEDDCBDEDDCECBDCBCEADBBDBDDCBEDADEEB;;1;160;180;160;180;160;840
163247;2024;;;;;;;;;1500602;Altamira;15;PA;1;1;1;1;1420;1383;1395;1408;401;545.4;529.3;397;EBADD.EECCDBDADADCDDAEEBCEDCEBDACDBEABEDBCAEC;CAAABDBDEBAADCACABBEBAECEDADEADACBADEBDADABBE;CBABDACCEDEDDABDEEBCAACCEDBEAABADADDCCECAAEEA;EDABDEACECBDEABBDCBEADAECAEAECEEEBCAAABDEDEBC;0;CAEDAACCAEEXCBBAEDBBCAACDEDCBCEECAAEDDDEBBDDB;CECEBEBCDBADDEBBABCDCAECEDADBAEABEADCEDADACBC;CAAAECDDDAECBECEDDCBDEDDCECBDCBCEADBBDBDDCBEDADEEB;CECEBEDADCAADECDBBCEBDCCCACABBABBADDDCEADBBCE;1;120;160;60;100;120;560
3280486;2024;15583058;1500602;Altamira;15;PA;2;1;1;1500602;Altamira;15;PA;1;1;1;1;1422;1384;1396;1410;492.6;506.1;492.2;441.7;CADDDEACEBEEEECDAEBEEAEDDCCCBADEDECEEBBDBDD*B;BDDEEDDAEABADDABDDDDCDADBDDADAECEADEACCABCCAA;BBEBCDADBDBBDACAABCCDABBEDBDEBADEDCEDEDECEDDB;CADDDEDDECCADCDEACEACDECEADCEEACEDBBBBEBCDEAE;1;BBCEDBBAEXCCAEDDBCAEDAACAAEDDDEBBECBCEEDCAACD;DADABCDCECEDEBBBEBCDBADACBCADCEBEADBAECAECEDA;AACEADDDACDADECBBDBEEBDDECCBEDDCADBBDEBCEBDCECEDDC;DBCECEACADABBECBEDADCCDCCABBBCECEBCEADABBADDD;1;100;120;100;100;140;560
2207618;2024;15104907;1500602;Altamira;15;PA;2;1;1;1500602;Altamira;15;PA;1;1;1;1;1422;1384;1396;1410;513.7;489.7;544.2;400;CBCEDBAEDBDCEBDADBEDBCADDEABDBCDBBCBEDBEDADCB;ACDBEADEEBCDDACECADACBDBBDCAEECEDACDACBBECEAA;AACEACADECBDDBEDBDAACDBBCDAEBCACEBCCBDDEEACDC;DADBDCBEBADCDEBDBDBCCDABBDEBCBADCDADEBEDBCABD;0;BBCEDBBAEXCCAEDDBCAEDAACAAEDDDEBBECBCEEDCAACD;DADABCDCECEDEBBBEBCDBADACBCADCEBEADBAECAECEDA;AACEADDDACDADECBBDBEEBDDECCBEDDCADBBDEBCEBDCECEDDC;DBCECEACADABBECBEDADCCDCCABBBCECEBCEADABBADDD;1;120;140;100;120;140;620
191639;2024;;;;;;;;;1500602;Altamira;15;PA;0;0;0;0;;;;;;;;;;;;;1;;;;;;;;;;;
4298550;2024;;;;;;;;;1500602;Altamira;15;PA;1;1;1;1;1419;1385;1398;1407;435.1;392.4;465.5;463.3;EDBABCCECCDBEEDDEECEEABDDACBDABACDBECAACDDCBC;CEDEBACDDBBCDBCEDECDCDCDCDBDCCBDCADCDCBCBCBCB;ECEACDABBCEEDDDCBDECAAAECBBDCADCCADDCBBCBBBCC;DACDDBEBEACBCDDCBDAECCCBCBBCCDEBCDDCCEDCACBED;1;BCEAACDEDCAAEDDDEBBDDBECCAEDBBAAACCAEEXCBBCED;CAEDBADBEBCCEDADBAEACBCADCEDEBBEBACECEABCDDAD;EAAACDDCDADDCBDEECEECBDCDADEEBCBEBADBCEBDBDDDDCECB;ABBABBADDDBBCECEADCEBCCCDBADCBEDAECADACDBCECE;1;100;140;140;100;40;520
2079652;2024;;;;;;;;;1500602;Altamira;15;PA;1;1;1;1;1420;1383;1395;1408;424;392.8;475.2;440.7;BAABEDCEDEDDDCBEBEECAADDBDDBDDCAEACBEAEBEDDCA;BECDDDCCABDDDBEAECDAAEBADADCECAAADEBBCACBBCAA;DAADBECBECACDACEBCBAEADCEBDACBBBDDDADDDEAACBD;BACCACEEBBABDCEEBCAECEDABDDBBBDBBADDAABBCBAAB;0;CAEDAACCAEEXCBBAEDBBCAACDEDCBCEECAAEDDDEBBDDB;CECEBEBCDBADDEBBABCDCAECEDADBAEABEADCEDADACBC;CAAAECDDDAECBECEDDCBDEDDCECBDCBCEADBBDBDDCBEDADEEB;CECEBEDADCAADECDBBCEBDCCCACABBABBADDDCEADBBCE;1;120;120;120;120;120;600
2765354;2024;;;;;;;;;1500602;Altamira;15;PA;0;0;0;0;;;;;;;;;;;;;0;;;;;;;;;;;
11823;2024;;;;;;;;;1500602;Altamira;15;PA;1;1;1;1;1419;1385;1398;1407;399.3;503.7;411.5;391.5;EDDABDCBADDBECEBCDADCCEBDBABAAABCADABBDBDEAEB;BAEDBDABECBCDDAAEAABCDAAAEABEDBEEABAAABEBBABD;EEAAACBAAEEDDBAAECEADADEBEBACBAEABADADABDEB*A;BCBDEBBCECCDECDBDBAEDADEDBEBCBBBECCECBCBDBBBE;0;BCEAACDEDCAAEDDDEBBDDBECCAEDBBAAACCAEEXCBBCED;CAEDBADBEBCCEDADBAEACBCADCEDEBBEBACECEABCDDAD;EAAACDDCDADDCBDEECEECBDCDADEEBCBEBADBCEBDBDDDDCECB;ABBABBADDDBBCECEADCEBCCCDBADCBEDAECADACDBCECE;1;80;100;80;60;80;400
3611081;2024;15178145;1508357;Vitória do Xingu;15;PA;2;2;1;1500602;Altamira;15;PA;0;0;0;0;;;;;;;;;;;;;1;;;;;;;;;;;
261327;2024;15575497;1500859;Anapu;15;PA;2;1;1;1500602;Altamira;15;PA;1;1;1;1;1419;1385;1398;1407;454.9;351.8;439.5;378.2;BCADAECBEDACBCEBEBAACACDBACDBEBACBDDAADECEABD;CDACEEAAADCEDEABECADBAEDEDCECBAACE*AEBCADEABD;BACDEECDAAABCBCCECBBAEBBBCEAEACACCDDEADDEBACC;CAADCBBBEAADEBBCEADADADECCECABAEEEAABCEBEDDBD;1;BCEAACDEDCAAEDDDEBBDDBECCAEDBBAAACCAEEXCBBCED;CAEDBADBEBCCEDADBAEACBCADCEDEBBEBACECEABCDDAD;EAAACDDCDADDCBDEECEECBDCDADEEBCBEBADBCEBDBDDDDCECB;ABBABBADDDBBCECEADCEBCCCDBADCBEDAECADACDBCECE;1;120;120;120;120;100;580
3128807;2024;15104907;1500602;Altamira;15;PA;2;1;1;1500602;Altamira;15;PA;1;1;1;1;1422;1384;1396;1410;518;433;559.6;596.9;DCDBCDDACACBCEDEEBDEBDDDACDBCDBBADDBDBDDDDCCD;EACCBCCBEDBBBBBCCEDBABEECCCCCEACEDDDDDECCCEBA;DBDACBADECBBDCEEBDDABBBEDDABABEEEBDECCEECDCCD;DBDCCCABDBDBDBDDDBCECCDDDABDBDDCDAADBDBBDADDB;1;BBCEDBBAEXCCAEDDBCAEDAACAAEDDDEBBECBCEEDCAACD;DADABCDCECEDEBBBEBCDBADACBCADCEBEADBAECAECEDA;AACEADDDACDADECBBDBEEBDDECCBEDDCADBBDEBCEBDCECEDDC;DBCECEACADABBECBEDADCCDCCABBBCECEBCEADABBADDD;1;120;120;120;120;140;620
1504014;2024;15200205;1500602;Altamira;15;PA;1;1;1;1500602;Altamira;15;PA;1;1;1;1;1421;1386;1397;1409;436.5;520.6;588.4;541.3;DEAAEAAACADEEAECACCCBDCBCBDEBCABADDEADBBCEAAA;BCACADEECBBACDEADDADBEACBADEAACEABDBBBAEAACCA;DDEDDBAEBADEEBDBDDABCCBABCEDDDCDCADEDDCECBECE;CBADADBCDDDBCAAAAABBBCBCEDEBBCDEDAEEBACDDAAAB;1;DDBDDEBBAAEDECBCEEDCAACDBBCEDBBAEXCCAEAACCAED;ACBCADCEDBAECEDADBADBEBCDADABCDEABCAEDEBBCECE;AACEADACDDCBEDADEEBDDBDBBCEECBDCBADDDCBDEDDCECBECE;CEBCEADBBCEADDDABBABBCCDCCECEDBACADECABEDADCB;1;160;200;160;160;140;820
2019781;2024;;;;;;;;;1500602;Altamira;15;PA;0;1;1;0;;1383;1395;;;543.1;517.4;;;ADCDCECDDEDDBEADABCDCBEEEDADEAAAAEADACBEBEDBA;EAAABBCDECCDDCEBEDBDDBEBEBCEECEBDBDBCBDCBBEDA;;0;;CECEBEBCDBADDEBBABCDCAECEDADBAEABEADCEDADACBC;CAAAECDDDAECBECEDDCBDEDDCECBDCBCEADBBDBDDCBEDADEEB;;1;120;180;120;140;200;760
2269250;2024;;;;;;;;;1500602;Altamira;15;PA;1;1;1;1;1419;1385;1398;1407;417.2;395.5;416.1;401.9;DABABDEBABDCEBDDECDADBBCACDBEACBADEACDBCBADBA;BCADABDCCEBACDAACDBDBDBDBDADEABACEDAEBDACBDEB;ADEADBABCDCADBDBAEDBBACBACDBDBDBCDDDEADBCDBCA;ECBBAACDBBDCACCACBCAEDBCACBCACCACABDEBDBCDBEA;0;BCEAACDEDCAAEDDDEBBDDBECCAEDBBAAACCAEEXCBBCED;CAEDBADBEBCCEDADBAEACBCADCEDEBBEBACECEABCDDAD;EAAACDDCDADDCBDEECEECBDCDADEEBCBEBADBCEBDBDDDDCECB;ABBABBADDDBBCECEADCEBCCCDBADCBEDAECADACDBCECE;1;120;120;100;80;100;520
340364;2024;15104907;1500602;Altamira;15;PA;2;1;1;1500602;Altamira;15;PA;1;1;1;1;1422;1384;1396;1410;474.4;482.6;502.8;546.1;BCAAEBABDBBBAEDABEDEBBDBBBCEEDBDEDDCCBEABDCCE;AADABDDACADBEDDECCCBCCDABBCDDBABECBADDEAEDCBA;AAEBDDDEECBEDADEBAAABDBADDACEBBEEEBEBCADECCDE;EACECCEDBCAABDBDCECBBEEECACBBECEBADCCDACADBDB;0;BBCEDBBAEXCCAEDDBCAEDAACAAEDDDEBBECBCEEDCAACD;DADABCDCECEDEBBBEBCDBADACBCADCEBEADBAECAECEDA;AACEADDDACDADECBBDBEEBDDECCBEDDCADBBDEBCEBDCECEDDC;DBCECEACADABBECBEDADCCDCCABBBCECEBCEADABBADDD;1;100;180;120;120;80;600
1235326;2024;;;;;;;;;1500602;Altamira;15;PA;0;1;1;0;;1386;1397;;;393.9;510.2;;;BECCABDBCCAEDBAECDBABCEBACECBADDBBECADBACEACC;DACDDDBADBDCECDDBDBBCEEACDEBBADBBDBAADAECAEDD;;1;;ACBCADCEDBAECEDADBADBEBCDADABCDEABCAEDEBBCECE;AACEADACDDCBEDADEEBDDBDBBCEECBDCBADDDCBDEDDCECBECE;;1;120;120;40;120;60;460
1074561;2024;15104907;1500602;Altamira;15;PA;2;1;1;1500602;Altamira;15;PA;1;1;1;1;1422;1384;1396;1410;470.4;539;549.2;451.2;DCBAEBBBECDCAEBDECCABAECBCADDBBDACEEDBCBCEADB;CCDAACDDBABDEDEBCBEEBCDDCCCAEACECACEADCDBCEDA;CDDACDADECBBDDEEBBDCBDDECDAABAAEEBCDBCEEDDBDC;BBCDCBEDADCCBACBADCCDABDEDBCCECCDADCBBDAEBCED;1;BBCEDBBAEXCCAEDDBCAEDAACAAEDDDEBBECBCEEDCAACD;DADABCDCECEDEBBBEBCDBADACBCADCEBEADBAECAECEDA;AACEADDDACDADECBBDBEEBDDECCBEDDCADBBDEBCEBDCECEDDC;DBCECEACADABBECBEDADCCDCCABBBCECEBCEADABBADDD;1;120;180;120;140;160;720
853980;2024;;;;;;;;;1500602;Altamira;15;PA;1;1;1;1;1422;1384;1396;1410;427.3;398.7;449.6;390.1;ECDDECACADBEACDBABCBEAADBDAEBDDDECBDCABDEECCB;DABBBECEAEBCDEEDBCAABAACBDDDCBECBABEAACDBCBCE;BDDDEEACCCBDDCAECDABADAEDDBCBAEBCEABDCEEDAECD;CCCDBCBDBCDEACBCBDBBBABDEAECACDADAADEBDDECDBC;0;BBCEDBBAEXCCAEDDBCAEDAACAAEDDDEBBECBCEEDCAACD;DADABCDCECEDEBBBEBCDBADACBCADCEBEADBAECAECEDA;AACEADDDACDADECBBDBEEBDDECCBEDDCADBBDEBCEBDCECEDDC;DBCECEACADABBECBEDADCCDCCABBBCECEBCEADABBADDD;3;0;0;0;0;0;0
1226339;2024;15104907;1500602;Altamira;15;PA;2;1;1;1500602;Altamira;15;PA;0;1;1;0;;1384;1396;;;391.8;437.9;;;BABBCBBCDDACDAEABADBBCACAACABBCCAABACBEBCCCDC;EAEDABADACAEDDCCADDCAECADDAECDABCECBDECADAABB;;0;;DADABCDCECEDEBBBEBCDBADACBCADCEBEADBAECAECEDA;AACEADDDACDADECBBDBEEBDDECCBEDDCADBBDEBCEBDCECEDDC;;4;0;0;0;0;0;0
1306536;2024;15104893;1500602;Altamira;15;PA;2;1;1;1500602;Altamira;15;PA;0;1;1;0;;1386;1397;;;452.5;471.4;;;EDECBDCAAEDACBEADDACBBCEACEACAEBEDABEDEEBAACE;DDBDAAABCAEDDADEADABDEDBCCEABCBDEBDEADDBCEACD;;1;;ACBCADCEDBAECEDADBADBEBCDADABCDEABCAEDEBBCECE;AACEADACDDCBEDADEEBDDBDBBCEECBDCBADDDCBDEDDCECBECE;;1;120;120;80;100;20;440
651972;2024;15109194;1507805;Senador José Porfírio;15;PA;2;1;1;1500602;Altamira;15;PA;1;1;1;1;1422;1384;1396;1410;449.4;352.4;409.7;375.8;CDCDECCAADDDBEDBADDCDCADBBBBEDDCEDBCACEEEDCCD;ABEDDBCACEDDBCCAEDBBCCBDCDBBDECEBBCDBCCCCDECA;BCDECCCBACDEABDDBBABDDDCAADABEDDEEAAAAEEDCCAD;CEEBDCBBDCBBACCDBBBCABCBEDECDEBBCBBACCBCEBBBB;1;BBCEDBBAEXCCAEDDBCAEDAACAAEDDDEBBECBCEEDCAACD;DADABCDCECEDEBBBEBCDBADACBCADCEBEADBAECAECEDA;AACEADDDACDADECBBDBEEBDDECCBEDDCADBBDEBCEBDCECEDDC;DBCECEACADABBECBEDADCCDCCABBBCECEBCEADABBADDD;1;120;100;120;100;0;440
1578214;2024;15583058;1500602;Altamira;15;PA;2;1;1;1500602;Altamira;15;PA;1;1;1;1;1421;1386;1397;1409;377.1;395.8;527.1;406.4;DAAADDBBBCABAEECCDECBEACBCDCBBEBACBBDABEDACBC;ABECACDCBEECACBDACCEDCADBCBACBCBADCCCEABBCACE;BACCBBBDCADEEBDACDABDBACDCEEBACADCDECDAECCECD;BBEDCBABBABECBDCEACACABDBDBC.ECADCABDEDCBDCBC;0;DDBDDEBBAAEDECBCEEDCAACDBBCEDBBAEXCCAEAACCAED;ACBCADCEDBAECEDADBADBEBCDADABCDEABCAEDEBBCECE;AACEADACDDCBEDADEEBDDBDBBCEECBDCBADDDCBDEDDCECBECE;CEBCEADBBCEADDDABBABBCCDCCECEDBACADECABEDADCB;1;120;120;80;120;120;560
1505264;2024;;;;;;;;;1500602;Altamira;15;PA;1;1;1;1;1422;1384;1396;1410;533.3;452.2;445.8;558;CECADBDABEEADDDABDECCDBCEAAADEEDEACBBBDDCAEAC;ADDEBBDEEEBABAEAADECABAADCCDDE*ADAEBAABEBBAAA;ADABBBADBCBBDECAAEADBCDACDAAEAAEBDDDAEBCDBAAA;EDEECBDEDDABABCBAECDEEBDDABDDCACDAEEBBABEDCDB;0;BBCEDBBAEXCCAEDDBCAEDAACAAEDDDEBBECBCEEDCAACD;DADABCDCECEDEBBBEBCDBADACBCADCEBEADBAECAECEDA;AACEADDDACDADECBBDBEEBDDECCBEDDCADBBDEBCEBDCECEDDC;DBCECEACADABBECBEDADCCDCCABBBCECEBCEADABBADDD;1;100;180;120;140;120;660
864226;2024;15105016;1508357;Vitória do Xingu;15;PA;2;1;1;1500602;Altamira;15;PA;1;1;1;1;1420;1383;1395;1408;412.1;452;406.5;484.1;DBADAECAEDEBBAECEBBCECBADCECDEACDABCBBCCBDABA;AEDBAEACBDADDADAEEAADCBCEAABDEDAAECCBABAEABCD;ABEBEEDBEADCEBDBBECBACDCECBCCDABBADAEDABDCBEB;ADBBCBDABAADBBABBCCADAEADDCAABCECBB*CDEDBEBDA;0;CAEDAACCAEEXCBBAEDBBCAACDEDCBCEECAAEDDDEBBDDB;CECEBEBCDBADDEBBABCDCAECEDADBAEABEADCEDADACBC;CAAAECDDDAECBECEDDCBDEDDCECBDCBCEADBBDBDDCBEDADEEB;CECEBEDADCAADECDBBCEBDCCCACABBABBADDDCEADBBCE;1;120;80;60;120;60;440
84347;2024;;;;;;;;;1500602;Altamira;15;PA;1;1;1;1;1420;1383;1395;1408;396.6;377.7;350.5;474.2;EAADA*DEEECCBAABEABCAADAAAEACEAAECDCECAEAAACE;AEACCCAACECDDCCCCAEEDDCCCCEDEEEEEBDCDECCEBBBD;BDAABEEAEEEAEBEACADBEBEECCAEEBDDC*DAEDCEECAED;BEBECDEEACACBEECCDEBBAECDEDEABCEBEEDEEDEACCEE;1;CAEDAACCAEEXCBBAEDBBCAACDEDCBCEECAAEDDDEBBDDB;CECEBEBCDBADDEBBABCDCAECEDADBAEABEADCEDADACBC;CAAAECDDDAECBECEDDCBDEDDCECBDCBCEADBBDBDDCBEDADEEB;CECEBEDADCAADECDBBCEBDCCCACABBABBADDDCEADBBCE;1;100;140;120;120;80;560
2426721;2024;15583058;1500602;Altamira;15;PA;2;1;1;1500602;Altamira;15;PA;1;1;1;1;1419;1385;1398;1407;519.1;573.5;548.8;504.8;DDBACACBDECBBCDDEEEDBBEAEAEBCABEECBAEBCADCCED;CABAEBDBEAECEEABBAADADCADEEDEBDEEABECABECDAEB;BBCDACBCBDEECDDABCEBECEEDACEDBBDDABDDCDDDCECB;BABAAEBCDACCBDCAECADBDBDDCCBDAEDBDACBBEEECEBA;1;BCEAACDEDCAAEDDDEBBDDBECCAEDBBAAACCAEEXCBBCED;CAEDBADBEBCCEDADBAEACBCADCEDEBBEBACECEABCDDAD;EAAACDDCDADDCBDEECEECBDCDADEEBCBEBADBCEBDBDDDDCECB;ABBABBADDDBBCECEADCEBCCCDBADCBEDAECADACDBCECE;1;140;160;120;160;160;740
2103031;2024;;;;;;;;;1500602;Altamira;15;PA;1;1;1;1;1421;1386;1397;1409;408.2;471;455;471.1;DCCEDADBECAEEEABBDEAAEEBBAACDAABCCDAECCEDCCDA;AAEAADAEBEEDCADABCCDACCEEBCEBABCEDACDCBEBEECD;EBCBDEEEDAECECEADDBABEDDEADEDCEDAAEDCDCEDBEAB;ACDCDDBDDBCDEDBABCBABCDAEDCDEDBCDEDCDCCDCDBAE;1;DDBDDEBBAAEDECBCEEDCAACDBBCEDBBAEXCCAEAACCAED;ACBCADCEDBAECEDADBADBEBCDADABCDEABCAEDEBBCECE;AACEADACDDCBEDADEEBDDBDBBCEECBDCBADDDCBDEDDCECBECE;CEBCEADBBCEADDDABBABBCCDCCECEDBACADECABEDADCB;1;100;120;60;60;40;380
52253;2024;;;;;;;;;1500602;Altamira;15;PA;1;1;1;1;1422;1384;1396;1410;420.8;522;527.4;534.7;EDDDBDDAEBCBAEDAAECAACDBCCDEABEBACDABDDEDADBB;DADAEBEBECABEBDABAECECBADEAADAEEEAAEAEDADCCCA;DDDADBADECCCDBCEBDBAADAECDAABBADEBDECAEEEEEAB;CDEBCDBBCDBCDABBCBDECEBAEBDCBDBCBDECABADACEAC;1;BBCEDBBAEXCCAEDDBCAEDAACAAEDDDEBBECBCEEDCAACD;DADABCDCECEDEBBBEBCDBADACBCADCEBEADBAECAECEDA;AACEADDDACDADECBBDBEEBDDECCBEDDCADBBDEBCEBDCECEDDC;DBCECEACADABBECBEDADCCDCCABBBCECEBCEADABBADDD;1;120;120;80;100;80;500
2812319;2024;15105016;1508357;Vitória do Xingu;15;PA;2;1;1;1500602;Altamira;15;PA;1;1;1;1;1420;1383;1395;1408;552;561.7;561.9;549.7;ECADAADAADECCABCCEDDDDBEAEBCBCBEAACCDADCECDDC;CECEACAEDBDDEECDDBCDBBACEBACEAEAECAEEEEADACED;BBBDCECBECEDDABAECDCEBEACBDEEBCBDBDCEAADADEEB;DDCCCCDCECABDDADABEBEECCCEBEADBBEBDDBDBBDCBDA;1;CAEDAACCAEEXCBBAEDBBCAACDEDCBCEECAAEDDDEBBDDB;CECEBEBCDBADDEBBABCDCAECEDADBAEABEADCEDADACBC;CAAAECDDDAECBECEDDCBDEDDCECBDCBCEADBBDBDDCBEDADEEB;CECEBEDADCAADECDBBCEBDCCCACABBABBADDDCEADBBCE;1;100;140;120;120;120;600
3250964;2024;;;;;;;;;1500602;Altamira;15;PA;0;0;0;0;;;;;;;;;;;;;1;;;;;;;;;;;
3655256;2024;;;;;;;;;1500602;Altamira;15;PA;0;0;0;0;;;;;;;;;;;;;0;;;;;;;;;;;
4121561;2024;;;;;;;;;1500602;Altamira;15;PA;1;1;1;1;1419;1385;1398;1407;351.7;444.3;427.4;382.8;ACCEDDBEEAEDAEEEDCAAEEACDDABBAEECAEEDBADCCBAB;DADDBCEBEBCCCCABEEDBCAECACDACACBAABAABCDCECAC;DAEAACDCAEDEEEAAEACBAEDEBAECAEBCBCDBCDBCDBDBD;DCDCDCCCECEACBEBEDBEDDECDBBEBDCCEABABABAABDAB;0;BCEAACDEDCAAEDDDEBBDDBECCAEDBBAAACCAEEXCBBCED;CAEDBADBEBCCEDADBAEACBCADCEDEBBEBACECEABCDDAD;EAAACDDCDADDCBDEECEECBDCDADEEBCBEBADBCEBDBDDDDCECB;ABBABBADDDBBCECEADCEBCCCDBADCBEDAECADACDBCECE;1;100;120;120;120;100;560
1665211;2024;;;;;;;;;1500602;Altamira;15;PA;1;1;1;1;1421;1386;1397;1409;461.2;503.9;560.1;440.8;DACCEEBCAEBEECECBBEDADBCDADDCDCCEBABDEEABCADE;ACEAADABDEDACEDBACCCDEBDACDEBCCEADBBBACDEEDCA;DACCDBBEDADCEABEBDABDAACBCCDABCBABAEDDAECCECD;EACBDDCBCAADEEBDABEDACEABCEADCADBDAECADEBCEAD;1;DDBDDEBBAAEDECBCEEDCAACDBBCEDBBAEXCCAEAACCAED;ACBCADCEDBAECEDADBADBEBCDADABCDEABCAEDEBBCECE;AACEADACDDCBEDADEEBDDBDBBCEECBDCBADDDCBDEDDCECBECE;CEBCEADBBCEADDDABBABBCCDCCECEDBACADECABEDADCB;1;160;160;140;140;100;700
1258565;2024;15104907;1500602;Altamira;15;PA;2;1;1;1500602;Altamira;15;PA;1;1;1;1;1419;1385;1398;1407;501.4;401.2;393.8;476.6;BCEADECDACBEACDEABCDEDCBACBDDDBACECBECDBCBECA;CBADCBECDEACDEACECABDEBCAEACEDABCDEDABAABCECD;BBCADEADECBEACDAEBCBEACEACDDBEEBADDBDEBCDACEC;ABDBEABCEACBECBABCDBEACEBDADBEABDCBEDBDCABEBC;1;BCEAACDEDCAAEDDDEBBDDBECCAEDBBAAACCAEEXCBBCED;CAEDBADBEBCCEDADBAEACBCADCEDEBBEBACECEABCDDAD;EAAACDDCDADDCBDEECEECBDCDADEEBCBEBADBCEBDBDDDDCECB;ABBABBADDDBBCECEADCEBCCCDBADCBEDAECADACDBCECE;1;120;120;120;120;80;560
2387388;2024;15109194;1507805;Senador José Porfírio;15;PA;2;1;1;1500602;Altamira;15;PA;1;1;1;1;1422;1384;1396;1410;497;328.4;461.7;492.5;DCCDCEACCDAEBECEBDEEACAECDEBDABEDEEBCACCDACCC;AABBCDCDAADCEDDABDECDABBBABEACAADCBCCCBADBADC;ADDEAABDEDBEEECEAEEAAAECBDACBADCABCEDBCEECBDD;ACADDEADCECECDBEACDBBCECBCEADCECCCCBDBADECECE;1;BBCEDBBAEXCCAEDDBCAEDAACAAEDDDEBBECBCEEDCAACD;DADABCDCECEDEBBBEBCDBADACBCADCEBEADBAECAECEDA;AACEADDDACDADECBBDBEEBDDECCBEDDCADBBDEBCEBDCECEDDC;DBCECEACADABBECBEDADCCDCCABBBCECEBCEADABBADDD;1;80;160;80;80;60;460
1768769;2024;15105016;1508357;Vitória do Xingu;15;PA;2;1;1;1500602;Altamira;15;PA;1;1;1;1;1421;1386;1397;1409;471;497.9;499.9;449.2;DCADABABBBBEBBBCDAAEDEDABCEEBDEBEBEDAEDADEECB;ADEEAEAEBBAECBEACCDDCDADDABBCCCDACDABDACDCABC;DBDADDEADADAEADDEDABAEBACEECDBADBAAEDADACBEDA;ABABBDADBBBCCEBAECCCCEDBBDCDCDBBDBCABDDBEBEDC;1;DDBDDEBBAAEDECBCEEDCAACDBBCEDBBAEXCCAEAACCAED;ACBCADCEDBAECEDADBADBEBCDADABCDEABCAEDEBBCECE;AACEADACDDCBEDADEEBDDBDBBCEECBDCBADDDCBDEDDCECBECE;CEBCEADBBCEADDDABBABBCCDCCECEDBACADECABEDADCB;1;120;160;120;140;120;660
3627310;2024;;;;;;;;;1500602;Altamira;15;PA;0;0;0;0;;;;;;;;;;;;;1;;;;;;;;;;;
351044;2024;;;;;;;;;1500602;Altamira;15;PA;0;0;0;0;;;;;;;;;;;;;0;;;;;;;;;;;
1641349;2024;;;;;;;;;1500602;Altamira;15;PA;1;1;1;1;1422;1384;1396;1410;592.7;514.2;596.2;574.3;...B..B.E.DEA.DDBEDE.AACACEBDBBDAECBABE..DEED;DADBDAACCEEBECBABADCCECDAABADDCACACAEECAECEDA;AECDACADECBEDBEEBEADACBEDDEDDDBDEBCEBCCECACBC;BBCEBCEBBDEBBACDDBBCDBACCACABBBDDBBCECBBCEBAC;0;BBCEDBBAEXCCAEDDBCAEDAACAAEDDDEBBECBCEEDCAACD;DADABCDCECEDEBBBEBCDBADACBCADCEBEADBAECAECEDA;AACEADDDACDADECBBDBEEBDDECCBEDDCADBBDEBCEBDCECEDDC;DBCECEACADABBECBEDADCCDCCABBBCECEBCEADABBADDD;1;180;200;180;200;200;960
1828280;2024;;;;;;;;;1500602;Altamira;15;PA;0;0;0;0;;;;;;;;;;;;;0;;;;;;;;;;;
2132704;2024;;;;;;;;;1500602;Altamira;15;PA;1;1;1;1;1422;1384;1396;1410;399.5;362.7;437.4;499.8;CBEAACECCCBEDADEABADCAADBDBAADEEEBEACBCCCADDB;CEBDEAAACDBCAEBBCADACBDBBDEABCABCAEEBACDBECBD;AACBDCBEBCBEDACADEACBEACCDDBECBBDBECDAEACBBCE;CBDACEADADCDCEBADBCCACAECAEACDBADBAECBECAADBD;0;BBCEDBBAEXCCAEDDBCAEDAACAAEDDDEBBECBCEEDCAACD;DADABCDCECEDEBBBEBCDBADACBCADCEBEADBAECAECEDA;AACEADDDACDADECBBDBEEBDDECCBEDDCADBBDEBCEBDCECEDDC;DBCECEACADABBECBEDADCCDCCABBBCECEBCEADABBADDD;1;120;100;80;120;0;420
799606;2024;15176045;1500602;Altamira;15;PA;4;1;1;1500602;Altamira;15;PA;1;1;1;1;1419;1385;1398;1407;738.5;697.6;689.1;827.5;BCEAACDBDCAAEDDAEBBDDBECCDEDCBAAACCAEECAABCED;CAEABADBEBCCEDADBAEACBEADCEBEEBEAACEBEABCDDAD;DAAACDDCBDEECEECBDCDADEEBCBEBADDCEBDBBADDCECB;ABBABBDADDCBCEDEADCEBCCCDBADCCEDAEDCDACDBCECB;0;BCEAACDEDCAAEDDDEBBDDBECCAEDBBAAACCAEEXCBBCED;CAEDBADBEBCCEDADBAEACBCADCEDEBBEBACECEABCDDAD;EAAACDDCDADDCBDEECEECBDCDADEEBCBEBADBCEBDBDDDDCECB;ABBABBADDDBBCECEADCEBCCCDBADCBEDAECADACDBCECE;1;180;200;160;200;200;940
2431981;2024;;;;;;;;;1500602;Altamira;15;PA;1;1;1;1;1420;1383;1395;1408;432.5;428;387.6;403.7;ECEABEEEEEDDBDEAEBADDBDEBDCDEBAEBDCDECCEBAECA;BBBCCEDAAADDEEEACBDECCCCCAADBBAEACDCEEAACBDDC;ABABBAEEEEABADDCCCCCCDDDDABBCAADDBBCEEDDBAAAA;BBBBCCDBCCEBADEBBBBDABABEABCCBBBEEBDBDABCCDAB;0;CAEDAACCAEEXCBBAEDBBCAACDEDCBCEECAAEDDDEBBDDB;CECEBEBCDBADDEBBABCDCAECEDADBAEABEADCEDADACBC;CAAAECDDDAECBECEDDCBDEDDCECBDCBCEADBBDBDDCBEDADEEB;CECEBEDADCAADECDBBCEBDCCCACABBABBADDDCEADBBCE;1;120;120;120;120;80;560
1694660;2024;;;;;;;;;1500602;Altamira;15;PA;1;1;1;1;1421;1386;1397;1409;436.1;497.5;512.3;418.7;DCECEDDCBCBEDBDBDDDAAEEAACCDCBACADDEADDACADEC;ABDDACEEEEADCAEECBADACBEBADAECDBAED.BDAEDAAEB;EADCBABACAABDBDDBDABDECADCADBBCBCAEEDDAECDECA;ADABCECDDDBBCEEACCDDAABCBECBBEDADDECCECEBDBBB;1;DDBDDEBBAAEDECBCEEDCAACDBBCEDBBAEXCCAEAACCAED;ACBCADCEDBAECEDADBADBEBCDADABCDEABCAEDEBBCECE;AACEADACDDCBEDADEEBDDBDBBCEECBDCBADDDCBDEDDCECBECE;CEBCEADBBCEADDDABBABBCCDCCECEDBACADECABEDADCB;1;140;180;120;120;120;680
1402074;2024;15109194;1507805;Senador José Porfírio;15;PA;2;1;1;1500602;Altamira;15;PA;1;1;1;1;1422;1384;1396;1410;450.3;477.5;521.9;391.3;ACABCEADEBABEECECDDEBBDEADDEADCEABEEBDCDABDDB;BDBBEECBECDEEEDBDACEDAAADDBCDEECEAAEBEBABABCA;DCEAADADECBEDACEBDDDCDEEDDACEAADB*DEEAEAAEDEC;BCCDBDEEBCDCAEBCEBDAECDECCEDADCADDCDBACCDEBAC;1;BBCEDBBAEXCCAEDDBCAEDAACAAEDDDEBBECBCEEDCAACD;DADABCDCECEDEBBBEBCDBADACBCADCEBEADBAECAECEDA;AACEADDDACDADECBBDBEEBDDECCBEDDCADBBDEBCEBDCECEDDC;DBCECEACADABBECBEDADCCDCCABBBCECEBCEADABBADDD;1;120;120;120;120;100;580
1051486;2024;;;;;;;;;1500602;Altamira;15;PA;0;0;0;0;;;;;;;;;;;;;0;;;;;;;;;;;
503295;2024;15105016;1508357;Vitória do Xingu;15;PA;2;1;1;1500602;Altamira;15;PA;1;1;1;1;1421;1386;1397;1409;591.8;611.4;529.8;589;DBBCEDEBAACAECBDECDEEECCBDDAECABEDCEAEDADECED;ABBCADAEEBEECCBAECABBEBEEADCBCDCAACAEBEBACECE;DCCCECDABADEEBBDCDDEDBDBBACAABCDBBDADDEECBEAA;CDACCEDBBBCBCEEAECDBBCCBADCDBABEDBCCEAACEBDBB;1;DDBDDEBBAAEDECBCEEDCAACDBBCEDBBAEXCCAEAACCAED;ACBCADCEDBAECEDADBADBEBCDADABCDEABCAEDEBBCECE;AACEADACDDCBEDADEEBDDBDBBCEECBDCBADDDCBDEDDCECBECE;CEBCEADBBCEADDDABBABBCCDCCECEDBACADECABEDADCB;1;140;200;120;180;200;840
3802333;2024;;;;;;;;;1500602;Altamira;15;PA;1;1;1;1;1419;1385;1398;1407;432.4;579.2;516.6;399.6;CCCDCBECECDBBCEDCADCCACCBAEAEBEEDBEEBEBBACBBC;CBCDBBDBDACBEDADBEEABDEADEDBEBEECAAECCABCDBCD;EDABCABBECBDBEDDCDBDADE*BDBCBACBDCEEBDDDDCECB;DCBCCCCADEEAEBAAACAEEDCBACBBDBAEEDCEBEDDCDABB;0;BCEAACDEDCAAEDDDEBBDDBECCAEDBBAAACCAEEXCBBCED;CAEDBADBEBCCEDADBAEACBCADCEDEBBEBACECEABCDDAD;EAAACDDCDADDCBDEECEECBDCDADEEBCBEBADBCEBDBDDDDCECB;ABBABBADDDBBCECEADCEBCCCDBADCBEDAECADACDBCECE;1;120;180;140;120;100;660
4188587;2024;;;;;;;;;1500602;Altamira;15;PA;0;0;0;0;;;;;;;;;;;;;0;;;;;;;;;;;
2248950;2024;;;;;;;;;1500602;Altamira;15;PA;1;1;1;1;1421;1386;1397;1409;660.8;677.6;624.7;896.4;DABDECBBAAEEBCCCEEBCAACEBEDEBABDEBDCAECACCACD;ACCCADCEDBAECEDADBADBEBBDAEDBCCEAECAEDEBBCECA;DACDBCBEDADEEBDABDBBCECDEDCDADCACBDEDDBECBECC;CEBCEADBBCEABDDABBABBCCDCCECEDBACADECADEDEDCC;1;DDBDDEBBAAEDECBCEEDCAACDBBCEDBBAEXCCAEAACCAED;ACBCADCEDBAECEDADBADBEBCDADABCDEABCAEDEBBCECE;AACEADACDDCBEDADEEBDDBDBBCEECBDCBADDDCBDEDDCECBECE;CEBCEADBBCEADDDABBABBCCDCCECEDBACADECABEDADCB;1;160;200;180;200;200;940
3753474;2024;;;;;;;;;1500602;Altamira;15;PA;0;0;0;0;;;;;;;;;;;;;1;;;;;;;;;;;
1921551;2024;;;;;;;;;1500602;Altamira;15;PA;1;1;1;1;1420;1383;1395;1408;435.2;514.6;511.5;497.3;EDADAADBDEDDEDDCCBDDCDEBDCDCABAEDBCDEAABDAECE;AEAABCBEEBCDAEEC.EBDBBECB.ACEADACEADCC.D.ABAA;DCDDBECDEEDCCEADEDBAABDDDBAEDECBDEEDCCECADCEE;EADCACDEEADAABBCCACDCCBDDDEBBBCDBCDBACCADEBAD;1;CAEDAACCAEEXCBBAEDBBCAACDEDCBCEECAAEDDDEBBDDB;CECEBEBCDBADDEBBABCDCAECEDADBAEABEADCEDADACBC;CAAAECDDDAECBECEDDCBDEDDCECBDCBCEADBBDBDDCBEDADEEB;CECEBEDADCAADECDBBCEBDCCCACABBABBADDDCEADBBCE;1;120;120;140;140;120;640
751577;2024;;;;;;;;;1500602;Altamira;15;PA;0;0;0;0;;;;;;;;;;;;;1;;;;;;;;;;;
3593415;2024;;;;;;;;;1500602;Altamira;15;PA;0;0;0;0;;;;;;;;;;;;;1;;;;;;;;;;;
1012186;2024;;;;;;;;;1500602;Altamira;15;PA;1;1;1;1;1419;1385;1398;1407;620.7;621.6;586.1;741.8;BCBDACEEDDBBCDEDEDBDDEBCEAEBCDAABCCAAEBCBEDED;CAEDBCDBBACCECACBAEACEAADEEDECBECACABEDBCCDAD;DAABCDBCBCEECDBDBABDADEEDCBECABBCECDADDDDCECB;CBBABBCDDDCBBE*DADCDBCCDCCBADBEDACEDDACBBCECB;0;BCEAACDEDCAAEDDDEBBDDBECCAEDBBAAACCAEEXCBBCED;CAEDBADBEBCCEDADBAEACBCADCEDEBBEBACECEABCDDAD;EAAACDDCDADDCBDEECEECBDCDADEEBCBEBADBCEBDBDDDDCECB;ABBABBADDDBBCECEADCEBCCCDBADCBEDAECADACDBCECE;1;160;140;140;140;200;780
3407481;2024;;;;;;;;;1500602;Altamira;15;PA;1;1;1;1;1420;1383;1395;1408;462.4;541.6;373.2;422.7;ECABAAEEABDCDEEECBDCADECBDBEBCBACCBCDEDEBDABC;ACBDBEACDACDBEBDBEADBADCECABEECAECACEEBADACEC;CAAADBDACEDACBCCBDECABEDBABDCEADECCBDBEDAAEBE;DCDBEADECBCADBBBABAEACDCDEDACDBBEABEBCCEAEDBB;0;CAEDAACCAEEXCBBAEDBBCAACDEDCBCEECAAEDDDEBBDDB;CECEBEBCDBADDEBBABCDCAECEDADBAEABEADCEDADACBC;CAAAECDDDAECBECEDDCBDEDDCECBDCBCEADBBDBDDCBEDADEEB;CECEBEDADCAADECDBBCEBDCCCACABBABBADDDCEADBBCE;1;120;120;140;120;160;660
1231719;2024;;;;;;;;;1500602;Altamira;15;PA;0;0;0;0;;;;;;;;;;;;;1;;;;;;;;;;;
560481;2024;;;;;;;;;1500602;Altamira;15;PA;1;1;1;1;1420;1383;1395;1408;478;478.9;547.9;458.2;ABDBEDDEAEEDECBBDDCDADDCBCBAADEDBCCBDEDEAEDBC;BECBEEACCAADBEBBDEDCDCBBADAEBEDAECBDDCBEDEBAB;ACEDAECDECCDDABDECDCEBEACBCADACBDDDADBBEADEDA;DDCBACECBDDACEDCBBCBAEBEEEDABDBDCBDDCBDBAEBEA;1;CAEDAACCAEEXCBBAEDBBCAACDEDCBCEECAAEDDDEBBDDB;CECEBEBCDBADDEBBABCDCAECEDADBAEABEADCEDADACBC;CAAAECDDDAECBECEDDCBDEDDCECBDCBCEADBBDBDDCBEDADEEB;CECEBEDADCAADECDBBCEBDCCCACABBABBADDDCEADBBCE;1;160;160;200;200;200;920
1249878;2024;15106250;1501725;Brasil Novo;15;PA;2;1;1;1500602;Altamira;15;PA;1;1;1;1;1419;1385;1398;1407;448.9;405.7;485.1;454.5;ECAADAADDAEBDEBEEDADEAEBBCABAABEACEACEBDCACCB;CABCABBBEAADEBDDEABBDACDBDADAADDADDAABEECDBDD;CCBCACDAADEECEEACDECADDDDBCEBAABDACDECBBDCABA;BBAAECDAECCDBBEEEACBADBAACCBDBCCCBADEAEEAEDBC;1;BCEAACDEDCAAEDDDEBBDDBECCAEDBBAAACCAEEXCBBCED;CAEDBADBEBCCEDADBAEACBCADCEDEBBEBACECEABCDDAD;EAAACDDCDADDCBDEECEECBDCDADEEBCBEBADBCEBDBDDDDCECB;ABBABBADDDBBCECEADCEBCCCDBADCBEDAECADACDBCECE;1;120;180;120;140;140;700
3263943;2024;;;;;;;;;1500602;Altamira;15;PA;0;0;0;0;;;;;;;;;;;;;0;;;;;;;;;;;
698218;2024;;;;;;;;;1500602;Altamira;15;PA;1;1;1;1;1422;1384;1396;1410;464.1;507.2;514.1;488.9;BDCCCEBABBDEAEDEBADCCBDBCEDBEACCEEADCACDCBDDD;ADDEDEDCEEADDEDBEABDECAADEEADEECEACEEDDEDCCEA;DCDBBCADECECDBCEAECDADAEEAAACCBAEBDBECBECBCAC;AACDDADCCBCDBDEDCEEAECDCBCECBDBCDDDBBCDCCCCDB;1;BBCEDBBAEXCCAEDDBCAEDAACAAEDDDEBBECBCEEDCAACD;DADABCDCECEDEBBBEBCDBADACBCADCEBEADBAECAECEDA;AACEADDDACDADECBBDBEEBDDECCBEDDCADBBDEBCEBDCECEDDC;DBCECEACADABBECBEDADCCDCCABBBCECEBCEADABBADDD;1;120;140;120;120;100;600
1285985;2024;15106101;1500602;Altamira;15;PA;2;1;1;1500602;Altamira;15;PA;1;1;1;1;1422;1384;1396;1410;514.5;604.7;606.4;625.8;BDCCDDAABBBEEDDCAEAADCBBEADBDDBDCCEBCBDBAAACC;DADCACDCACBDECBBEBCDCDDBDCCADCDEEADEEECAACEBA;AACCADADECBEDBEEBDACDCAEDDDADBBDEBDABCCECDCBC;DDECDCECDDCCBECDEDBBDCCBBABCBEBDEBDCABAADEBED;0;BBCEDBBAEXCCAEDDBCAEDAACAAEDDDEBBECBCEEDCAACD;DADABCDCECEDEBBBEBCDBADACBCADCEBEADBAECAECEDA;AACEADDDACDADECBBDBEEBDDECCBEDDCADBBDEBCEBDCECEDDC;DBCECEACADABBECBEDADCCDCCABBBCECEBCEADABBADDD;1;120;140;140;180;160;740
3635356;2024;;;;;;;;;1500602;Altamira;15;PA;0;0;0;0;;;;;;;;;;;;;1;;;;;;;;;;;
3602892;2024;;;;;;;;;1500602;Altamira;15;PA;1;1;1;1;1421;1386;1397;1409;383.7;515.3;544.2;513.3;EABEBEBBBCBDDAACBCCCEBBCCCBECCECABDEEEEAECEBA;ABEEADADCEAACACAAACDBECBABDDBCEEEAAABDAADADBB;DAABBCC*EACCECDCEDABDEAAECCAACBDCADEDDBECBECE;EDDAABCBBBABCACACCDBACDDBCBACCBEDEDCCBABBBBCB;1;DDBDDEBBAAEDECBCEEDCAACDBBCEDBBAEXCCAEAACCAED;ACBCADCEDBAECEDADBADBEBCDADABCDEABCAEDEBBCECE;AACEADACDDCBEDADEEBDDBDBBCEECBDCBADDDCBDEDDCECBECE;CEBCEADBBCEADDDABBABBCCDCCECEDBACADECABEDADCB;1;120;120;120;120;60;540
358486;2024;15107035;1504455;Medicilândia;15;PA;2;1;1;1500602;Altamira;15;PA;1;1;1;1;1420;1383;1395;1408;479.3;506;542.1;404.6;CACECDBEAEDCCDAAEBACDACCEEDCABECDEDABCBEAEDCC;AECBCDAEEEBDDADDBBCBCCBCAABBBEDAECADECACDACDC;CBADADCBECCDAEBCBBDCBADDCBCCCDCBDBBDBBECADCEB;DAACCBDECDADCBABCAEDAABCDBBACBBBDCDAACBDCDECB;0;CAEDAACCAEEXCBBAEDBBCAACDEDCBCEECAAEDDDEBBDDB;CECEBEBCDBADDEBBABCDCAECEDADBAEABEADCEDADACBC;CAAAECDDDAECBECEDDCBDEDDCECBDCBCEADBBDBDDCBEDADEEB;CECEBEDADCAADECDBBCEBDCCCACABBABBADDDCEADBBCE;1;120;180;120;140;140;700
914274;2024;15177912;1501725;Brasil Novo;15;PA;2;2;1;1500602;Altamira;15;PA;1;1;1;1;1419;1385;1398;1407;447.7;392.5;481.1;397;DBDADCBDEDDCDEADBEDDCCDADACCBACADBEBCEBBBCCEC;AABBAABCCCEADBABBDDCEBACACA*EEAECAAABDCB*ACCE;DDCDBCDAECBEEAAAEAEBBDEEBCECDECECECD*DBCB*EAB;BBDCCCBAEABDDCBCEAAEABACDADBADCDAAEACADBDBDED;1;BCEAACDEDCAAEDDDEBBDDBECCAEDBBAAACCAEEXCBBCED;CAEDBADBEBCCEDADBAEACBCADCEDEBBEBACECEABCDDAD;EAAACDDCDADDCBDEECEECBDCDADEEBCBEBADBCEBDBDDDDCECB;ABBABBADDDBBCECEADCEBCCCDBADCBEDAECADACDBCECE;1;100;140;100;120;80;540
2338324;2024;;;;;;;;;1500602;Altamira;15;PA;1;1;1;1;1422;1384;1396;1410;450.1;426.9;506.4;606.5;DCBDCCABABBEAADBCEEBACDCCCCAEDEABCEBDBCADDEBD;DDDCDAACADBACCDCECEEECDBDEACCEEACDBEDBCAECCDA;ABBCABADDCCDDAADBEECBCADDDDBACACEBDCDACECBCDB;AAEEDCBDCCCCBCCBDEDDCCBBCDBCBBDCBDCDADDBDABCD;0;BBCEDBBAEXCCAEDDBCAEDAACAAEDDDEBBECBCEEDCAACD;DADABCDCECEDEBBBEBCDBADACBCADCEBEADBAECAECEDA;AACEADDDACDADECBBDBEEBDDECCBEDDCADBBDEBCEBDCECEDDC;DBCECEACADABBECBEDADCCDCCABBBCECEBCEADABBADDD;1;100;160;160;160;200;780
129165;2024;;;;;;;;;1500602;Altamira;15;PA;0;1;1;0;;1386;1397;;;499.2;501.4;;;BBECADCACEBBCEDAAEDDECCBABDAEBCDAEDEEDEADDACA;AAEBEBBEBADAEBBDBDABDAAABEAABECDAEEBDCEBDBECA;;0;;ACBCADCEDBAECEDADBADBEBCDADABCDEABCAEDEBBCECE;AACEADACDDCBEDADEEBDDBDBBCEECBDCBADDDCBDEDDCECBECE;;1;80;180;100;160;140;660
460510;2024;15104907;1500602;Altamira;15;PA;2;1;1;1500602;Altamira;15;PA;1;1;1;1;1420;1383;1395;1408;382.7;527.1;500.8;471;EAAEEADBBCEDDBBEACDCDBCBBCEDDACBAAECDDEEAAACA;DACAAEADDBCADDEBBACDDABCCDACEBDAABADDEBEDADDE;BBBAEBCBEAEDDABCEBABCBCAEADBABDCDCDDCBDCACDEA;CEBDACDCADCEBBBBAABBAADCBEEDEBACCBDAAEDDAEABB;1;CAEDAACCAEEXCBBAEDBBCAACDEDCBCEECAAEDDDEBBDDB;CECEBEBCDBADDEBBABCDCAECEDADBAEABEADCEDADACBC;CAAAECDDDAECBECEDDCBDEDDCECBDCBCEADBBDBDDCBEDADEEB;CECEBEDADCAADECDBBCEBDCCCACABBABBADDDCEADBBCE;1;160;200;160;160;200;880
432144;2024;;;;;;;;;1500602;Altamira;15;PA;0;0;0;0;;;;;;;;;;;;;0;;;;;;;;;;;
3846278;2024;;;;;;;;;1500602;Altamira;15;PA;1;1;1;1;1419;1385;1398;1407;477.8;394.5;444.3;442.1;BDBACEBECDAEBEBCADCDEDAEDAEECAAEDDEADDBDADAAB;ABDBBCEECCBCBACAACEBCDABBCDDBAADAACBCEBCBCBAE;BBAAABDCCDEEABEAEEBDADBACDBDABBCEECDDEEABCDBA;ADBBAEEADBDAEABBBACBECBDEDCAACCCAECEADDEDEBBA;0;BCEAACDEDCAAEDDDEBBDDBECCAEDBBAAACCAEEXCBBCED;CAEDBADBEBCCEDADBAEACBCADCEDEBBEBACECEABCDDAD;EAAACDDCDADDCBDEECEECBDCDADEEBCBEBADBCEBDBDDDDCECB;ABBABBADDDBBCECEADCEBCCCDBADCBEDAECADACDBCECE;1;120;160;120;140;120;660
127687;2024;;;;;;;;;1500602;Altamira;15;PA;1;1;1;1;1419;1385;1398;1407;462.7;627.5;606.8;577.3;ABEADBCCBDCADEEDBBBACADEEBACDAAAACBAEEBDCAECC;CAEDDCDBEBCCEBACDEEADDEADCEDEBDCBABECECDCDDAD;CDCABDBCBDEECAEBBACBADCEBCBEDADBEECDBBEDDDECB;EBDAAACBDDBAEBCCDBCABBADCBCCDBBDDCCBDADCDCCDB;1;BCEAACDEDCAAEDDDEBBDDBECCAEDBBAAACCAEEXCBBCED;CAEDBADBEBCCEDADBAEACBCADCEDEBBEBACECEABCDDAD;EAAACDDCDADDCBDEECEECBDCDADEEBCBEBADBCEBDBDDDDCECB;ABBABBADDDBBCECEADCEBCCCDBADCBEDAECADACDBCECE;1;120;120;120;120;60;540
2089307;2024;15106101;1500602;Altamira;15;PA;2;1;1;1500602;Altamira;15;PA;1;1;1;1;1419;1385;1398;1407;456.5;511.6;525.1;519.2;CEADDEBDBBCECCAEBCADECDBEAECBECBECEABECCDBBDD;CEECBBDBBBBCEDACEEAABEACCAADCADDEACEABBAEBBDD;EEABCDDAACEECCABDECCDDEEDEBCDACEDACDBDEDDADEB;BBCACBBDABCAECABAADCBCABAEBDDBCDDCBBBDDCCDCCB;0;BCEAACDEDCAAEDDDEBBDDBECCAEDBBAAACCAEEXCBBCED;CAEDBADBEBCCEDADBAEACBCADCEDEBBEBACECEABCDDAD;EAAACDDCDADDCBDEECEECBDCDADEEBCBEBADBCEBDBDDDDCECB;ABBABBADDDBBCECEADCEBCCCDBADCBEDAECADACDBCECE;1;140;120;120;140;180;700
3192518;2024;;;;;;;;;1500602;Altamira;15;PA;0;0;0;0;;;;;;;;;;;;;1;;;;;;;;;;;
3222700;2024;;;;;;;;;1500602;Altamira;15;PA;0;1;1;0;;1383;1395;;;420.6;468.9;;;BCCDABCAEEDADDDBBCBCDCBCCCAEBABACDDCECBDBBEDD;DBADCEDBECDDAAADBEDCDEEABBCDBDDEEAEEAEABDEDEB;;1;;CECEBEBCDBADDEBBABCDCAECEDADBAEABEADCEDADACBC;CAAAECDDDAECBECEDDCBDEDDCECBDCBCEADBBDBDDCBEDADEEB;;1;100;100;60;80;80;420
1870748;2024;15106250;1501725;Brasil Novo;15;PA;2;1;1;1500602;Altamira;15;PA;1;1;1;1;1419;1385;1398;1407;385.3;323.5;395.3;425.3;ADCDCABDCEBABDACEABBCAACCDAABBEEDBEDCBBDCDCBD;ADBCDADBCCAACCDCBEAABDAEAAECDBAEACDCEBDACCDED;DADDCEDDBEBEAEBCACEEDEBCAADBCEADAEAEEDACDEADB;CDDCABCCEDCDABDBEBCDCACDABEABBADCBCCBBBECBBCD;1;BCEAACDEDCAAEDDDEBBDDBECCAEDBBAAACCAEEXCBBCED;CAEDBADBEBCCEDADBAEACBCADCEDEBBEBACECEABCDDAD;EAAACDDCDADDCBDEECEECBDCDADEEBCBEBADBCEBDBDDDDCECB;ABBABBADDDBBCECEADCEBCCCDBADCBEDAECADACDBCECE;1;120;120;120;120;80;560
1801786;2024;;;;;;;;;1500602;Altamira;15;PA;1;1;1;1;1420;1383;1395;1408;555.3;653.3;575.3;643.1;EEEDADAAECDBCDEAEACDEBDCEBDEBAEBEACCBADDEADCB;BECEBEBEDBADDEC.AECDCAECEDACEAEAEECDBEDBDAEBC;CDAAEECBECEDDABDEBBCBBEACBDADEDDDDDCCAED*DEEB;DECBABDECCAEDECEABC.BBEECADDBCACEBDEDCDDACBAD;0;CAEDAACCAEEXCBBAEDBBCAACDEDCBCEECAAEDDDEBBDDB;CECEBEBCDBADDEBBABCDCAECEDADBAEABEADCEDADACBC;CAAAECDDDAECBECEDDCBDEDDCECBDCBCEADBBDBDDCBEDADEEB;CECEBEDADCAADECDBBCEBDCCCACABBABBADDDCEADBBCE;1;160;180;180;200;200;920
1797024;2024;;;;;;;;;1500602;Altamira;15;PA;1;1;1;1;1419;1385;1398;1407;493.3;533.3;564.7;505.6;DCBDBDACCBBCEDCBEAAEDB.CEDEBDAADECAADEBBECAAC;CAEACCEBCB.CEDABEADACAAADAAADBBBEEAAABBEBDDCD;BAABCCECBDEECEBBAAEAACEECBBECECBDEEDADBDDCECB;DBBADCCDDAEACCABDDCBABBDBBDAACCDCECDEEDBCCCDE;0;BCEAACDEDCAAEDDDEBBDDBECCAEDBBAAACCAEEXCBBCED;CAEDBADBEBCCEDADBAEACBCADCEDEBBEBACECEABCDDAD;EAAACDDCDADDCBDEECEECBDCDADEEBCBEBADBCEBDBDDDDCECB;ABBABBADDDBBCECEADCEBCCCDBADCBEDAECADACDBCECE;1;120;120;100;80;80;500
1364584;2024;;;;;;;;;1500602;Altamira;15;PA;0;0;0;0;;;;;;;;;;;;;1;;;;;;;;;;;
2642683;2024;;;;;;;;;1500602;Altamira;15;PA;1;1;1;1;1420;1383;1395;1408;453;314.6;490.7;418.2;EDDBCDADEEEBBBAACDDDDBDCACBDEABAEBCEDACEBADCA;CAABDCEBCABDDBEECCCBEABADDBCECCEDBB*ECDACBDBC;CEAABDCBECABDAAEEDDBBBDCDCCDEBEEEDADEBECBACDA;EDBBCBEDBCDEEBACCACEABDADEDAACEBCBDBDECDBCADE;0;CAEDAACCAEEXCBBAEDBBCAACDEDCBCEECAAEDDDEBBDDB;CECEBEBCDBADDEBBABCDCAECEDADBAEABEADCEDADACBC;CAAAECDDDAECBECEDDCBDEDDCECBDCBCEADBBDBDDCBEDADEEB;CECEBEDADCAADECDBBCEBDCCCACABBABBADDDCEADBBCE;1;80;160;100;120;100;560
2168506;2024;15109194;1507805;Senador José Porfírio;15;PA;2;1;1;1500602;Altamira;15;PA;1;1;1;1;1419;1385;1398;1407;416.4;300;359.2;396.1;ABEDDDCEABCEABAADBBDCDCABCDEABCCDEECBCACEBCAE;DDBCEBADAADABCDDCEABBCEBCDCBBDABACBDBEAAAECCE;BCECACBEEBCCDDABABCDEDBECCDEAECDBAEACCEADBCAB;CDCBDCEACAEBDCAACBEACADBCEBCACABCDEBACDEACDBB;1;BCEAACDEDCAAEDDDEBBDDBECCAEDBBAAACCAEEXCBBCED;CAEDBADBEBCCEDADBAEACBCADCEDEBBEBACECEABCDDAD;EAAACDDCDADDCBDEECEECBDCDADEEBCBEBADBCEBDBDDDDCECB;ABBABBADDDBBCECEADCEBCCCDBADCBEDAECADACDBCECE;1;80;140;100;120;120;560
1857873;2024;;;;;;;;;1500602;Altamira;15;PA;1;1;1;1;1420;1383;1395;1408;503.5;398.4;527.9;586.9;ECEBEACEAEECCCDCEECACAABCCDBEABCDDEABACCADDCB;CAECCABDDBBABCCBCBBDEECCBABCCBCCBEDECCBADCAAE;ADAADECBECCDDCBDEBDCBBDBCCBAEDCDACEDDCCBACBED;CCCEAEECAAEDDBCCBCCBBACCCEECBCBCEACDAEBCCEAAE;0;CAEDAACCAEEXCBBAEDBBCAACDEDCBCEECAAEDDDEBBDDB;CECEBEBCDBADDEBBABCDCAECEDADBAEABEADCEDADACBC;CAAAECDDDAECBECEDDCBDEDDCECBDCBCEADBBDBDDCBEDADEEB;CECEBEDADCAADECDBBCEBDCCCACABBABBADDDCEADBBCE;1;160;180;120;160;180;800
3416600;2024;;;;;;;;;1500602;Altamira;15;PA;1;1;1;1;1422;1384;1396;1410;446.9;468;526.8;442.5;CCEDCEAAECDCDEEBAADEBEECCAABECABCDEEBACBADBDE;EEDCADACBAABCBBCBAEABCBACCEADEAEAABEBCCEDCCBA;ABECACADECBBDACEBDDABEDEBDABDAADEBDBBDEBDCDBD;CAADCCBEACAAACBEEAAEBCADBEDBACCEEBDDACCBBCBBD;0;BBCEDBBAEXCCAEDDBCAEDAACAAEDDDEBBECBCEEDCAACD;DADABCDCECEDEBBBEBCDBADACBCADCEBEADBAECAECEDA;AACEADDDACDADECBBDBEEBDDECCBEDDCADBBDEBCEBDCECEDDC;DBCECEACADABBECBEDADCCDCCABBBCECEBCEADABBADDD;1;80;100;80;60;40;360
1234275;2024;;;;;;;;;1500602;Altamira;15;PA;0;0;0;0;;;;;;;;;;;;;1;;;;;;;;;;;
1536374;2024;15106250;1501725;Brasil Novo;15;PA;2;1;1;1500602;Altamira;15;PA;1;1;1;1;1421;1386;1397;1409;494;525.3;498;473.2;CABADEBBECADABBABDCCDEBBACDEBEBABCBEAEDCBDCEA;ABDEADEDCBAECDAADDECEDBEDADCBACBACCBEAEEADEAA;AAEBDDBDBAADECEDEDABDBACBCDEAEBACBDECDEEBECCA;BEADBAEDAACBCEAABEBCDEDEACDBEBDEDDBECABDBCAAA;0;DDBDDEBBAAEDECBCEEDCAACDBBCEDBBAEXCCAEAACCAED;ACBCADCEDBAECEDADBADBEBCDADABCDEABCAEDEBBCECE;AACEADACDDCBEDADEEBDDBDBBCEECBDCBADDDCBDEDDCECBECE;CEBCEADBBCEADDDABBABBCCDCCECEDBACADECABEDADCB;1;120;120;100;100;60;500
3619555;2024;;;;;;;;;1500602;Altamira;15;PA;1;1;1;1;1422;1384;1396;1410;542.3;426.3;481.1;517.2;CACCCDCBEABEABDDBEEEAAECBCCBEEDEEDCBDDEEBCBEA;CEBBEECAEAEBADBBCDCCBEAABDEDDDEDAACDBEADEBAEC;EDDBCBAAECCDDAEEBDCEBADABABDACBBDBCDCCDBBAEDD;CECDCEBDBDCCADBDCCDADDBCEABCBDBDCABADAAABCBEB;1;BBCEDBBAEXCCAEDDBCAEDAACAAEDDDEBBECBCEEDCAACD;DADABCDCECEDEBBBEBCDBADACBCADCEBEADBAECAECEDA;AACEADDDACDADECBBDBEEBDDECCBEDDCADBBDEBCEBDCECEDDC;DBCECEACADABBECBEDADCCDCCABBBCECEBCEADABBADDD;1;100;120;120;120;40;500
1273519;2024;;;;;;;;;1500602;Altamira;15;PA;1;1;1;1;1419;1385;1398;1407;567.9;585.7;582.5;524.4;CABACDCEDCBCCECDEAADDBECECECCAADACEAEDBCABCEA;CBDABADBCAECEEAADAEADDAADCEDABDEBADECBBACDAAD;DDCCACEABDEECBBCBDEBADEEAABEEDBBEBEDDBDDDCECB;DACACCECDDDBADDCECBBACABBBCCCCAEEBCBBBCDDBADA;1;BCEAACDEDCAAEDDDEBBDDBECCAEDBBAAACCAEEXCBBCED;CAEDBADBEBCCEDADBAEACBCADCEDEBBEBACECEABCDDAD;EAAACDDCDADDCBDEECEECBDCDADEEBCBEBADBCEBDBDDDDCECB;ABBABBADDDBBCECEADCEBCCCDBADCBEDAECADACDBCECE;1;140;180;160;160;120;760
1719810;2024;15105016;1508357;Vitória do Xingu;15;PA;2;1;1;1500602;Altamira;15;PA;0;0;0;0;;;;;;;;;;;;;0;;;;;;;;;;;
3897835;2024;15105016;1508357;Vitória do Xingu;15;PA;2;1;1;1500602;Altamira;15;PA;0;0;0;0;;;;;;;;;;;;;1;;;;;;;;;;;
1302051;2024;;;;;;;;;1500602;Altamira;15;PA;1;1;1;1;1419;1385;1398;1407;433.5;486.4;514.1;394.6;DCDDDCAEEBABEBBABAEDCBBDEDCABBBCEEDABCABCAABB;CAECCBAACCEDCCADEBDADACADBDDDADEEADACBBEECDCD;DEACCCECADEEECDBDBDEAACEDBAEDDCDDDBDCDBDDBECB;DBCDEACADEECBABDCCADDDDCCEEBADDDCABDAADDBCDAC;1;BCEAACDEDCAAEDDDEBBDDBECCAEDBBAAACCAEEXCBBCED;CAEDBADBEBCCEDADBAEACBCADCEDEBBEBACECEABCDDAD;EAAACDDCDADDCBDEECEECBDCDADEEBCBEBADBCEBDBDDDDCECB;ABBABBADDDBBCECEADCEBCCCDBADCBEDAECADACDBCECE;1;120;120;120;120;0;480
1885953;2024;15583058;1500602;Altamira;15;PA;2;1;1;1500602;Altamira;15;PA;1;1;1;1;1422;1384;1396;1410;390.3;473.4;483.9;524;ECBDAEDACBDBBECCEBEAACBDDCAEBDEADBCDCBAECABDE;DBCAECABEADCEBDCEABEDCABDEABDDECEABEDCCAEBDBA;ABDEDEEEDCBCDECAADEDCABEDDBCACBDEDCADECAECBAD;BDCEABDAECADBECDCBAEBCEDAECADBACEDBCBBAEDCADE;0;BBCEDBBAEXCCAEDDBCAEDAACAAEDDDEBBECBCEEDCAACD;DADABCDCECEDEBBBEBCDBADACBCADCEBEADBAECAECEDA;AACEADDDACDADECBBDBEEBDDECCBEDDCADBBDEBCEBDCECEDDC;DBCECEACADABBECBEDADCCDCCABBBCECEBCEADABBADDD;1;140;200;160;180;120;800
2093885;2024;;;;;;;;;1500602;Altamira;15;PA;1;1;1;1;1419;1385;1398;1407;594.9;560.6;549.6;676.8;BDEADCBDAAABBBCBEBBDABECEEEDCBBDEBCEDCCADECBD;DDEDECCBBAACEDADBADABBCDDAEDACBECACBAEAECDBDD;CAAABDDCBCEECCDDECDEADEEBBBECDCCCEBCADADDCACA;AABABAACDDABAEABADCDBCCACCDDDACEADBBCAEACBAEB;0;BCEAACDEDCAAEDDDEBBDDBECCAEDBBAAACCAEEXCBBCED;CAEDBADBEBCCEDADBAEACBCADCEDEBBEBACECEABCDDAD;EAAACDDCDADDCBDEECEECBDCDADEEBCBEBADBCEBDBDDDDCECB;ABBABBADDDBBCECEADCEBCCCDBADCBEDAECADACDBCECE;1;160;180;140;200;200;880
480566;2024;15104893;1500602;Altamira;15;PA;2;1;1;1500602;Altamira;15;PA;1;1;1;1;1421;1386;1397;1409;412.9;356.6;349.9;446;DCECDACBDBBABAABAAAAEDEAABADCBAACBBBAEBAAEBAC;CACCECDAEBBCECAAEAEADBDAAAEAABCECAEEACBEAAEEC;AABCDBCAEDCACAEADDEEDBAAEBCABBEEBBCABABCDABBC;ABABAABBDDCCAEEABEACCBBACBBACCCBDCADACBACDABA;0;DDBDDEBBAAEDECBCEEDCAACDBBCEDBBAEXCCAEAACCAED;ACBCADCEDBAECEDADBADBEBCDADABCDEABCAEDEBBCECE;AACEADACDDCBEDADEEBDDBDBBCEECBDCBADDDCBDEDDCECBECE;CEBCEADBBCEADDDABBABBCCDCCECEDBACADECABEDADCB;1;40;140;60;60;80;380
2504642;2024;;;;;;;;;1500602;Altamira;15;PA;1;1;1;1;1419;1385;1398;1407;562.2;554.3;590.3;586.8;BBABECABCDDBDDADEABDBCECECDDABDADCEAEEBDDDCCA;CAEDBCDEECBCCBACBEBABEEACEEBAADBAABECBDBCDBAD;CAABCCDCBDEECEBABCEDADEEBDBEAAEBCECEBDADDDECB;BBAABEEDADBDBADBACADBBECDEBACBCBABCBDDDDABDDD;0;BCEAACDEDCAAEDDDEBBDDBECCAEDBBAAACCAEEXCBBCED;CAEDBADBEBCCEDADBAEACBCADCEDEBBEBACECEABCDDAD;EAAACDDCDADDCBDEECEECBDCDADEEBCBEBADBCEBDBDDDDCECB;ABBABBADDDBBCECEADCEBCCCDBADCBEDAECADACDBCECE;1;120;120;120;140;140;640
1769478;2024;;;;;;;;;1500602;Altamira;15;PA;1;1;1;1;1420;1383;1395;1408;418.7;462.4;526.5;449.1;EBEBCEEEDECEBBABCCEDDAEDCDCADABAECCCEAAAEEDED;CEBAEEDDACBAAACBEBAECBBCEBBDEEBAEEADECBCBABDE;DAADDECBECCEDBAEECDCEDDDEEDBADABDADECDDBDDEEB;DDACADCAADDCDDECEDCCBDDDACDCDCDBCDAEEAEDDEADA;0;CAEDAACCAEEXCBBAEDBBCAACDEDCBCEECAAEDDDEBBDDB;CECEBEBCDBADDEBBABCDCAECEDADBAEABEADCEDADACBC;CAAAECDDDAECBECEDDCBDEDDCECBDCBCEADBBDBDDCBEDADEEB;CECEBEDADCAADECDBBCEBDCCCACABBABBADDDCEADBBCE;1;100;140;120;120;0;480
1671500;2024;15104907;1500602;Altamira;15;PA;2;1;1;1500602;Altamira;15;PA;1;1;1;1;1421;1386;1397;1409;505.9;510.2;505.7;419.4;DECEDADBBBEBCCDCEDEDADDADCCDEDDBECDEDDEECECEC;ACBEAEDCCDAACEEADACDBEAEBBECACDCCAAEBDECAACEB;BACECEDABADE*BCDBBABCBAADECAEBBDBBEECDCEEEEAB;BCDCDEDECAAEBEBEBBECCCEBBBBBCDBBCCBCCDCCECECA;0;DDBDDEBBAAEDECBCEEDCAACDBBCEDBBAEXCCAEAACCAED;ACBCADCEDBAECEDADBADBEBCDADABCDEABCAEDEBBCECE;AACEADACDDCBEDADEEBDDBDBBCEECBDCBADDDCBDEDDCECBECE;CEBCEADBBCEADDDABBABBCCDCCECEDBACADECABEDADCB;1;160;200;180;200;140;880
2772448;2024;;;;;;;;;1500602;Altamira;15;PA;1;1;1;1;1421;1386;1397;1409;395.7;521.5;570.5;619;DECAEBADCCEABDCEBACEDABCDBDCEAACEDBCEDBADBCBA;AAEEADCDCEAECEBADBCDDBCEBADDCBBEAEBDCBDACBACE;DACCDCBEDBDCEBDDCDBBDEEBBAEDABBDBBEEDDEECBEDC;DDBEBAACBBBBCBAABCBBEECCBBECCCAECCACDAEAEADED;1;DDBDDEBBAAEDECBCEEDCAACDBBCEDBBAEXCCAEAACCAED;ACBCADCEDBAECEDADBADBEBCDADABCDEABCAEDEBBCECE;AACEADACDDCBEDADEEBDDBDBBCEECBDCBADDDCBDEDDCECBECE;CEBCEADBBCEADDDABBABBCCDCCECEDBACADECABEDADCB;1;140;160;120;120;200;740
3711041;2024;;;;;;;;;1500602;Altamira;15;PA;1;1;1;1;1422;1384;1396;1410;386.5;505.1;517.5;557.7;DCDDCADCCBDEACEEBDEAAEAAABEEADADCCDDBACCBDDCA;DACBECCAEABDEEDEEAEADADACDEADAADBAEEADCEBCDCD;DDACEDABECBBDBDDBDABAABEBAEAACDCEBEEDCEDCCDBC;EBCEBCACCCDCACDBDCCCCACCDDBDAECCDDCBEECBBEDDA;1;BBCEDBBAEXCCAEDDBCAEDAACAAEDDDEBBECBCEEDCAACD;DADABCDCECEDEBBBEBCDBADACBCADCEBEADBAECAECEDA;AACEADDDACDADECBBDBEEBDDECCBEDDCADBBDEBCEBDCECEDDC;DBCECEACADABBECBEDADCCDCCABBBCECEBCEADABBADDD;1;120;180;120;120;120;660
162401;2024;15583058;1500602;Altamira;15;PA;2;1;1;1500602;Altamira;15;PA;1;1;1;1;1422;1384;1396;1410;380.5;501;543.7;409;ECDDBAADEAEEACEADBDDBCCCCCEDAEADDACECEDBDADDB;BADAECDAECBDDEDEECCACCAEDDCADDCEBECEEBCBBCCDA;DDACBCADECBCDADEBCADDEAEDDCDADADEBDABCBEEECEC;BACCDCEDBCBCEDBDCBBBACABADBCEDACBADCECDCBBDEA;1;BBCEDBBAEXCCAEDDBCAEDAACAAEDDDEBBECBCEEDCAACD;DADABCDCECEDEBBBEBCDBADACBCADCEBEADBAECAECEDA;AACEADDDACDADECBBDBEEBDDECCBEDDCADBBDEBCEBDCECEDDC;DBCECEACADABBECBEDADCCDCCABBBCECEBCEADABBADDD;1;160;160;160;160;200;840
3735056;2024;;;;;;;;;1500602;Altamira;15;PA;0;0;0;0;;;;;;;;;;;;;0;;;;;;;;;;;
1215637;2024;;;;;;;;;1500602;Altamira;15;PA;1;1;1;1;1422;1384;1396;1410;580.2;577.6;606.8;592.3;ADCDBDEAEBEACDDCBEADDADCEACBDDEACACBACEBBBCCD;AADCBCDCEDEDEBDCEBCDBADEDBEADEEACAEBECBAADEAD;AACEADADECBDDDEEBDAEBCBEDDCDADBDEBAE.DDECDBAC;DACCDBAABBDBBEDBBDBCDCABEADCBCECDAADADDBEECEC;0;BBCEDBBAEXCCAEDDBCAEDAACAAEDDDEBBECBCEEDCAACD;DADABCDCECEDEBBBEBCDBADACBCADCEBEADBAECAECEDA;AACEADDDACDADECBBDBEEBDDECCBEDDCADBBDEBCEBDCECEDDC;DBCECEACADABBECBEDADCCDCCABBBCECEBCEADABBADDD;1;160;200;160;180;200;900
2036546;2024;15107035;1504455;Medicilândia;15;PA;2;1;1;1500602;Altamira;15;PA;1;1;1;1;1420;1383;1395;1408;526;609.9;579.4;602.9;EAABABDEEEBCCBACDBDABCECBCABBDBCBAEAADBECCDCB;ADCABEADDEADDEEBBBACCAECEDACBAEACEADEEDCDABDE;EAABAECBECBDDCBDEBCCCABACBDBADDBDADAEBEDBDEEB;CEEBABDBCBDDCBEDBDCABDCCCADBAAAACBCABAADADEDD;0;CAEDAACCAEEXCBBAEDBBCAACDEDCBCEECAAEDDDEBBDDB;CECEBEBCDBADDEBBABCDCAECEDADBAEABEADCEDADACBC;CAAAECDDDAECBECEDDCBDEDDCECBDCBCEADBBDBDDCBEDADEEB;CECEBEDADCAADECDBBCEBDCCCACABBABBADDDCEADBBCE;1;120;120;120;120;120;600
1064837;2024;;;;;;;;;1500602;Altamira;15;PA;1;1;1;1;1419;1385;1398;1407;468.4;503.4;486.8;391;ACBDEABCBACBEBBECBBDBBAADCEBCACDECEAEDBDECCCC;DABEEAACCBECEDACDDBABDAADADBAADCEACACAEACDDDC;DDCAD*ABCCCDEAEAEAEBAEDDBDCEDACBAADDBEADDAECB;DCCBCCCDBDCDEDECEAABEDCDCBCDDECBEEBCCCBDEEDCC;1;BCEAACDEDCAAEDDDEBBDDBECCAEDBBAAACCAEEXCBBCED;CAEDBADBEBCCEDADBAEACBCADCEDEBBEBACECEABCDDAD;EAAACDDCDADDCBDEECEECBDCDADEEBCBEBADBCEBDBDDDDCECB;ABBABBADDDBBCECEADCEBCCCDBADCBEDAECADACDBCECE;1;120;180;160;180;200;840
1724120;2024;;;;;;;;;1500602;Altamira;15;PA;0;1;1;0;;1386;1397;;;465.5;508.6;;;ACBEABEDDAEACEDEBBCBCAACEADBCDABACBDEECADBCCA;CACBECCEDDDEDCDDBDBBAEAADEBDCDDAADECCDAECBEBD;;0;;ACBCADCEDBAECEDADBADBEBCDADABCDEABCAEDEBBCECE;AACEADACDDCBEDADEEBDDBDBBCEECBDCBADDDCBDEDDCECBECE;;1;80;120;120;120;80;520
1307186;2024;;;;;;;;;1500602;Altamira;15;PA;1;1;1;1;1420;1383;1395;1408;425.8;414;471.7;408.9;BCABEADEAEBECDABDDBEAACDBACCDAEDCBBACCDBECDCA;AABACEACEACACACADABCDAECDDAAEBCAADDEBCABBADBE;EBABDDCBEABBDAAEBEBCAADBEBDCCEAEEDDEEAEDADDCA;EDCBDDBCACCDAECDACBBDEDCDCAEDCDEBAECDDACCCDBE;0;CAEDAACCAEEXCBBAEDBBCAACDEDCBCEECAAEDDDEBBDDB;CECEBEBCDBADDEBBABCDCAECEDADBAEABEADCEDADACBC;CAAAECDDDAECBECEDDCBDEDDCECBDCBCEADBBDBDDCBEDADEEB;CECEBEDADCAADECDBBCEBDCCCACABBABBADDDCEADBBCE;1;120;120;120;120;100;580
1804562;2024;;;;;;;;;1500602;Altamira;15;PA;1;1;1;1;1422;1384;1396;1410;535.6;309.2;525.2;473;CAACCAACEBBEAEDADEDEBABCEADDCEDEACCDEEBABCBCB;BDCEDCEBACCBCBCBCDBCCDEBCDCECEAEBBECDCCDABCEC;DDCBCDADECBBDAEEBDBEACAADDEDDCDCABDAEBDCBBCDE;CADEECCDACDBECCCCCBDDECDCDDDCDECDBACBCCCD*DAD;1;BBCEDBBAEXCCAEDDBCAEDAACAAEDDDEBBECBCEEDCAACD;DADABCDCECEDEBBBEBCDBADACBCADCEBEADBAECAECEDA;AACEADDDACDADECBBDBEEBDDECCBEDDCADBBDEBCEBDCECEDDC;DBCECEACADABBECBEDADCCDCCABBBCECEBCEADABBADDD;1;100;140;140;120;140;640
1571236;2024;;;;;;;;;1500602;Altamira;15;PA;0;0;0;0;;;;;;;;;;;;;0;;;;;;;;;;;
3797918;2024;;;;;;;;;1500602;Altamira;15;PA;0;0;0;0;;;;;;;;;;;;;1;;;;;;;;;;;
3622437;2024;15104907;1500602;Altamira;15;PA;2;1;1;1500602;Altamira;15;PA;0;0;0;0;;;;;;;;;;;;;0;;;;;;;;;;;
1674159;2024;15583058;1500602;Altamira;15;PA;2;1;1;1500602;Altamira;15;PA;1;1;1;1;1419;1385;1398;1407;540.1;529;585.4;516.8;BABCDACBDEBACCCBEBBDAAECEDEBCABCADCAECCEBDBEB;DEBDBCDBDACCCBADEADECECACEBBAEBBEACDCBEACDDAD;BEAACCDABDEECABABDEEADEEBCBEBABBDECDABCDDBECB;CBBABDADEADADDCCDADDACABAADACECCABDECDCEDDBCC;0;BCEAACDEDCAAEDDDEBBDDBECCAEDBBAAACCAEEXCBBCED;CAEDBADBEBCCEDADBAEACBCADCEDEBBEBACECEABCDDAD;EAAACDDCDADDCBDEECEECBDCDADEEBCBEBADBCEBDBDDDDCECB;ABBABBADDDBBCECEADCEBCCCDBADCBEDAECADACDBCECE;1;120;180;140;140;160;740
1092858;2024;;;;;;;;;1500602;Altamira;15;PA;1;1;1;1;1419;1385;1398;1407;375.2;328.2;402.7;429.5;DBAAAAEDCBABCDEEDCBABCDEDCBCDEABCDEDCBCDEDCBA;CBBCDEBBABABECDAEBCBCDCCECBECEB.ACBEECCCBBBEE;ACADECBDDEBCCBBDBEDECBDABABCCCABEEEEEEEDDDDDD;EDCDCDBADECEEEEDDDCBCBBAECBCDEEDCCBBAADDCBABB;1;BCEAACDEDCAAEDDDEBBDDBECCAEDBBAAACCAEEXCBBCED;CAEDBADBEBCCEDADBAEACBCADCEDEBBEBACECEABCDDAD;EAAACDDCDADDCBDEECEECBDCDADEEBCBEBADBCEBDBDDDDCECB;ABBABBADDDBBCECEADCEBCCCDBADCBEDAECADACDBCECE;1;80;120;100;100;40;440
1114437;2024;;;;;;;;;1500602;Altamira;15;PA;1;1;1;1;1422;1384;1396;1410;483.1;382.1;534.9;410.3;ACEEDEAAAECEAEDBAECBBAABEAAACCCBEBABCBDCECCED;ADDCBADAECEBDEBCCACBDCADEADCBDABEBEACADCEBDAE;ABDEEDBDECBBDAEEBDBADCBEDDADAAECEBDBADEADCBCE;CEECECEDDBECEEBACECEECADCAEEAAEAAACDCCEBDEDED;1;BBCEDBBAEXCCAEDDBCAEDAACAAEDDDEBBECBCEEDCAACD;DADABCDCECEDEBBBEBCDBADACBCADCEBEADBAECAECEDA;AACEADDDACDADECBBDBEEBDDECCBEDDCADBBDEBCEBDCECEDDC;DBCECEACADABBECBEDADCCDCCABBBCECEBCEADABBADDD;1;120;180;100;120;120;640
1037995;2024;15105016;1508357;Vitória do Xingu;15;PA;2;1;1;1500602;Altamira;15;PA;1;1;1;1;1419;1385;1398;1407;376.9;483.2;477.5;516.4;CCDBBAAADDBCDBEEDEDDACAEDBABEDBBDDEAABEBCDEEB;DEBAABDBBCCCDBDECBECDEBDDAEDAEBBCACEABCBECDCD;BAAAEBBCDCEEECDDBECDA.CBAACEDCADBCEDAEBDCBACB;DCBAECADDBBABDACEADEADCBABBEDDCDBBDCCEBDBDEDC;0;BCEAACDEDCAAEDDDEBBDDBECCAEDBBAAACCAEEXCBBCED;CAEDBADBEBCCEDADBAEACBCADCEDEBBEBACECEABCDDAD;EAAACDDCDADDCBDEECEECBDCDADEEBCBEBADBCEBDBDDDDCECB;ABBABBADDDBBCECEADCEBCCCDBADCBEDAECADACDBCECE;1;100;160;80;100;60;500
1664503;2024;;;;;;;;;1500602;Altamira;15;PA;1;1;1;1;1421;1386;1397;1409;600.5;571.6;595.9;443.3;DDBDDEDBACCDECEDEBDDADCBBCEBEBAADBBDEEADCEEEC;ADDEADDDBBEACEDAEEADBCACBBDDBCDDAACABDEEDBECE;AEACDCBECADEEBBDDDABCCECAAEACDDDCBDEDDBECBECC;EDBABDDCCEDCCACACCBCEEBCDDABCCCEECCDDECCDBDDC;1;DDBDDEBBAAEDECBCEEDCAACDBBCEDBBAEXCCAEAACCAED;ACBCADCEDBAECEDADBADBEBCDADABCDEABCAEDEBBCECE;AACEADACDDCBEDADEEBDDBDBBCEECBDCBADDDCBDEDDCECBECE;CEBCEADBBCEADDDABBABBCCDCCECEDBACADECABEDADCB;1;140;200;160;120;100;720
2438068;2024;;;;;;;;;1500602;Altamira;15;PA;1;1;1;1;1420;1383;1395;1408;362.1;434.2;417;412;EAACCDADABCDDEBCCBEADBDBCCBCDCBBEBEBDBACEEADA;CACBDEABBDADBCDECDCDABBCAAAAEBDADBCBBCCAECEAE;ACBBBDEBBCCBDBEDBEADEDBEDBDEBAACDABDBBCDEEACA;CABBDACEBDBDAEDACBEDBBCCABDACBDBBBEDBCDCCDDAE;0;CAEDAACCAEEXCBBAEDBBCAACDEDCBCEECAAEDDDEBBDDB;CECEBEBCDBADDEBBABCDCAECEDADBAEABEADCEDADACBC;CAAAECDDDAECBECEDDCBDEDDCECBDCBCEADBBDBDDCBEDADEEB;CECEBEDADCAADECDBBCEBDCCCACABBABBADDDCEADBBCE;1;140;160;120;180;180;780
3469253;2024;15105016;1508357;Vitória do Xingu;15;PA;2;1;1;1500602;Altamira;15;PA;0;0;0;0;;;;;;;;;;;;;1;;;;;;;;;;;
790191;2024;;;;;;;;;1500602;Altamira;15;PA;0;0;0;0;;;;;;;;;;;;;1;;;;;;;;;;;
2986672;2024;;;;;;;;;1500602;Altamira;15;PA;0;0;0;0;;;;;;;;;;;;;0;;;;;;;;;;;
453387;2024;;;;;;;;;1500602;Altamira;15;PA;0;0;0;0;;;;;;;;;;;;;0;;;;;;;;;;;
2061163;2024;;;;;;;;;1500602;Altamira;15;PA;0;0;0;0;;;;;;;;;;;;;1;;;;;;;;;;;
116494;2024;15104907;1500602;Altamira;15;PA;2;1;1;1500602;Altamira;15;PA;1;1;1;1;1421;1386;1397;1409;465.9;502.5;542.5;380.6;DCDABEACEBDEBECBBDEBADCBCCDBEBCAEBDEAECBCDDAD;EBDDADEEEBEDCDDADBCACCAECADEECCDAEDCBDEEDCEDB;BECDABCEDADEEBDBBDBBCBAABECDDACADADEBDDBCBDCE;EBEBBECEADBDDCCBCBDCABBBDDAAABBEDDCCBDCCBABEB;1;DDBDDEBBAAEDECBCEEDCAACDBBCEDBBAEXCCAEAACCAED;ACBCADCEDBAECEDADBADBEBCDADABCDEABCAEDEBBCECE;AACEADACDDCBEDADEEBDDBDBBCEECBDCBADDDCBDEDDCECBECE;CEBCEADBBCEADDDABBABBCCDCCECEDBACADECABEDADCB;1;120;200;120;180;160;780
33445;2024;;;;;;;;;1500602;Altamira;15;PA;1;1;1;1;1420;1383;1395;1408;505.7;354.5;493.8;443.5;DCEAACCEAEDBCAEAACEDEACDCBDAACEEDBCAABACBDADA;AEBCADEBACE.BDDC.AABECBACACDCAADABBBBCACDEEEE;AAACEECCECACEDBEEBAABBECDBDEBCDBDBDBEDBEAACEB;DDDBBADDECBCDDBBEDAEBABADEDCCBDCEBEEBBCAACACE;1;CAEDAACCAEEXCBBAEDBBCAACDEDCBCEECAAEDDDEBBDDB;CECEBEBCDBADDEBBABCDCAECEDADBAEABEADCEDADACBC;CAAAECDDDAECBECEDDCBDEDDCECBDCBCEADBBDBDDCBEDADEEB;CECEBEDADCAADECDBBCEBDCCCACABBABBADDDCEADBBCE;1;120;140;120;120;0;500
1725304;2024;;;;;;;;;1500602;Altamira;15;PA;1;1;1;1;1421;1386;1397;1409;384.5;534.4;504.7;445.8;BCABEDCEBEBECADDADDCCADBACEEACDCDBBEDECBACDCA;AAECACEEDBADCCEAADCDBEDEBADDABCEADCBBDEDEAEBB;BAAAECBEDADEECDEDDABDAABDAEDEACEECEACDCACBEEA;BEDABDBCADDECBBAECCDBDABEDDBECDBCDCBDADADBEAA;0;DDBDDEBBAAEDECBCEEDCAACDBBCEDBBAEXCCAEAACCAED;ACBCADCEDBAECEDADBADBEBCDADABCDEABCAEDEBBCECE;AACEADACDDCBEDADEEBDDBDBBCEECBDCBADDDCBDEDDCECBECE;CEBCEADBBCEADDDABBABBCCDCCECEDBACADECABEDADCB;1;80;100;80;100;0;360
1645154;2024;;;;;;;;;1500602;Altamira;15;PA;1;1;1;1;1420;1383;1395;1408;488.9;564.4;582.5;455.7;DDADB*CEEDEDDCDEDBDBCBECDCEADEDEDBDCDCCCBEDBB;CECBBCBCDEBDBECDAECDCBBCEEACEABECEADBBDDDCCEE;CCDEAEBBECEDDABBEDDCCDBAEBDEDDEADCDDCBEAADDEB;EACCACEECCCCDDCECCCBABBCBECBCCEDDDBDBACEAEADB;1;CAEDAACCAEEXCBBAEDBBCAACDEDCBCEECAAEDDDEBBDDB;CECEBEBCDBADDEBBABCDCAECEDADBAEABEADCEDADACBC;CAAAECDDDAECBECEDDCBDEDDCECBDCBCEADBBDBDDCBEDADEEB;CECEBEDADCAADECDBBCEBDCCCACABBABBADDDCEADBBCE;1;100;120;100;100;80;500
3434356;2024;;;;;;;;;1500602;Altamira;15;PA;1;1;1;1;1421;1386;1397;1409;482.7;471.3;415.4;461.6;DDACDDEBCBDECCEBDACBBBCAEDCBADAEDCDEAEBDBCBAD;ACEAACDBBDBCCEDAABBABDCCBEBDEDC*EECDDACBDEECB;BAEECCBCABDDCADDBDDEEBBACECCEACBDBACBABABAAED;CEEEEBCAABBDBAEDBBBDBBABBAEBDACADCCCBEECAAACD;0;DDBDDEBBAAEDECBCEEDCAACDBBCEDBBAEXCCAEAACCAED;ACBCADCEDBAECEDADBADBEBCDADABCDEABCAEDEBBCECE;AACEADACDDCBEDADEEBDDBDBBCEECBDCBADDDCBDEDDCECBECE;CEBCEADBBCEADDDABBABBCCDCCECEDBACADECABEDADCB;1;120;160;120;120;80;600
90411;2024;15104893;1500602;Altamira;15;PA;2;1;1;1500602;Altamira;15;PA;0;0;0;0;;;;;;;;;;;;;1;;;;;;;;;;;
1006643;2024;;;;;;;;;1500602;Altamira;15;PA;1;1;1;1;1419;1385;1398;1407;435.1;415.2;470.4;430.2;DEDCC*AAADBAACBEBEADCCAEEEEDAAEEEBABACCDBCCAB;CDEDDBAEEEDEADAAEABEDECAAEDACDCEECDDABABCBBDA;AAABDEABDCEEDAABDAEDADCEEADDCCABCEDDBEDEDCDEE;CCCDDBDBECCECEEDDCCEBBDEACCCCABDDBDBCCDBCCCDE;1;BCEAACDEDCAAEDDDEBBDDBECCAEDBBAAACCAEEXCBBCED;CAEDBADBEBCCEDADBAEACBCADCEDEBBEBACECEABCDDAD;EAAACDDCDADDCBDEECEECBDCDADEEBCBEBADBCEBDBDDDDCECB;ABBABBADDDBBCECEADCEBCCCDBADCBEDAECADACDBCECE;1;80;80;80;80;0;320
541284;2024;15107035;1504455;Medicilândia;15;PA;2;1;1;1500602;Altamira;15;PA;1;1;1;1;1421;1386;1397;1409;499.2;495.7;552.3;438.2;DDCEBEECACDDCBBDCCBEBDDBCADBEBDADDBEABBBECAEB;EDDCAEEEDEBCCEBABCCDCCAECCCAACCBADDABBEBAAACA;BCADAABEDADCEBDBEDCBCAABDDEAEBCBBBCEDDBECBECC;CDAECAAACBAEBCABAECEAABEBDABCDEADABBAADACBCBD;1;DDBDDEBBAAEDECBCEEDCAACDBBCEDBBAEXCCAEAACCAED;ACBCADCEDBAECEDADBADBEBCDADABCDEABCAEDEBBCECE;AACEADACDDCBEDADEEBDDBDBBCEECBDCBADDDCBDEDDCECBECE;CEBCEADBBCEADDDABBABBCCDCCECEDBACADECABEDADCB;1;100;140;100;100;80;520
3043823;2024;;;;;;;;;1500602;Altamira;15;PA;1;1;1;1;1422;1384;1396;1410;551.6;574;551.2;427;DBADDDDBEBCEAEDDDECEDCACDBCCDBCCCAEBCBCAEDBDC;DADABCDEECBBEDBBEBEDCEDABEAAECECEAD*BCCDBDABA;ADEDDCADECBBDAEEBDEBCDBEDDADDCACEBACBDCEAADBC;ADCDEBDDCBABCDBCBDBEDBDABEDDCBCDCBBCADEBDCAEA;0;BBCEDBBAEXCCAEDDBCAEDAACAAEDDDEBBECBCEEDCAACD;DADABCDCECEDEBBBEBCDBADACBCADCEBEADBAECAECEDA;AACEADDDACDADECBBDBEEBDDECCBEDDCADBBDEBCEBDCECEDDC;DBCECEACADABBECBEDADCCDCCABBBCECEBCEADABBADDD;1;120;160;120;120;100;620
2447103;2024;;;;;;;;;1500602;Altamira;15;PA;0;0;0;0;;;;;;;;;;;;;1;;;;;;;;;;;
2093833;2024;;;;;;;;;1500602;Altamira;15;PA;1;1;1;1;1421;1386;1397;1409;546.6;587.3;570;645.4;DEBCDBCAACCEBBBCBEDEDDEADCDBDBDDDCCDABAADCCED;ADCEADEEDBCDCECADCDDBCBCAADBACCEABCAEBCBDDCCE;DACEACBEDADDEBDDBDABCACDEBEAECADCBCEDDAECBEEE;DDBDBCABBCEACEDABEECDECECCCDEBBADBCBDDCEDDBCC;0;DDBDDEBBAAEDECBCEEDCAACDBBCEDBBAEXCCAEAACCAED;ACBCADCEDBAECEDADBADBEBCDADABCDEABCAEDEBBCECE;AACEADACDDCBEDADEEBDDBDBBCEECBDCBADDDCBDEDDCECBECE;CEBCEADBBCEADDDABBABBCCDCCECEDBACADECABEDADCB;1;140;180;160;200;180;860
3800297;2024;;;;;;;;;1500602;Altamira;15;PA;0;0;0;0;;;;;;;;;;;;;1;;;;;;;;;;;
2510353;2024;;;;;;;;;1500602;Altamira;15;PA;0;0;0;0;;;;;;;;;;;;;1;;;;;;;;;;;
725476;2024;;;;;;;;;1500602;Altamira;15;PA;1;1;1;1;1422;1384;1396;1410;395.6;447.1;399.6;380.3;BCBDBCEAADEEADAAACEACAABBAACBBBAECBADBDDBDBDC;ACBDAEABECDAADEBAAAADCCADBCACDAEBACBDADEACADA;AAACBBCBEAAACABAAADCCBAAABCEBABDBCCBDDAEAACAC;CADBCDBEABDCADBACACBCDADBBCACBDDBCABBBBACCEEC;0;BBCEDBBAEXCCAEDDBCAEDAACAAEDDDEBBECBCEEDCAACD;DADABCDCECEDEBBBEBCDBADACBCADCEBEADBAECAECEDA;AACEADDDACDADECBBDBEEBDDECCBEDDCADBBDEBCEBDCECEDDC;DBCECEACADABBECBEDADCCDCCABBBCECEBCEADABBADDD;1;80;120;100;80;20;400
3559688;2024;;;;;;;;;1500602;Altamira;15;PA;0;0;0;0;;;;;;;;;;;;;1;;;;;;;;;;;
3584087;2024;;;;;;;;;1500602;Altamira;15;PA;0;0;0;0;;;;;;;;;;;;;1;;;;;;;;;;;
3401798;2024;;;;;;;;;1500602;Altamira;15;PA;0;0;0;0;;;;;;;;;;;;;1;;;;;;;;;;;
2530873;2024;15140463;1500602;Altamira;15;PA;4;1;1;1500602;Altamira;15;PA;1;1;1;1;1419;1385;1398;1407;476.9;577.6;569.6;483.2;DDBECCCDDCCBCBAEEBDBDAECECABCBDCEDEECEDADCEBA;CAEBACDCEBBCEADCBEEADDCADCECDEBCCADED.CBCDBAD;ADCBADDCBCEECDECADCDADEEBCBEBADBCDEDBCDDDEECD;EDEAEBADDCCCDCAADCDEACDDACCAEDCEDCDCDDDCCCDDC;0;BCEAACDEDCAAEDDDEBBDDBECCAEDBBAAACCAEEXCBBCED;CAEDBADBEBCCEDADBAEACBCADCEDEBBEBACECEABCDDAD;EAAACDDCDADDCBDEECEECBDCDADEEBCBEBADBCEBDBDDDDCECB;ABBABBADDDBBCECEADCEBCCCDBADCBEDAECADACDBCECE;1;120;180;120;120;160;700
3107405;2024;;;;;;;;;1500602;Altamira;15;PA;1;1;1;1;1420;1383;1395;1408;537;585;556;502.3;BDDCCACECEEBBACECCCCADBDBDDBBAEECDEBCBBEAADAB;CBCBBEBCDBBDEAABABCDCABBEBACBEAEEBADBEDADEDBE;ECCCCBCDECADDADDECDACBDDDBCAACBCDCDACBEDADEEB;ADDCDBEAECCBDCAEBBECBEDCBADEBADBACAADEBDDEDAC;1;CAEDAACCAEEXCBBAEDBBCAACDEDCBCEECAAEDDDEBBDDB;CECEBEBCDBADDEBBABCDCAECEDADBAEABEADCEDADACBC;CAAAECDDDAECBECEDDCBDEDDCECBDCBCEADBBDBDDCBEDADEEB;CECEBEDADCAADECDBBCEBDCCCACABBABBADDDCEADBBCE;1;100;120;120;140;80;560
41079;2024;;;;;;;;;1500602;Altamira;15;PA;0;0;0;0;;;;;;;;;;;;;1;;;;;;;;;;;
1559014;2024;;;;;;;;;1500602;Altamira;15;PA;0;0;0;0;;;;;;;;;;;;;0;;;;;;;;;;;
304996;2024;;;;;;;;;1500602;Altamira;15;PA;1;1;1;1;1421;1386;1397;1409;384.3;437.8;467.2;452.2;EAAEBDECEADBACDCDEEBDDABEBCBCAAADEBECAEABBEAB;DDBEACDCDBAADCBACBBACEDBBD.BDBBDACBCEDCACAEAD;CAABDDCAEBDCECDADAEBEBAACABDAEBDCBBCAEEECAEAE;BDDDBEBEBEADBBEDACBAEDCCCCEEDBABDCEADEDBBBCAE;0;DDBDDEBBAAEDECBCEEDCAACDBBCEDBBAEXCCAEAACCAED;ACBCADCEDBAECEDADBADBEBCDADABCDEABCAEDEBBCECE;AACEADACDDCBEDADEEBDDBDBBCEECBDCBADDDCBDEDDCECBECE;CEBCEADBBCEADDDABBABBCCDCCECEDBACADECABEDADCB;1;80;120;100;120;120;540
2690217;2024;;;;;;;;;1500602;Altamira;15;PA;1;1;1;1;1422;1384;1396;1410;448.4;362.9;391.1;479.9;CDEDBECEEAEEACDECEEABCABDCDEBDEACEBDCADECADCA;ABACABEEBACCBEBAECABBDEEAABABDBCAABBCADB.....;EADDEBCEEDCBDCDDEDEABEADCDEEADCBEAAECBABDAAAB;DCDEBCBDCEBABACADDEEECBDCBECBDEECDCABBCBDACAE;0;BBCEDBBAEXCCAEDDBCAEDAACAAEDDDEBBECBCEEDCAACD;DADABCDCECEDEBBBEBCDBADACBCADCEBEADBAECAECEDA;AACEADDDACDADECBBDBEEBDDECCBEDDCADBBDEBCEBDCECEDDC;DBCECEACADABBECBEDADCCDCCABBBCECEBCEADABBADDD;4;0;0;0;0;0;0
3830741;2024;;;;;;;;;1500602;Altamira;15;PA;1;1;1;1;1420;1383;1395;1408;502.4;491;537.9;584.9;DEEECDCDABBACCADEAEACBBDBCDBAAEAEBCCCEEBDADDB;AACAEBBEDBDDBBCDBEBEAACCECCDDDEECCAAEEBADBBBE;AAABCECCECEDEAADEBECABBACBCADBDCDCDDCBAEADCEB;DEBBDCECCBEDAEECCACABCEEEECDAAAACBBDDBDDABBAD;0;CAEDAACCAEEXCBBAEDBBCAACDEDCBCEECAAEDDDEBBDDB;CECEBEBCDBADDEBBABCDCAECEDADBAEABEADCEDADACBC;CAAAECDDDAECBECEDDCBDEDDCECBDCBCEADBBDBDDCBEDADEEB;CECEBEDADCAADECDBBCEBDCCCACABBABBADDDCEADBBCE;1;140;160;140;160;200;800
309582;2024;;;;;;;;;1500602;Altamira;15;PA;0;1;1;0;;1384;1396;;;423.7;337.5;;;CADBECCBABEABCDCDCCEABCCAACEDCCBBADCCADABCAAC;ABDDECBEDCEDBADCAACADBBEBDBDACEACEADBDECACBBE;;0;;DADABCDCECEDEBBBEBCDBADACBCADCEBEADBAECAECEDA;AACEADDDACDADECBBDBEEBDDECCBEDDCADBBDEBCEBDCECEDDC;;4;0;0;0;0;0;0
1666522;2024;;;;;;;;;1500602;Altamira;15;PA;1;1;1;1;1419;1385;1398;1407;494.6;485.9;475.8;397.4;EEBAACBABBEBAAECEEADCBCCDCEBBABCDDEAEBCDBCCCC;CBADCBEBCBECDDACBABCBDDACEBAEBDEEACABAAEBABDD;DBABAABDABEECCECDCCCBACEBCAADAABDABEBDDECCBBB;DCCBDEBCAADDCDDCBABDBDBDADAACBBDDBADBEDADBDBC;0;BCEAACDEDCAAEDDDEBBDDBECCAEDBBAAACCAEEXCBBCED;CAEDBADBEBCCEDADBAEACBCADCEDEBBEBACECEABCDDAD;EAAACDDCDADDCBDEECEECBDCDADEEBCBEBADBCEBDBDDDDCECB;ABBABBADDDBBCECEADCEBCCCDBADCBEDAECADACDBCECE;1;120;120;100;80;60;480
2757526;2024;;;;;;;;;1500602;Altamira;15;PA;1;1;1;1;1420;1383;1395;1408;452.1;530;490.1;512.5;DDCBBEEEAEBDBEACECACAEDCCBBEAEDECBDCEADEBADAC;AACBBBDDCEEDEEABBACCCAECCCADEBDAADDDACDADABEB;ACDAEDCEEADBDEBEEBEBAAACCBDADBECDCDEDBDBADEDA;DCEBDAEBACADEBCAEBADECDECAECBDACCAEDABAEEBAEC;1;CAEDAACCAEEXCBBAEDBBCAACDEDCBCEECAAEDDDEBBDDB;CECEBEBCDBADDEBBABCDCAECEDADBAEABEADCEDADACBC;CAAAECDDDAECBECEDDCBDEDDCECBDCBCEADBBDBDDCBEDADEEB;CECEBEDADCAADECDBBCEBDCCCACABBABBADDDCEADBBCE;1;140;180;140;160;140;760
281172;2024;;;;;;;;;1500602;Altamira;15;PA;1;1;1;1;1420;1383;1395;1408;450.7;410.6;342.6;481;CBEADEBCADEBDAEAEBDEBCADBDECABECADBECDBAECAED;BEDCABDDCDAEBECADEDACEBCAECDBECAEDBADBECCAEDB;DACBECDABEDCABBACDEAECBDACEBDDEBBACADDCEABEDC;CBCDEABCCEDBDBDDCCEDAEADBADDACACDADDDDBCADADD;1;CAEDAACCAEEXCBBAEDBBCAACDEDCBCEECAAEDDDEBBDDB;CECEBEBCDBADDEBBABCDCAECEDADBAEABEADCEDADACBC;CAAAECDDDAECBECEDDCBDEDDCECBDCBCEADBBDBDDCBEDADEEB;CECEBEDADCAADECDBBCEBDCCCACABBABBADDDCEADBBCE;1;120;180;60;100;60;520
12548;2024;;;;;;;;;1500602;Altamira;15;PA;1;1;1;1;1419;1385;1398;1407;478.9;535.2;555.1;473.7;EDACDEADEDDBCADDCDEDDAEBEDEACBBCADBBECBBDCADC;DACDDDDBEAECDBAEEEDADDCAEBEAECDCEABEDBAECBDAD;ABDCADDCBDEECDAACDEDADCEBDBECECBDEBDCADEDBECA;BBCADAECEABACEDDEBBECBCEDBDACEBCBECADBDACDDBD;1;BCEAACDEDCAAEDDDEBBDDBECCAEDBBAAACCAEEXCBBCED;CAEDBADBEBCCEDADBAEACBCADCEDEBBEBACECEABCDDAD;EAAACDDCDADDCBDEECEECBDCDADEEBCBEBADBCEBDBDDDDCECB;ABBABBADDDBBCECEADCEBCCCDBADCBEDAECADACDBCECE;1;120;180;100;120;120;640
3012428;2024;;;;;;;;;1500602;Altamira;15;PA;1;1;1;1;1420;1383;1395;1408;405.4;389.8;443.7;408.4;EEAADEBCDEAAAEAEECDEBADACDDAECBCABCEEEADBADBA;BCABCCCEAEDCBADBCBBCDBBCEBDBEDDACDCDCAEDECCCC;CDDCEBEBEDDCAADAEBBDDBDEEEBBDCACDCCBDEBCADCAB;DCCBADCEDEBBCDBBACBDBADADCECCACCABEDDADABDDCC;1;CAEDAACCAEEXCBBAEDBBCAACDEDCBCEECAAEDDDEBBDDB;CECEBEBCDBADDEBBABCDCAECEDADBAEABEADCEDADACBC;CAAAECDDDAECBECEDDCBDEDDCECBDCBCEADBBDBDDCBEDADEEB;CECEBEDADCAADECDBBCEBDCCCACABBABBADDDCEADBBCE;1;120;120;120;120;100;580
39321;2024;15104907;1500602;Altamira;15;PA;2;1;1;1500602;Altamira;15;PA;1;1;1;1;1420;1383;1395;1408;432.5;435;473.5;383;EEABBCDDBDCEECBBACCEDBDCACAABDBACECADEEAAEABA;EEBDEABEAAABAEDBEBAEDBDCDAABECDAAAECCBBACDCBD;EDEECECBEEAABCADEDACDBEACBBEDDCABAAABDEEAECBA;CCCAABEAAEEDCBABBDECAACEDEDCAEEBEEACBEAEBECBA;0;CAEDAACCAEEXCBBAEDBBCAACDEDCBCEECAAEDDDEBBDDB;CECEBEBCDBADDEBBABCDCAECEDADBAEABEADCEDADACBC;CAAAECDDDAECBECEDDCBDEDDCECBDCBCEADBBDBDDCBEDADEEB;CECEBEDADCAADECDBBCEBDCCCACABBABBADDDCEADBBCE;1;100;120;100;120;80;520
2763254;2024;;;;;;;;;1500602;Altamira;15;PA;1;1;1;1;1422;1384;1396;1410;422.9;509.9;445.4;462.1;BCBACABBEADEDABCCEBABDDCABADAAECBACDBDCECADBA;BABBEBCCEBCDEADBCBDBCCEAADEADEEBEBDBADCDBCECB;DACCECACBCEDECDEDDAAABCABDADBEDDECCAEADEECEDB;EADDBCDDACBDACEDEECABDCBAECBDAACEEACBAABCBEDC;1;BBCEDBBAEXCCAEDDBCAEDAACAAEDDDEBBECBCEEDCAACD;DADABCDCECEDEBBBEBCDBADACBCADCEBEADBAECAECEDA;AACEADDDACDADECBBDBEEBDDECCBEDDCADBBDEBCEBDCECEDDC;DBCECEACADABBECBEDADCCDCCABBBCECEBCEADABBADDD;1;80;120;100;100;120;520
3342043;2024;15177874;1500859;Anapu;15;PA;2;2;1;1500602;Altamira;15;PA;1;1;1;1;1421;1386;1397;1409;409.6;520.1;493.8;507.3;BAAAEDBEBDADDCECBBBDADBEBCBDDDBBBDAEADEDBECEE;ADDCACEAEEADDCEACCDABCBEDADBEBDCAECAEECBABECB;BAECADBCDADBCBABDEABDDBADADADBDDADBEDDBDBBEAC;DABBDAABABCDDEDBBEACEBCADAEDBADEDDACADBDCECBB;0;DDBDDEBBAAEDECBCEEDCAACDBBCEDBBAEXCCAEAACCAED;ACBCADCEDBAECEDADBADBEBCDADABCDEABCAEDEBBCECE;AACEADACDDCBEDADEEBDDBDBBCEECBDCBADDDCBDEDDCECBECE;CEBCEADBBCEADDDABBABBCCDCCECEDBACADECABEDADCB;1;120;120;120;100;140;600
3805873;2024;;;;;;;;;1500602;Altamira;15;PA;1;1;1;1;1419;1385;1398;1407;389.8;469.1;531.4;385.8;DCDBECBCDACDDCBAEBAACDBDECABCAAECEEACDBBACDEC;BBDAECDBBABAECDDAACADCDBEDACEDCEEABACEDBEECAD;BAABDDBBBDEEEDBABACBADDEADBEADCBADBDDDDEDCBCB;BCDBECCDBCBDABCDBEDAABDBDCBCADCBDEBACDADBECDB;0;BCEAACDEDCAAEDDDEBBDDBECCAEDBBAAACCAEEXCBBCED;CAEDBADBEBCCEDADBAEACBCADCEDEBBEBACECEABCDDAD;EAAACDDCDADDCBDEECEECBDCDADEEBCBEBADBCEBDBDDDDCECB;ABBABBADDDBBCECEADCEBCCCDBADCBEDAECADACDBCECE;1;140;120;120;160;80;620
951014;2024;15104907;1500602;Altamira;15;PA;2;1;1;1500602;Altamira;15;PA;1;1;1;1;1420;1383;1395;1408;476.1;630.8;542.8;460.2;BCDECDAEAEEBDBDBECDDBEDDBCEEBDEDABDCADBEBADCC;CECEBEBEABADDEBBABCDDABCECADBBEACCADAEDADAADE;CAAACECBEAAEDABDEBBBEBDACBCEDADDDADDBBADBDEEE;BCCBADDCADDBDBBCABCBACDEBEDCBDBBDCBDDCDCCCDCA;0;CAEDAACCAEEXCBBAEDBBCAACDEDCBCEECAAEDDDEBBDDB;CECEBEBCDBADDEBBABCDCAECEDADBAEABEADCEDADACBC;CAAAECDDDAECBECEDDCBDEDDCECBDCBCEADBBDBDDCBEDADEEB;CECEBEDADCAADECDBBCEBDCCCACABBABBADDDCEADBBCE;1;120;180;120;140;160;720
878876;2024;;;;;;;;;1500602;Altamira;15;PA;1;1;1;1;1422;1384;1396;1410;504.3;539.1;573.2;520.4;DCBEAAACEDBEECDCAEAEDABCECCDCEDEABCDEECBDAEEC;EADCBABEDCEAABDBAADDABCACEEACAECEABAEEEADCEDA;ADCCACADECBBDEEEBEAEAEBEDDAAEABBEBCADBDECEDDA;DBDECAACCBEAEDBDABCBEDAEEBCEBADCCCABEDDCCBEAA;0;BBCEDBBAEXCCAEDDBCAEDAACAAEDDDEBBECBCEEDCAACD;DADABCDCECEDEBBBEBCDBADACBCADCEBEADBAECAECEDA;AACEADDDACDADECBBDBEEBDDECCBEDDCADBBDEBCEBDCECEDDC;DBCECEACADABBECBEDADCCDCCABBBCECEBCEADABBADDD;1;120;140;80;80;140;560
3295744;2024;;;;;;;;;1500602;Altamira;15;PA;1;1;1;1;1419;1385;1398;1407;635.8;724.3;625.5;699.1;BBEDACCDADAADEEDEBBDDCECEAEBBEBCACEEEEBCDDCED;CAEDBADBEDECEDABBBEACBCADCEDEBBEBABECEDBCDDAD;DDCEACDCBDEECCECBDECADCEBCBEBDCBDEBDBDDDDCECB;CBBABEAADDBBCBBBABCDBCCCBABDCBCAADDBBECBBDEDC;1;BCEAACDEDCAAEDDDEBBDDBECCAEDBBAAACCAEEXCBBCED;CAEDBADBEBCCEDADBAEACBCADCEDEBBEBACECEABCDDAD;EAAACDDCDADDCBDEECEECBDCDADEEBCBEBADBCEBDBDDDDCECB;ABBABBADDDBBCECEADCEBCCCDBADCBEDAECADACDBCECE;1;160;200;160;160;160;840
1230393;2024;15583058;1500602;Altamira;15;PA;2;1;1;1500602;Altamira;15;PA;0;0;0;0;;;;;;;;;;;;;0;;;;;;;;;;;
3809130;2024;15582728;1500859;Anapu;15;PA;2;1;1;1500602;Altamira;15;PA;0;0;0;0;;;;;;;;;;;;;1;;;;;;;;;;;
1960137;2024;;;;;;;;;1500602;Altamira;15;PA;0;0;0;0;;;;;;;;;;;;;1;;;;;;;;;;;
1279816;2024;15106250;1501725;Brasil Novo;15;PA;2;1;1;1500602;Altamira;15;PA;1;1;1;1;1419;1385;1398;1407;431.9;483.8;532.4;557.6;BDBBDAEADBCE*BCEACECEBDACEBCDEAB*DBECACDEAEAD;DAADBBDAEBEDDBACDAAABEABDEDEACDEAADBCDCBEECDB;EDABACBBBEEECEEEDCCCADDEBCADADCBCEBDADDDDBBCE;EADACEADEDBCEAAECECEAABEDBDACAEBCEDBEDDAECECC;0;BCEAACDEDCAAEDDDEBBDDBECCAEDBBAAACCAEEXCBBCED;CAEDBADBEBCCEDADBAEACBCADCEDEBBEBACECEABCDDAD;EAAACDDCDADDCBDEECEECBDCDADEEBCBEBADBCEBDBDDDDCECB;ABBABBADDDBBCECEADCEBCCCDBADCBEDAECADACDBCECE;1;160;180;160;160;180;840
3534038;2024;;;;;;;;;1500602;Altamira;15;PA;0;0;0;0;;;;;;;;;;;;;0;;;;;;;;;;;
2696625;2024;15105016;1508357;Vitória do Xingu;15;PA;2;1;1;1500602;Altamira;15;PA;1;1;1;1;1420;1383;1395;1408;402.9;453.5;546.3;460.5;EDACACCEBEBCEEABBBDCAEDDDCEDAADBABCAEDBAEDDEA;BEAACDCEEADDAEBDBAACDBCDAEABEBEAECADDDCACEBBB;ADDDCECDEDBDDCBDEADBABCDBACEBDBCDBAECDECADEDA;ACCDBCDBCCAEAAACACADABACABBBCDAECBCABAECBDDAE;1;CAEDAACCAEEXCBBAEDBBCAACDEDCBCEECAAEDDDEBBDDB;CECEBEBCDBADDEBBABCDCAECEDADBAEABEADCEDADACBC;CAAAECDDDAECBECEDDCBDEDDCECBDCBCEADBBDBDDCBEDADEEB;CECEBEDADCAADECDBBCEBDCCCACABBABBADDDCEADBBCE;1;120;120;140;140;120;640
278388;2024;;;;;;;;;1500602;Altamira;15;PA;1;1;1;1;1422;1384;1396;1410;436.5;526.7;555.1;484.2;EBCEDBABDCBEEEDEECCABEABDCCECBECBBDAABCDCDBEE;BCDBBCEBECBBEBBCBAEAACDADBAACAEEDABEDBBAECDCA;DDDBCCAAECBEDAEEBDACABAEDDCBDBCEEBDADADECDDBE;CBCDDBABBDCEBCCBCC*DCEBBDADEEEBCBACEEEDBABBAB;1;BBCEDBBAEXCCAEDDBCAEDAACAAEDDDEBBECBCEEDCAACD;DADABCDCECEDEBBBEBCDBADACBCADCEBEADBAECAECEDA;AACEADDDACDADECBBDBEEBDDECCBEDDCADBBDEBCEBDCECEDDC;DBCECEACADABBECBEDADCCDCCABBBCECEBCEADABBADDD;1;120;120;100;120;80;540
1722806;2024;;;;;;;;;1500602;Altamira;15;PA;0;0;0;0;;;;;;;;;;;;;1;;;;;;;;;;;
1313894;2024;;;;;;;;;1500602;Altamira;15;PA;0;0;0;0;;;;;;;;;;;;;1;;;;;;;;;;;
1571598;2024;;;;;;;;;1500602;Altamira;15;PA;1;1;1;1;1420;1383;1395;1408;476.5;479.9;531.9;404.1;EDEDCABEADDEEBADDACCAABDBECDBBBECCECAEDBAACBC;BDAEBEBDAAADCAEBAACDEDBCBBADEEAACCCEDBCADCACE;CAADCEEDECEDEDDDEBDCBAEEDBBEECDEDDDADBEE.DEEB;ABBCCADCABDDBEDBEAACDBACBBBCDDCBBCEBBCBEDDDAB;1;CAEDAACCAEEXCBBAEDBBCAACDEDCBCEECAAEDDDEBBDDB;CECEBEBCDBADDEBBABCDCAECEDADBAEABEADCEDADACBC;CAAAECDDDAECBECEDDCBDEDDCECBDCBCEADBBDBDDCBEDADEEB;CECEBEDADCAADECDBBCEBDCCCACABBABBADDDCEADBBCE;1;80;120;80;120;80;480
1058050;2024;15107035;1504455;Medicilândia;15;PA;2;1;1;1500602;Altamira;15;PA;1;1;1;1;1422;1384;1396;1410;407.1;455.4;518.6;437;DDCEECBCABDEAEDCCEACCEADBCADEBDDBAECAADCBBCEB;ADDEBCEACAECDAAECCEADBACEDDADBECBADECEBABCDCB;DBEBADADECBBDCCEBDDEAABECCBECCACEDDAEEBECDCBB;BCCBDDADECAABEDBEDCDADCACEEBBACDAABCEADBEBCEB;1;BBCEDBBAEXCCAEDDBCAEDAACAAEDDDEBBECBCEEDCAACD;DADABCDCECEDEBBBEBCDBADACBCADCEBEADBAECAECEDA;AACEADDDACDADECBBDBEEBDDECCBEDDCADBBDEBCEBDCECEDDC;DBCECEACADABBECBEDADCCDCCABBBCECEBCEADABBADDD;1;120;160;100;120;100;600
4302029;2024;;;;;;;;;1500602;Altamira;15;PA;0;0;0;0;;;;;;;;;;;;;1;;;;;;;;;;;
248775;2024;;;;;;;;;1500602;Altamira;15;PA;0;0;0;0;;;;;;;;;;;;;1;;;;;;;;;;;
2953116;2024;;;;;;;;;1500602;Altamira;15;PA;1;1;1;1;1421;1386;1397;1409;370.9;540.4;486.9;406.3;DBECBDDCDEABCEABACCEBBEDDACEEBBBCDEBEACCAEDBE;ACCDADEDEDADCEDACEEABDBEBEEBBBDEAADADDABECECB;ACDBDDAEABDAEBBDBDABEDEBADCDABCBCDECBDBBDBEDA;CDADCDCCDDEBDDCBABCCDADCEDABAAEAECECAEACEEADE;1;DDBDDEBBAAEDECBCEEDCAACDBBCEDBBAEXCCAEAACCAED;ACBCADCEDBAECEDADBADBEBCDADABCDEABCAEDEBBCECE;AACEADACDDCBEDADEEBDDBDBBCEECBDCBADDDCBDEDDCECBECE;CEBCEADBBCEADDDABBABBCCDCCECEDBACADECABEDADCB;1;120;120;120;120;0;480
901399;2024;;;;;;;;;1500602;Altamira;15;PA;1;1;1;1;1420;1383;1395;1408;484.6;440.8;461.4;401.6;DDEBAECEADEDBBDADCADCBCEADDCCBCCEBADBEBCDBBAD;DAAEECADEBDDECABCAECCABCEEACDBBADECCBADBECACA;EBACBDCBECDDCAADCBDBDDEECBBEA*ACDCBDEBCCBEDCE;CB*CDC*BCAECDBABECADDB.*E*DBECDDCBEEAC.EDACDB;0;CAEDAACCAEEXCBBAEDBBCAACDEDCBCEECAAEDDDEBBDDB;CECEBEBCDBADDEBBABCDCAECEDADBAEABEADCEDADACBC;CAAAECDDDAECBECEDDCBDEDDCECBDCBCEADBBDBDDCBEDADEEB;CECEBEDADCAADECDBBCEBDCCCACABBABBADDDCEADBBCE;4;0;0;0;0;0;0
3785139;2024;;;;;;;;;1500602;Altamira;15;PA;1;1;1;1;1420;1383;1395;1408;392.5;396.9;375.4;482.2;CBCBCBDEABACEEBABCDCDCEBBDCCABADBCAEADCBBCDBC;BCBABBAEDDABABAAABEDBBACAEBABAAACCBEAACDBEEAA;AEACACDEBDCCBEADAAACDAACBBAACEBCBCCBAAEEBBCBE;CEDCBACCAAEBCDEEBAABCEBABCCACEAB*CAECBBDBAEAD;1;CAEDAACCAEEXCBBAEDBBCAACDEDCBCEECAAEDDDEBBDDB;CECEBEBCDBADDEBBABCDCAECEDADBAEABEADCEDADACBC;CAAAECDDDAECBECEDDCBDEDDCECBDCBCEADBBDBDDCBEDADEEB;CECEBEDADCAADECDBBCEBDCCCACABBABBADDDCEADBBCE;6;0;0;0;0;0;0
4047629;2024;15200205;1500602;Altamira;15;PA;1;1;1;1500602;Altamira;15;PA;0;1;1;0;;1384;1396;;;451.1;492.4;;;ADCDDBEADCADCDADECAEBDCADBECDADBCAEDBACEECDBA;DBDBABADEDEBDBEEBDEEBDAEADC*EDCADEBCADECBAEDC;;1;;DADABCDCECEDEBBBEBCDBADACBCADCEBEADBAECAECEDA;AACEADDDACDADECBBDBEEBDDECCBEDDCADBBDEBCEBDCECEDDC;;1;100;140;80;120;100;540
4311715;2024;;;;;;;;;1500602;Altamira;15;PA;0;0;0;0;;;;;;;;;;;;;0;;;;;;;;;;;
3556616;2024;;;;;;;;;1500602;Altamira;15;PA;1;1;1;1;1422;1384;1396;1410;398.8;428.7;420.2;511;DDCEBDABDCAEBEDAADEAAEADDCCEEDCEDCAAEACAAEAEC;EABAEAADAABBEAACACCBEADABDABBCACBEADADABBCDCA;BBDAABA*EBBCCDDEBDBDCACADACEACAEDAACEBBEDCBAB;CBBDDCBDDEAABCCDEDAEACBACEBCDDCCCCBCB.ABBCBBB;1;BBCEDBBAEXCCAEDDBCAEDAACAAEDDDEBBECBCEEDCAACD;DADABCDCECEDEBBBEBCDBADACBCADCEBEADBAECAECEDA;AACEADDDACDADECBBDBEEBDDECCBEDDCADBBDEBCEBDCECEDDC;DBCECEACADABBECBEDADCCDCCABBBCECEBCEADABBADDD;1;120;120;40;140;40;460
1393148;2024;15169138;1500602;Altamira;15;PA;2;1;1;1500602;Altamira;15;PA;1;1;1;1;1422;1384;1396;1410;584.2;567.5;576.4;627.3;DACECBCBEBCEAEDBBCBEDBCCABBEDBEACECBABDACDABC;DADBBCDCECABEBDBDACCADDACBEACEBEEACDBEAABCCDA;DDECCDADECBBDAEEBDCBAABEDDBDCDBCEBCECBEECDDBC;DBCEBAABDDECBBDCCEBCACBDBACCECBCEACBACACEBBDD;1;BBCEDBBAEXCCAEDDBCAEDAACAAEDDDEBBECBCEEDCAACD;DADABCDCECEDEBBBEBCDBADACBCADCEBEADBAECAECEDA;AACEADDDACDADECBBDBEEBDDECCBEDDCADBBDEBCEBDCECEDDC;DBCECEACADABBECBEDADCCDCCABBBCECEBCEADABBADDD;1;120;160;120;140;140;680
22337;2024;;;;;;;;;1500602;Altamira;15;PA;0;0;0;0;;;;;;;;;;;;;1;;;;;;;;;;;
1570726;2024;;;;;;;;;1500602;Altamira;15;PA;1;1;1;1;1420;1383;1395;1408;354.3;430.9;470.9;492.8;BCDADADBDCAECBCCBDCBACDAECEDCBCCDCCCCDBCCCCCC;DDCDCBEDCCCEACBCDBDABCECDEACCEADCACDDDACDDC*C;BDCE.CABBCCDDDBAECDACBECBBBCEBCBBDDDABCACEEBA;CABCBADCCCBBCCCCCCCDBCADADCADEDBAEBACDBACEACD;1;CAEDAACCAEEXCBBAEDBBCAACDEDCBCEECAAEDDDEBBDDB;CECEBEBCDBADDEBBABCDCAECEDADBAEABEADCEDADACBC;CAAAECDDDAECBECEDDCBDEDDCECBDCBCEADBBDBDDCBEDADEEB;CECEBEDADCAADECDBBCEBDCCCACABBABBADDDCEADBBCE;1;40;40;20;40;0;140
33366;2024;;;;;;;;;1500602;Altamira;15;PA;0;0;0;0;;;;;;;;;;;;;0;;;;;;;;;;;
4099579;2024;;;;;;;;;1500602;Altamira;15;PA;0;0;0;0;;;;;;;;;;;;;1;;;;;;;;;;;
2346516;2024;;;;;;;;;1500602;Altamira;15;PA;1;1;1;1;1422;1384;1396;1410;462.2;494.1;530.5;436.4;CCDCBAAABDBAAEDEBDADBDDCBCCDADEBDAADEDDECADCB;ACDBEACBECBDDBACDBDADCDADCEADEBECADEEBAABACCA;ACABDCADECBEDAEEADEABCBAEDAAEABCEBDECBDECDCDA;BCEDCEEEACDCBDAACECEBECCBDDAACBADAECDCACCBCED;0;BBCEDBBAEXCCAEDDBCAEDAACAAEDDDEBBECBCEEDCAACD;DADABCDCECEDEBBBEBCDBADACBCADCEBEADBAECAECEDA;AACEADDDACDADECBBDBEEBDDECCBEDDCADBBDEBCEBDCECEDDC;DBCECEACADABBECBEDADCCDCCABBBCECEBCEADABBADDD;1;120;200;120;120;160;720
3745877;2024;;;;;;;;;1500602;Altamira;15;PA;1;1;1;1;1420;1383;1395;1408;391.3;437.2;480.5;388.7;DCBBADBEDCDCBACAEBBCCADEEBBCDDCACCBABEBEDACBA;CAAECDCBAEDCDCCBBABECDAC*EACEACAABACAEDCBDDCB;EABDEECBECCCABACBBBCDBEEEBCADEEDDADACDACADCBA;CDDCDCBDCDBDCBECACBDBACCDEDCC*EDCBBEECDDBDEAE;0;CAEDAACCAEEXCBBAEDBBCAACDEDCBCEECAAEDDDEBBDDB;CECEBEBCDBADDEBBABCDCAECEDADBAEABEADCEDADACBC;CAAAECDDDAECBECEDDCBDEDDCECBDCBCEADBBDBDDCBEDADEEB;CECEBEDADCAADECDBBCEBDCCCACABBABBADDDCEADBBCE;1;120;120;80;100;120;540
3616968;2024;;;;;;;;;1500602;Altamira;15;PA;1;1;1;1;1422;1384;1396;1410;534.4;626.6;599.3;492;AAABBBBBEBEEEECACEDEBADCAACEBEBBBAEBDCEBCABEA;DADABCBAECBDEBB.EBEDBADACBCADDEEEABEEABAECEDA;DEAAEDADECBBDBEEBDADACBECDCDDDBDEEDDBDEECCADC;BEDCABBDBDBCCDADCCAACEBEBBECBDEDCAAABBACEBCED;1;BBCEDBBAEXCCAEDDBCAEDAACAAEDDDEBBECBCEEDCAACD;DADABCDCECEDEBBBEBCDBADACBCADCEBEADBAECAECEDA;AACEADDDACDADECBBDBEEBDDECCBEDDCADBBDEBCEBDCECEDDC;DBCECEACADABBECBEDADCCDCCABBBCECEBCEADABBADDD;1;120;120;120;100;100;560
73089;2024;;;;;;;;;1500602;Altamira;15;PA;0;0;0;0;;;;;;;;;;;;;1;;;;;;;;;;;
1976156;2024;;;;;;;;;1500602;Altamira;15;PA;0;0;0;0;;;;;;;;;;;;;0;;;;;;;;;;;
142412;2024;;;;;;;;;1500602;Altamira;15;PA;0;1;1;0;;1383;1395;;;382.6;540.2;;;AEEBDECAACBBDEEDEAADACDEBCCECACCEADACDBABDBCA;ACACDECBECDDDABA*BDCA.BACBDADBDEDDDECBCDADEEA;;0;;CECEBEBCDBADDEBBABCDCAECEDADBAEABEADCEDADACBC;CAAAECDDDAECBECEDDCBDEDDCECBDCBCEADBBDBDDCBEDADEEB;;1;120;160;120;120;120;640
1161600;2024;;;;;;;;;1500602;Altamira;15;PA;0;0;0;0;;;;;;;;;;;;;1;;;;;;;;;;;
681916;2024;15107035;1504455;Medicilândia;15;PA;2;1;1;1500602;Altamira;15;PA;1;1;1;1;1422;1384;1396;1410;482.7;462;514;604.2;ECDDCBCAACBEAEDCCDEAAABACCCEDDCAEEEACEDBBEBCA;BDBBEBDDECBBDCBBECAADCEBEACEDDAEAACBBEABECBDD;DBDCABADBCBEDDADBBEEAADEDDADBABCEBDCDCEEEBCAC;AEEEEDADBCCBDABDEDCBAEDCECCDBDDCAEACAABBBADEA;1;BBCEDBBAEXCCAEDDBCAEDAACAAEDDDEBBECBCEEDCAACD;DADABCDCECEDEBBBEBCDBADACBCADCEBEADBAECAECEDA;AACEADDDACDADECBBDBEEBDDECCBEDDCADBBDEBCEBDCECEDDC;DBCECEACADABBECBEDADCCDCCABBBCECEBCEADABBADDD;1;140;200;120;160;200;820
2869543;2024;;;;;;;;;1500602;Altamira;15;PA;0;0;0;0;;;;;;;;;;;;;1;;;;;;;;;;;
3473398;2024;;;;;;;;;1500602;Altamira;15;PA;1;1;1;1;1420;1383;1395;1408;376.2;396.9;498.9;412.5;CAACBCDEBBBDEBAAEBECAACDBBAEEBDBEACCEDABBCDEC;CEAAEBCADBDACCBCABCBCBCABDCBCBBACCBBACDBBAECD;ACADCBDCECEDDAAEEBBCADDACBDBEBBBDADBCACBADCCB;CBCECEDEEBCCEDCDDACEDCCBEDBBCABDCBCBADDBBECCC;0;CAEDAACCAEEXCBBAEDBBCAACDEDCBCEECAAEDDDEBBDDB;CECEBEBCDBADDEBBABCDCAECEDADBAEABEADCEDADACBC;CAAAECDDDAECBECEDDCBDEDDCECBDCBCEADBBDBDDCBEDADEEB;CECEBEDADCAADECDBBCEBDCCCACABBABBADDDCEADBBCE;1;100;140;80;100;120;540
757469;2024;15200205;1500602;Altamira;15;PA;1;1;1;1500602;Altamira;15;PA;1;1;1;1;1419;1385;1398;1407;414.3;605.8;576.4;576.7;EEAAEAACEDCCDDCDEBAEABBECCAAEDADACECEDBCDCCBB;CAEDADDBEBECCBADEAEECDAAAAEDEBBEEAAECBCECDDAD;BDCAADBCADEECEEBCDECCDEEBCCEDEEBDCDDADDDDCECB;DCAAEEBDEDCABBDBDDCDBBEDCCAECCBCABCDCEECDBEBC;1;BCEAACDEDCAAEDDDEBBDDBECCAEDBBAAACCAEEXCBBCED;CAEDBADBEBCCEDADBAEACBCADCEDEBBEBACECEABCDDAD;EAAACDDCDADDCBDEECEECBDCDADEEBCBEBADBCEBDBDDDDCECB;ABBABBADDDBBCECEADCEBCCCDBADCBEDAECADACDBCECE;1;140;160;140;180;180;800
3495818;2024;15177858;1500602;Altamira;15;PA;2;2;1;1500602;Altamira;15;PA;1;1;1;1;1421;1386;1397;1409;454.3;383;330.3;446.9;DEADABBCDBECCCDCADBCDBDCBBECEBACACCDEDBAECBEA;DCABDDEEBAECBACACEBDEECABDEBCECDACDEABBCDEADC;BAAEEDEAACEEBDCAEEDCCADBEBBDEACDEACAAEBCDABDB;CEAACBDDBCDDDEBCEAEAABDEDDDBCBEADCEBADBBCCBBE;0;DDBDDEBBAAEDECBCEEDCAACDBBCEDBBAEXCCAEAACCAED;ACBCADCEDBAECEDADBADBEBCDADABCDEABCAEDEBBCECE;AACEADACDDCBEDADEEBDDBDBBCEECBDCBADDDCBDEDDCECBECE;CEBCEADBBCEADDDABBABBCCDCCECEDBACADECABEDADCB;1;100;120;80;80;0;380
118299;2024;;;;;;;;;1500602;Altamira;15;PA;0;1;1;0;;1384;1396;;;361;388.1;;;BABCADEBABEDBBADABDADBEBEACDCBDEBEBCBAAABBCDA;AADBEDEEEBDADCDBADEACDBEBEDCACCEADACECCABECDB;;1;;DADABCDCECEDEBBBEBCDBADACBCADCEBEADBAECAECEDA;AACEADDDACDADECBBDBEEBDDECCBEDDCADBBDEBCEBDCECEDDC;;1;120;160;120;120;80;600
575271;2024;;;;;;;;;1500602;Altamira;15;PA;0;0;0;0;;;;;;;;;;;;;0;;;;;;;;;;;
470222;2024;15106101;1500602;Altamira;15;PA;2;1;1;1500602;Altamira;15;PA;1;1;1;1;1421;1386;1397;1409;413.4;365.3;432.2;410.5;DCBECCDEBEDABEAEDBBCDBCAEBDECEDABADCABCAEEEBC;BDACDCDAAECACBDBADAACBEDEACDBEAEEADBBCEAEDBEA;CBDAECAEBBDBCADBCDABBEAADEDEBEBECAEDAAECABCDA;ACBDAEBDECEBACDDACDBDCADEEBCABDCEACEBBECAEACD;1;DDBDDEBBAAEDECBCEEDCAACDBBCEDBBAEXCCAEAACCAED;ACBCADCEDBAECEDADBADBEBCDADABCDEABCAEDEBBCECE;AACEADACDDCBEDADEEBDDBDBBCEECBDCBADDDCBDEDDCECBECE;CEBCEADBBCEADDDABBABBCCDCCECEDBACADECABEDADCB;1;100;120;60;100;0;380
1223055;2024;;;;;;;;;1500602;Altamira;15;PA;1;1;1;1;1419;1385;1398;1407;479.8;455.2;409.8;427.1;DCADACCBCCAEBEEDEAEEAABDEBEBEEABECEACBBBBCACD;CBBEDAAEBABEDCABEEADCACACABDEAEACABACEABBCEAD;BDDACABCEADCACBDABEABECAADAEEBAABEDDADCBADBCB;BDEEABDCDAEAACBCDACDADAEBCCBDCCBEAECDDDBCCCCE;1;BCEAACDEDCAAEDDDEBBDDBECCAEDBBAAACCAEEXCBBCED;CAEDBADBEBCCEDADBAEACBCADCEDEBBEBACECEABCDDAD;EAAACDDCDADDCBDEECEECBDCDADEEBCBEBADBCEBDBDDDDCECB;ABBABBADDDBBCECEADCEBCCCDBADCBEDAECADACDBCECE;1;100;80;60;100;40;380
2091103;2024;;;;;;;;;1500602;Altamira;15;PA;1;1;1;1;1420;1383;1395;1408;393.1;494.4;470.4;444.7;ECDBECDAAECDECDECCADBBBCAACEACADEDBDEEDDEEEEB;BEBABCACBECDDDEACECCAABCCEBCEAEADBAAEBAEDEBCC;DDEABEDBDDECDBBCECDBABDEECACACEEDADECDAAEEDEB;CDCCBCCCCCCCDEEBACDEDADCDECCDDBEACCDDACEBEADB;1;CAEDAACCAEEXCBBAEDBBCAACDEDCBCEECAAEDDDEBBDDB;CECEBEBCDBADDEBBABCDCAECEDADBAEABEADCEDADACBC;CAAAECDDDAECBECEDDCBDEDDCECBDCBCEADBBDBDDCBEDADEEB;CECEBEDADCAADECDBBCEBDCCCACABBABBADDDCEADBBCE;1;120;140;120;120;120;620
1189894;2024;;;;;;;;;1500602;Altamira;15;PA;0;0;0;0;;;;;;;;;;;;;0;;;;;;;;;;;
2062406;2024;;;;;;;;;1500602;Altamira;15;PA;1;1;1;1;1421;1386;1397;1409;578.5;576.9;603.2;692.2;DDBEDDEBACCEECBAAEBCBEEBBDDEDBADDBBCADCDBBCED;ADBCADEEDEAECEDADBBDCCBEBBDEBEEEACCBBCCBDBECE;DACDDDBEBADEEBBDEDDBCEDDAECDADCBCADEDDCECBECE;CEBEDADBBCCBBDDABABBCDEECDECBDECCBDCDABAEADBC;1;DDBDDEBBAAEDECBCEEDCAACDBBCEDBBAEXCCAEAACCAED;ACBCADCEDBAECEDADBADBEBCDADABCDEABCAEDEBBCECE;AACEADACDDCBEDADEEBDDBDBBCEECBDCBADDDCBDEDDCECBECE;CEBCEADBBCEADDDABBABBCCDCCECEDBACADECABEDADCB;1;160;180;160;200;200;900
3714866;2024;15105016;1508357;Vitória do Xingu;15;PA;2;1;1;1500602;Altamira;15;PA;0;0;0;0;;;;;;;;;;;;;0;;;;;;;;;;;
3701934;2024;;;;;;;;;1500602;Altamira;15;PA;0;0;0;0;;;;;;;;;;;;;1;;;;;;;;;;;
1810681;2024;;;;;;;;;1500602;Altamira;15;PA;0;0;0;0;;;;;;;;;;;;;1;;;;;;;;;;;
1083185;2024;;;;;;;;;1500602;Altamira;15;PA;1;1;1;1;1420;1383;1395;1408;510.3;501.2;545.9;501.7;EDEBCDBEACEDDBABCBBACDACABBEBCAAEECCDBCDAEDAB;AECBBCBBCCBBAEADEEADDAADAEABAAEAABACBCDCDBBCC;CAAADEDBEDCDDDBDEDDBCBBDCBCBDBADBDDAEEACAAEEA;DDCBBCBBBEBACEDCDDCEBACBBEBBACABBBCDBDCBBBDDD;0;CAEDAACCAEEXCBBAEDBBCAACDEDCBCEECAAEDDDEBBDDB;CECEBEBCDBADDEBBABCDCAECEDADBAEABEADCEDADACBC;CAAAECDDDAECBECEDDCBDEDDCECBDCBCEADBBDBDDCBEDADEEB;CECEBEDADCAADECDBBCEBDCCCACABBABBADDDCEADBBCE;1;140;200;140;180;160;820
1433493;2024;;;;;;;;;1500602;Altamira;15;PA;1;1;1;1;1420;1383;1395;1408;551.5;367.5;552.3;437.3;ECAACECAAEEBBCBAABCBCADDACBEDCAECBACEDDCABDAB;BADBDBAEBDCCBEBBDCBCECBAECBEBAADDCBECDBACBCCB;DDCDDDCBECEDDDBEEBECCAEABBEADDCEDDDDCBEDADAEA;EACBBDECCCABDCACECBEEABCBECBCCDDDCDEADDDCBCCB;1;CAEDAACCAEEXCBBAEDBBCAACDEDCBCEECAAEDDDEBBDDB;CECEBEBCDBADDEBBABCDCAECEDADBAEABEADCEDADACBC;CAAAECDDDAECBECEDDCBDEDDCECBDCBCEADBBDBDDCBEDADEEB;CECEBEDADCAADECDBBCEBDCCCACABBABBADDDCEADBBCE;1;120;140;120;140;120;640
1622828;2024;;;;;;;;;1500602;Altamira;15;PA;1;1;1;1;1419;1385;1398;1407;378.2;392.8;432.8;405.2;EDADDBBDDBCCBEAEDAEAAEADEBABDAEBADEADDCDCBCED;EEDCCBADEAEEDAACBCBECBDABACBEBBDACECADEADACBE;DEBEDDEBCBEEEADDCBEDCADDBEADBCEBCABBEDACEECAC;ACDEBECBDACDBDBBECBECDCCD*BDCBBCDCBECABCDEABC;0;BCEAACDEDCAAEDDDEBBDDBECCAEDBBAAACCAEEXCBBCED;CAEDBADBEBCCEDADBAEACBCADCEDEBBEBACECEABCDDAD;EAAACDDCDADDCBDEECEECBDCDADEEBCBEBADBCEBDBDDDDCECB;ABBABBADDDBBCECEADCEBCCCDBADCBEDAECADACDBCECE;1;80;60;40;100;20;300
1470804;2024;15169138;1500602;Altamira;15;PA;2;1;1;1500602;Altamira;15;PA;1;1;1;1;1420;1383;1395;1408;414.7;498.7;412.7;380.9;CAADDECEAAEBEAABEBDBABDABDCAACDACEEBEBBECDAAB;ABCDEEBADDBDCEEABACDCCBCACAEEDDDADADEABECEBAC;BBAEBCCBDAACABAEBECDBDEEEBBAACCDBBAEADBADDACC;EDAAADEDCBBDBABCABDEBCDAEDACABDCBDBDBACECCADA;0;CAEDAACCAEEXCBBAEDBBCAACDEDCBCEECAAEDDDEBBDDB;CECEBEBCDBADDEBBABCDCAECEDADBAEABEADCEDADACBC;CAAAECDDDAECBECEDDCBDEDDCECBDCBCEADBBDBDDCBEDADEEB;CECEBEDADCAADECDBBCEBDCCCACABBABBADDDCEADBBCE;1;120;140;120;140;140;660
260890;2024;15107035;1504455;Medicilândia;15;PA;2;1;1;1500602;Altamira;15;PA;0;0;0;0;;;;;;;;;;;;;1;;;;;;;;;;;
4309928;2024;;;;;;;;;1500602;Altamira;15;PA;1;1;1;1;1420;1383;1395;1408;490.2;442.4;476.8;513.9;EBDDCAEEAEEACDADCDBDADDEDCADCABBDADBEDDEDEDCC;EECBEAAECCDBCADBCBDCEABADCABEDDAAAACEBACDBADA;CAADBECDECBDDEEAEDCADBCEAADCBDCAEACDBAECBDBAD;DCCACCCCADDEBCABACCEDACBCEEEBDACBCBDDEACECACB;1;CAEDAACCAEEXCBBAEDBBCAACDEDCBCEECAAEDDDEBBDDB;CECEBEBCDBADDEBBABCDCAECEDADBAEABEADCEDADACBC;CAAAECDDDAECBECEDDCBDEDDCECBDCBCEADBBDBDDCBEDADEEB;CECEBEDADCAADECDBBCEBDCCCACABBABBADDDCEADBBCE;1;120;120;120;120;80;560
2808691;2024;;;;;;;;;1500602;Altamira;15;PA;1;1;1;1;1419;1385;1398;1407;428.7;472;427.1;426.3;EABBBEBBAADACEECAEEDCAEAAADBDBBEACBADADECBCAC;ABBCBBACDACABCACACCBDBCADABECEBBCAAECDACCBCED;DDDDEBACEEAE*AEACEEBACDDAAADAECADBEDABECCBEAB;BEDBCCDBE*DABBDBCDCCADADBDCCCEEDBBACACDEEADED;1;BCEAACDEDCAAEDDDEBBDDBECCAEDBBAAACCAEEXCBBCED;CAEDBADBEBCCEDADBAEACBCADCEDEBBEBACECEABCDDAD;EAAACDDCDADDCBDEECEECBDCDADEEBCBEBADBCEBDBDDDDCECB;ABBABBADDDBBCECEADCEBCCCDBADCBEDAECADACDBCECE;1;100;120;100;120;0;440
3288849;2024;;;;;;;;;1500602;Altamira;15;PA;0;0;0;0;;;;;;;;;;;;;1;;;;;;;;;;;
2807388;2024;;;;;;;;;1500602;Altamira;15;PA;1;1;1;1;1421;1386;1397;1409;502.5;481.3;383;439.3;EDCDDECDBEADCCDDADCEADDEDBCABBBCEBCBADEEAEDEC;ADCEDDCAAEAACCEAAEBDBEAEBADDBECEBEA*BCDAEBEBE;AECEDCECDBCCEBDDECCECADCCEECEBDBEABBEADDECDA*;CDECBEABDBBBEDCBEECAADDBCCABCCBDCAEDCDCCDBAAA;0;DDBDDEBBAAEDECBCEEDCAACDBBCEDBBAEXCCAEAACCAED;ACBCADCEDBAECEDADBADBEBCDADABCDEABCAEDEBBCECE;AACEADACDDCBEDADEEBDDBDBBCEECBDCBADDDCBDEDDCECBECE;CEBCEADBBCEADDDABBABBCCDCCECEDBACADECABEDADCB;1;80;140;140;120;100;580
35049;2024;15104907;1500602;Altamira;15;PA;2;1;1;1500602;Altamira;15;PA;1;1;1;1;1421;1386;1397;1409;400.7;490.3;519.1;488.8;DDACEDEDBCCBACDBCDCDADCCCCBEBADCDBEBDBCADBEBB;ABDAADEDADABCBDADCCACAEDBDDBECCECEDACDECEBABA;AACCABBBAADDEADBBDABDCEBDBEDAECDBBDEEDCACCDDE;CCBCDDAEBACDCEEDBEBEBABCBEDDBABADACCCBEADAEBE;0;DDBDDEBBAAEDECBCEEDCAACDBBCEDBBAEXCCAEAACCAED;ACBCADCEDBAECEDADBADBEBCDADABCDEABCAEDEBBCECE;AACEADACDDCBEDADEEBDDBDBBCEECBDCBADDDCBDEDDCECBECE;CEBCEADBBCEADDDABBABBCCDCCECEDBACADECABEDADCB;1;160;200;200;180;180;920
2248311;2024;;;;;;;;;1500602;Altamira;15;PA;1;1;1;1;1421;1386;1397;1409;453;571.8;560.3;442.2;DBBADEEBBBBEAEEEADBCECCCBDBEBBABDDDEAEEBDEACE;ACCAAC*BBDEECEEADCCDBEBCDDDABEDBAEDABDDEBCECB;AAECACBECADEEBDDDDABCBBBBEEDDCCDCDBEDDAACBECE;ABADCEDDECCBCABACEDCEBDECCADBAAEDBBEBCDDBADBC;0;DDBDDEBBAAEDECBCEEDCAACDBBCEDBBAEXCCAEAACCAED;ACBCADCEDBAECEDADBADBEBCDADABCDEABCAEDEBBCECE;AACEADACDDCBEDADEEBDDBDBBCEECBDCBADDDCBDEDDCECBECE;CEBCEADBBCEADDDABBABBCCDCCECEDBACADECABEDADCB;1;120;120;120;100;140;600
2634256;2024;15583058;1500602;Altamira;15;PA;2;1;1;1500602;Altamira;15;PA;1;1;1;1;1420;1383;1395;1408;435.9;337.8;494.4;484.5;BDACEBCAEEDCBDCDBBCDCACDCECEAEDEBCCEBDEBCADBC;CBDAECCBBEDECCEACAEDDCBCDACAABECBCDEDBBCEBDBA;DCECECCBECADDCCBECDBDADBCDABCDDDEDEDBDADADBEA;CECBBDDBDCADEEADADECBDCEBDDACEDCDBDEBBCEBDCCC;1;CAEDAACCAEEXCBBAEDBBCAACDEDCBCEECAAEDDDEBBDDB;CECEBEBCDBADDEBBABCDCAECEDADBAEABEADCEDADACBC;CAAAECDDDAECBECEDDCBDEDDCECBDCBCEADBBDBDDCBEDADEEB;CECEBEDADCAADECDBBCEBDCCCACABBABBADDDCEADBBCE;1;80;120;80;100;0;380
444882;2024;;;;;;;;;1500602;Altamira;15;PA;0;0;0;0;;;;;;;;;;;;;1;;;;;;;;;;;
4130778;2024;;;;;;;;;1500602;Altamira;15;PA;1;1;1;1;1419;1385;1398;1407;366;508.4;499.7;425;EAACDDBABDEDAEADEBDACABCBAABCBEEDBEACCEDCDBCA;ABAACADBBBCACAABEABADACADECBCBBECAAEBBBCCCBCB;DCABAADCBDBEDADBDCDCADCDBDBBAABBDABDCDCDDAACA;ADEACABCEAADECABDAACADBDBCCDECEDDACACEDCADABC;0;BCEAACDEDCAAEDDDEBBDDBECCAEDBBAAACCAEEXCBBCED;CAEDBADBEBCCEDADBAEACBCADCEDEBBEBACECEABCDDAD;EAAACDDCDADDCBDEECEECBDCDADEEBCBEBADBCEBDBDDDDCECB;ABBABBADDDBBCECEADCEBCCCDBADCBEDAECADACDBCECE;1;120;120;120;120;160;640
3105684;2024;;;;;;;;;1500602;Altamira;15;PA;1;1;1;1;1420;1383;1395;1408;441.1;362.9;385.8;425.1;CDBCEBADEEACCEDCBEDDCADEBADDDCAEEDACAEBDACDAA;CABEDACACBDAEACDCECABCDDBCABDEABCDEDCBABCDEDC;CABDCCDCBBADABCBECEAADEBCBDBCACACADADACEBEBCA;ADDCCDEDDCEACCCCBBDAABCBBBEADDBABADAAECAAACBE;1;CAEDAACCAEEXCBBAEDBBCAACDEDCBCEECAAEDDDEBBDDB;CECEBEBCDBADDEBBABCDCAECEDADBAEABEADCEDADACBC;CAAAECDDDAECBECEDDCBDEDDCECBDCBCEADBBDBDDCBEDADEEB;CECEBEDADCAADECDBBCEBDCCCACABBABBADDDCEADBBCE;4;0;0;0;0;0;0
2947722;2024;15106101;1500602;Altamira;15;PA;2;1;1;1500602;Altamira;15;PA;0;1;1;0;;1386;1397;;;424.5;390.1;;;CEEEABBEAABEDEEEDEBAEEADABCEBADBAEAABADACDACE;ACEEECCECDADBABDAEBEEEDDECACADAECAEDDB*EDDEEC;;0;;ACBCADCEDBAECEDADBADBEBCDADABCDEABCAEDEBBCECE;AACEADACDDCBEDADEEBDDBDBBCEECBDCBADDDCBDEDDCECBECE;;1;120;120;120;120;0;480
468786;2024;;;;;;;;;1500602;Altamira;15;PA;0;0;0;0;;;;;;;;;;;;;0;;;;;;;;;;;
3654284;2024;;;;;;;;;1500602;Altamira;15;PA;1;1;1;1;1421;1386;1397;1409;453.7;506.9;504.3;533.2;CBEBDEBDDCCABEBEEDEBEBCDBABCEBADDCBEDDBACACAE;BBEAADEDDDACCCBAEDAABCBCBDBDBEDEAEBEDDEEDAECB;BAECCCACCCDCDDDDBEDBCADACCCCEDCBCACEDDAEDBECE;CDABBCBDBDCADEBACBDAEACBCDCEBDACDDECDECBCAADC;0;DDBDDEBBAAEDECBCEEDCAACDBBCEDBBAEXCCAEAACCAED;ACBCADCEDBAECEDADBADBEBCDADABCDEABCAEDEBBCECE;AACEADACDDCBEDADEEBDDBDBBCEECBDCBADDDCBDEDDCECBECE;CEBCEADBBCEADDDABBABBCCDCCECEDBACADECABEDADCB;1;140;160;100;120;80;600
3738206;2024;15106250;1501725;Brasil Novo;15;PA;2;1;1;1500602;Altamira;15;PA;0;1;1;0;;1384;1396;;;402.8;431.4;;;DADBBBCDAAECEDCCBEDB*CBDCCEADBBEEBADBECDDEBDB;ABDAEDBDDCAEDABEACEBDDEDEEAEBAABEDBCCAEBDCCEC;;1;;DADABCDCECEDEBBBEBCDBADACBCADCEBEADBAECAECEDA;AACEADDDACDADECBBDBEEBDDECCBEDDCADBBDEBCEBDCECEDDC;;4;0;0;0;0;0;0
1690406;2024;15105016;1508357;Vitória do Xingu;15;PA;2;1;1;1500602;Altamira;15;PA;1;1;1;1;1420;1383;1395;1408;412;369;450.4;384.6;EAABABBECEABBAEAAECCAABDBDBAAEBABDBBBADCBBACB;AEABABCECCAECDEBAAABBEBCBCECACACCCCCDADCDBCAB;CCECBDBDECEBDACAAEAAEBCDEBBBAABDDAAACDAEADDCD;DCCBBCEBAACCEABBEDBCAACBDBCABBBBCDBEABADBDDAB;0;CAEDAACCAEEXCBBAEDBBCAACDEDCBCEECAAEDDDEBBDDB;CECEBEBCDBADDEBBABCDCAECEDADBAEABEADCEDADACBC;CAAAECDDDAECBECEDDCBDEDDCECBDCBCEADBBDBDDCBEDADEEB;CECEBEDADCAADECDBBCEBDCCCACABBABBADDDCEADBBCE;1;120;120;120;120;120;600
130720;2024;;;;;;;;;1500602;Altamira;15;PA;0;0;0;0;;;;;;;;;;;;;0;;;;;;;;;;;
213777;2024;;;;;;;;;1500602;Altamira;15;PA;0;1;1;0;;1385;1398;;;436.9;395;;;AACBDABADDDBECACAEAEEADADAEAADBBABBBCCDAAAABD;BAAACBCADCCBCAEEEDDACDECEAEDEACADBEBBEADEDECD;;0;;CAEDBADBEBCCEDADBAEACBCADCEDEBBEBACECEABCDDAD;EAAACDDCDADDCBDEECEECBDCDADEEBCBEBADBCEBDBDDDDCECB;;4;0;0;0;0;0;0
107777;2024;;;;;;;;;1500602;Altamira;15;PA;1;1;1;1;1420;1383;1395;1408;438.5;503.4;552;513.1;CEAACCDBDEACBABAECBDDAECBDBBEDBCACCCEDDCBEDBA;AECBABBDBCCDECDBAECDBBBCCEADBBBAABDEBADCDADBC;ABADEECBDCADDDBDECBCABDAEBDEACACDBCADBECAAEEB;DECCEDDEACBBDEEABAEBABCDABDBCCADDBCBACDDBDDAA;0;CAEDAACCAEEXCBBAEDBBCAACDEDCBCEECAAEDDDEBBDDB;CECEBEBCDBADDEBBABCDCAECEDADBAEABEADCEDADACBC;CAAAECDDDAECBECEDDCBDEDDCECBDCBCEADBBDBDDCBEDADEEB;CECEBEDADCAADECDBBCEBDCCCACABBABBADDDCEADBBCE;1;100;100;80;40;0;320
305521;2024;15583058;1500602;Altamira;15;PA;2;1;1;1500602;Altamira;15;PA;0;1;1;0;;1384;1396;;;452.9;461.7;;;DEDAAACBAAACEAECEAAACCBBBDBADAAAEAAEBEDAAABCA;ABAAAABBEEBEDCDEBDBBBCCAABBDADABEADCDEEEDACDB;;0;;DADABCDCECEDEBBBEBCDBADACBCADCEBEADBAECAECEDA;AACEADDDACDADECBBDBEEBDDECCBEDDCADBBDEBCEBDCECEDDC;;1;60;120;80;100;100;460
2147075;2024;15169138;1500602;Altamira;15;PA;2;1;1;1500602;Altamira;15;PA;1;1;1;1;1422;1384;1396;1410;438.2;450;514.6;482.5;AADDCDDBDBDEAEDCADDEBBADBBAAAAEEBABEDBDBCDCAA;AABABEDEABCABECEEADCBEDACBCACEAEAAADBDDBB*BDA;DDACCCADEEBCDBDCBCDDDBBBDEEBEDBCEBDCECEECABDA;AACDCCEDECDBBDCACCBACCDDAABABBEBABEDECCCDABAA;1;BBCEDBBAEXCCAEDDBCAEDAACAAEDDDEBBECBCEEDCAACD;DADABCDCECEDEBBBEBCDBADACBCADCEBEADBAECAECEDA;AACEADDDACDADECBBDBEEBDDECCBEDDCADBBDEBCEBDCECEDDC;DBCECEACADABBECBEDADCCDCCABBBCECEBCEADABBADDD;1;120;180;120;140;20;580
792959;2024;;;;;;;;;1500602;Altamira;15;PA;1;1;1;1;1420;1383;1395;1408;485.6;505.9;505.6;431;DAECBABEBEEBEAAACDDBCDBDADBBACBBCCEECDDBBDBEC;AACAABCDEBBDDEEDBBADBAECCCADBBCAACACDCBEDECDB;CCCDBEDBEADDDDEEEBBAAAEBEEDDBBABEACDDBEDADDEA;CDCCCDEBACDEEEACEAADCCBEBEDDCBACDBCEAAEEACDDD;1;CAEDAACCAEEXCBBAEDBBCAACDEDCBCEECAAEDDDEBBDDB;CECEBEBCDBADDEBBABCDCAECEDADBAEABEADCEDADACBC;CAAAECDDDAECBECEDDCBDEDDCECBDCBCEADBBDBDDCBEDADEEB;CECEBEDADCAADECDBBCEBDCCCACABBABBADDDCEADBBCE;1;80;100;80;120;120;500
3332674;2024;;;;;;;;;1500602;Altamira;15;PA;0;0;0;0;;;;;;;;;;;;;1;;;;;;;;;;;
1905961;2024;15107035;1504455;Medicilândia;15;PA;2;1;1;1500602;Altamira;15;PA;1;1;1;1;1426;1390;1402;1414;456.6;386.4;406.7;380.9;DBBBDABBBDACDEDEBBDBCCEAEBCECCAAEDBEDDEDDEEBC;BECDAEDAEEEACDDEAABBCDDDABEDDECCBACBEDDBEBEEB;AEBAEDCDDBBDEADBDDEBABDABADEDBBDEB*ABABEACDAD;ABBDEDEDDDBDBBBCDDDBDABCEDDDDBBEEECCABCEBDBBB;1;DDBDDEBBAAEDECBCEEDCAACDBBCEDBBAEXCCAEAACCAED;ACBCADCEDBAECEDADBADBEBCDADABCDEABCAEDEBBCECE;AACEADACDDCBEDADEEBDDBDBBCEECBDCBADDDCBDEDDCECBECE;CEBCEADBBCEADDDABBABBCCDCCECEDBACADECABEDADCB;1;100;120;120;120;40;500
1721157;2024;;;;;;;;;1500602;Altamira;15;PA;0;1;1;0;;1384;1396;;;499.4;505.6;;;BCDBEBAAEDCDEBDCDABAEBDADDCADBAACABEEABABCBDA;EACDDCDDECBEDCCEAEDAADABDDABABACEBCEACDEDEDAA;;1;;DADABCDCECEDEBBBEBCDBADACBCADCEBEADBAECAECEDA;AACEADDDACDADECBBDBEEBDDECCBEDDCADBBDEBCEBDCECEDDC;;1;120;140;100;120;140;620
1181473;2024;;;;;;;;;1500602;Altamira;15;PA;1;1;1;1;1421;1386;1397;1409;348.2;357.8;461.8;513.2;EAECEBCBECBABDAECBACAEBBCAECBAABCC*BEABEABDDA;DBDBABAED*BDABCCADACBCAABCEACEABCCADADADBBACD;DEDABCBEEBDBEBCAEACABCECEACBDABCEACADDCEACEEB;CBECBAACECBAEBDDDACBCEACBEAABDBCAEBCDBBADACCE;1;DDBDDEBBAAEDECBCEEDCAACDBBCEDBBAEXCCAEAACCAED;ACBCADCEDBAECEDADBADBEBCDADABCDEABCAEDEBBCECE;AACEADACDDCBEDADEEBDDBDBBCEECBDCBADDDCBDEDDCECBECE;CEBCEADBBCEADDDABBABBCCDCCECEDBACADECABEDADCB;1;120;100;80;80;0;380
3540606;2024;;;;;;;;;1500602;Altamira;15;PA;0;0;0;0;;;;;;;;;;;;;1;;;;;;;;;;;
1740064;2024;15583058;1500602;Altamira;15;PA;2;1;1;1500602;Altamira;15;PA;1;1;1;1;1421;1386;1397;1409;383.1;381.8;449.1;545.3;ECCAADECCCACCDEBBDDBBBDACCBEECACECCDABEDAEC*A;BDDCCADEABECDBCEEDDBCEBBDACCCCDBEAC*BEEDADEEA;DACECEDECCACEBBDDCABBBBEBAECDDEDCDCCEEEEBDEDA;CDBABDECCEDCDCCAABBCEAEAACECCEEBCECBEDDCEABCA;1;DDBDDEBBAAEDECBCEEDCAACDBBCEDBBAEXCCAEAACCAED;ACBCADCEDBAECEDADBADBEBCDADABCDEABCAEDEBBCECE;AACEADACDDCBEDADEEBDDBDBBCEECBDCBADDDCBDEDDCECBECE;CEBCEADBBCEADDDABBABBCCDCCECEDBACADECABEDADCB;1;100;120;120;120;140;600
612192;2024;15105016;1508357;Vitória do Xingu;15;PA;2;1;1;1500602;Altamira;15;PA;1;1;1;1;1420;1383;1395;1408;496.3;421.6;478.6;427.7;DAEBBEAECECBCAACBBCDBDAABDEEABAACABDEAAEECDDA;DEDBDBBCCBCBBEECBBAADBBABCDABECCADEDDECEDBCAC;BDBDAACDEEBCDCBCECDBCBCADDECDCCBDBBDECDAADCDD;AAEBDBCAEBCDCCACABCAEECCDBECBDCCDCBDECCCAACCE;1;CAEDAACCAEEXCBBAEDBBCAACDEDCBCEECAAEDDDEBBDDB;CECEBEBCDBADDEBBABCDCAECEDADBAEABEADCEDADACBC;CAAAECDDDAECBECEDDCBDEDDCECBDCBCEADBBDBDDCBEDADEEB;CECEBEDADCAADECDBBCEBDCCCACABBABBADDDCEADBBCE;1;140;120;40;160;120;580
2608045;2024;;;;;;;;;1500602;Altamira;15;PA;1;1;1;1;1419;1385;1398;1407;384.9;548.7;541.4;665.4;DBBECEAABCACCCECABECCADCECABAACCDCCAEABBDCDEB;AABECCDCEADCEDACEEEABCCADABDAEBBEAAEDBBBCABAD;DDABDCBCDDEEDEDDABDDADEEBCBECDBBDABDABDDDDACB;CBBABCACDBCBABEBADCCBCCCABBCDCCAACCCEBDBDCBBB;0;BCEAACDEDCAAEDDDEBBDDBECCAEDBBAAACCAEEXCBBCED;CAEDBADBEBCCEDADBAEACBCADCEDEBBEBACECEABCDDAD;EAAACDDCDADDCBDEECEECBDCDADEEBCBEBADBCEBDBDDDDCECB;ABBABBADDDBBCECEADCEBCCCDBADCBEDAECADACDBCECE;1;160;200;160;160;160;840
1681232;2024;15105016;1508357;Vitória do Xingu;15;PA;2;1;1;1500602;Altamira;15;PA;0;0;0;0;;;;;;;;;;;;;0;;;;;;;;;;;
375695;2024;;;;;;;;;1500602;Altamira;15;PA;1;1;1;1;1419;1385;1398;1407;420.4;486.1;516.5;515;DCBEDCDCDBCCABEADBCDCACAEDADEDCCABEABCBBBCDAD;DBABBDDAECBCCDADEBEEBDACDCCBEABCAADDAEBBBCBED;DEDDACBABBEEDCACDCBCADEDBEAEACBBDCCEBBADDABCB;ADCAADBDDCBEABCDECEDCBABCDEECDBEAECCCCDABDEBD;1;BCEAACDEDCAAEDDDEBBDDBECCAEDBBAAACCAEEXCBBCED;CAEDBADBEBCCEDADBAEACBCADCEDEBBEBACECEABCDDAD;EAAACDDCDADDCBDEECEECBDCDADEEBCBEBADBCEBDBDDDDCECB;ABBABBADDDBBCECEADCEBCCCDBADCBEDAECADACDBCECE;1;120;140;120;120;120;620
2379963;2024;15583058;1500602;Altamira;15;PA;2;1;1;1500602;Altamira;15;PA;1;1;1;1;1422;1384;1396;1410;600.8;575.9;553.5;559.8;BDDEBCBBEBBCEEDDBECEBAECEEBDEEEBCEABCEDACCDCA;AADBBCCBEAABEEBBBBCADBDACCAADEEADADEAEDAECEBA;ADCBABADECCBDAEEDDCABEDEDDACBCBDEBDBDCEECBBBC;BABEBCDCACDABBDBBBBBDBABBACCDDECDACDDAADBBDDD;0;BBCEDBBAEXCCAEDDBCAEDAACAAEDDDEBBECBCEEDCAACD;DADABCDCECEDEBBBEBCDBADACBCADCEBEADBAECAECEDA;AACEADDDACDADECBBDBEEBDDECCBEDDCADBBDEBCEBDCECEDDC;DBCECEACADABBECBEDADCCDCCABBBCECEBCEADABBADDD;1;120;140;120;140;140;660
640936;2024;15104907;1500602;Altamira;15;PA;2;1;1;1500602;Altamira;15;PA;1;1;1;1;1419;1385;1398;1407;432.4;493.6;501.2;455.7;DBDCEDCDDECECDADCBEDCAACBDDDAACABEEADBCBCCDCB;CABEBCDAEAECCBAAEEAEBEAAEECDEDBEACAACBBBADCDB;BBACABDCBDEECABAAACBAACCCCBBDDABDAEDEDEADECCD;CCDADBDD*BCDEBCDEBCBEEEDDCABECABBCDEBEBCEBBBD;0;BCEAACDEDCAAEDDDEBBDDBECCAEDBBAAACCAEEXCBBCED;CAEDBADBEBCCEDADBAEACBCADCEDEBBEBACECEABCDDAD;EAAACDDCDADDCBDEECEECBDCDADEEBCBEBADBCEBDBDDDDCECB;ABBABBADDDBBCECEADCEBCCCDBADCBEDAECADACDBCECE;1;140;160;140;140;140;720
3317014;2024;;;;;;;;;1500602;Altamira;15;PA;1;1;1;1;1420;1383;1395;1408;454.2;552.9;518.9;433.9;EAEBCBDEBABCCDCBBBECAEDEABADBEBCEBBBEABDABCAB;AACBEEABDBCDAEBBCACDEABCEBABDACAABADEBACDADEC;CDCABBCBDDEBDABEEACCAECECBDBBBEBDAADDBECBDEEB;DBADDBBCADECCDBADABDBAEDAEDACDACBADABAEDBCEAC;1;CAEDAACCAEEXCBBAEDBBCAACDEDCBCEECAAEDDDEBBDDB;CECEBEBCDBADDEBBABCDCAECEDADBAEABEADCEDADACBC;CAAAECDDDAECBECEDDCBDEDDCECBDCBCEADBBDBDDCBEDADEEB;CECEBEDADCAADECDBBCEBDCCCACABBABBADDDCEADBBCE;1;120;160;120;120;120;640
370035;2024;;;;;;;;;1500602;Altamira;15;PA;0;0;0;0;;;;;;;;;;;;;1;;;;;;;;;;;
374249;2024;15106250;1501725;Brasil Novo;15;PA;2;1;1;1500602;Altamira;15;PA;1;1;1;1;1422;1384;1396;1410;448.1;529.9;518.5;381.2;DBEEC.DAECCEADEADECEBEBABCBDCAEBCACDDDDBBCDDD;CBDABBDCECDBEABACBDDBCDACBCBDAEEBADBDCADAEDAA;ABABACAABCBBDAEEABDAAABCBDCDADEEEBDABCBECABAC;BADCBEEDBBBCDBACDBEABDCEDCBACDBEDBAEEECBDBADC;0;BBCEDBBAEXCCAEDDBCAEDAACAAEDDDEBBECBCEEDCAACD;DADABCDCECEDEBBBEBCDBADACBCADCEBEADBAECAECEDA;AACEADDDACDADECBBDBEEBDDECCBEDDCADBBDEBCEBDCECEDDC;DBCECEACADABBECBEDADCCDCCABBBCECEBCEADABBADDD;1;80;180;100;160;100;620
300862;2024;;;;;;;;;1500602;Altamira;15;PA;0;1;1;0;;1384;1396;;;362.9;399.6;;;EEADCBBBBDECDEAADEEDBCCEADABDBBDBEEEDEDBCBABA;BAABAEBDDDEBDECBCDBCEADEDADBAADAEDDBCEBCECEDE;;1;;DADABCDCECEDEBBBEBCDBADACBCADCEBEADBAECAECEDA;AACEADDDACDADECBBDBEEBDDECCBEDDCADBBDEBCEBDCECEDDC;;1;100;100;100;100;100;500
487195;2024;;;;;;;;;1500602;Altamira;15;PA;1;1;1;1;1421;1386;1397;1409;432.5;551.5;566.2;556.4;DABDBEDACDECBCAECBDBDBADBEABDCDDBCEACBECDBAAE;EBBAADBEDEAECEDADBCACEACBEDCECDCAEBABECEDAECB;AACCACAEBADDEBDABDDBDAEACDDCAEBBCACEDDCECBECD;BDBBDCDABDCBCADABEDCDAABCBEACBAEEBCADCBDEEADC;0;DDBDDEBBAAEDECBCEEDCAACDBBCEDBBAEXCCAEAACCAED;ACBCADCEDBAECEDADBADBEBCDADABCDEABCAEDEBBCECE;AACEADACDDCBEDADEEBDDBDBBCEECBDCBADDDCBDEDDCECBECE;CEBCEADBBCEADDDABBABBCCDCCECEDBACADECABEDADCB;1;160;120;120;120;160;680
2019495;2024;;;;;;;;;1500602;Altamira;15;PA;0;0;0;0;;;;;;;;;;;;;1;;;;;;;;;;;
17631;2024;;;;;;;;;1500602;Altamira;15;PA;0;0;0;0;;;;;;;;;;;;;1;;;;;;;;;;;
900865;2024;;;;;;;;;1500602;Altamira;15;PA;0;2;2;0;;;;;;;;;;;;;1;;;;;;;;;;;
3879919;2024;60001940;1507805;Senador José Porfírio;15;PA;2;2;1;1500602;Altamira;15;PA;1;1;1;1;1421;1386;1397;1409;458.7;445.1;443.2;562.1;DAACEDBECBABAEEBABDDBCECEBCBEDACDBBEAEECCBAEB;AADBCBDEAEBCCEDCEBBADEAECDCBBBACACBECDEBBADAE;BAAEDDAACDDCEDEACDDBECAABDDABEBCCBCEBABDAEDAC;CDACDEDCEBBAADBDECDCBCEBADEBAACADCBEBACEDBADE;1;DDBDDEBBAAEDECBCEEDCAACDBBCEDBBAEXCCAEAACCAED;ACBCADCEDBAECEDADBADBEBCDADABCDEABCAEDEBBCECE;AACEADACDDCBEDADEEBDDBDBBCEECBDCBADDDCBDEDDCECBECE;CEBCEADBBCEADDDABBABBCCDCCECEDBACADECABEDADCB;1;120;120;100;120;100;560
1452360;2024;;;;;;;;;1500602;Altamira;15;PA;1;1;1;1;1422;1384;1396;1410;427;527.7;499.4;447.6;BDCDBDBAEDBEACDBCEACEEBDCBCEADCBEAEDCBCBCAEAC;DEDEBACAECBBAE.ACBCEBBDABEAADCDBEAACACBAECCDB;BCACADADECEBDDCEBEABDBBDEDCEAEDCBBCEDEBEDEDAB;ACBACEDDBDACDEDACDEBCDEDBDADECDBEBCACDDBDCDEC;1;BBCEDBBAEXCCAEDDBCAEDAACAAEDDDEBBECBCEEDCAACD;DADABCDCECEDEBBBEBCDBADACBCADCEBEADBAECAECEDA;AACEADDDACDADECBBDBEEBDDECCBEDDCADBBDEBCEBDCECEDDC;DBCECEACADABBECBEDADCCDCCABBBCECEBCEADABBADDD;1;160;160;140;160;140;760
2188058;2024;;;;;;;;;1500602;Altamira;15;PA;1;1;1;1;1419;1385;1398;1407;472.3;520.1;451.4;496.8;BCADDDADEDBBCDCAECAEDBCBAAEBCABEEBEADCDBCDCDB;CBEDBCDBDCCCBCACEABAACCACECDCCABEABDAACECDAAB;CCABEDADBBDECEAAAECCAAAEBBAEABAADAADECCCBAABB;BABDDDAEEEAABCAEEECBBDCAAEEADACBACAECDADABEDD;0;BCEAACDEDCAAEDDDEBBDDBECCAEDBBAAACCAEEXCBBCED;CAEDBADBEBCCEDADBAEACBCADCEDEBBEBACECEABCDDAD;EAAACDDCDADDCBDEECEECBDCDADEEBCBEBADBCEBDBDDDDCECB;ABBABBADDDBBCECEADCEBCCCDBADCBEDAECADACDBCECE;1;120;120;120;120;120;600
3202527;2024;15141179;1500602;Altamira;15;PA;4;1;1;1500602;Altamira;15;PA;1;1;1;1;1420;1383;1395;1408;397;509.9;532.4;380.1;EEABBEBBACBDBADACCABDADBCCDDAC*CCCDEBCABECCEB;BECBBCADEBDDDEEBAECAAEBEACAEEBCADBAEAEBADECEA;CBDCADCBEECCDDBAEEACABEDCBEBDCBBDADADBEBAAEEB;DCECDDECBACECDCEDBAEABCBBBDBDCDBDBCAACBDCBDAC;1;CAEDAACCAEEXCBBAEDBBCAACDEDCBCEECAAEDDDEBBDDB;CECEBEBCDBADDEBBABCDCAECEDADBAEABEADCEDADACBC;CAAAECDDDAECBECEDDCBDEDDCECBDCBCEADBBDBDDCBEDADEEB;CECEBEDADCAADECDBBCEBDCCCACABBABBADDDCEADBBCE;1;160;180;160;120;120;740
877908;2024;;;;;;;;;1500602;Altamira;15;PA;1;1;1;1;1419;1385;1398;1407;500.8;465.9;411.9;427.5;CCAAEDCBECAAADBABDDBABDCCEEDEBBAAEECDDECCDBDB;AAABBAABBCAAABBDAAEABDCDDDAEECBCEACCEBABECECB;CDBCCBDCADCECABADAECBECADBAADAAABBBBAAABDDCDB;DDDCEDDACBCBDEACDEBEDDCDDEEAEDDEDEEEABCDBBDEC;1;BCEAACDEDCAAEDDDEBBDDBECCAEDBBAAACCAEEXCBBCED;CAEDBADBEBCCEDADBAEACBCADCEDEBBEBACECEABCDDAD;EAAACDDCDADDCBDEECEECBDCDADEEBCBEBADBCEBDBDDDDCECB;ABBABBADDDBBCECEADCEBCCCDBADCBEDAECADACDBCECE;1;100;120;100;120;100;540
207653;2024;15104907;1500602;Altamira;15;PA;2;1;1;1500602;Altamira;15;PA;1;1;1;1;1419;1385;1398;1407;517.6;550.5;565.5;596.3;BBBADCCDDCACCCCEBECDAAAEECDEBADADDEAEEBEBCCBE;DAEDCCABEDECEDABBACBDCAAECDDEBDCCABECBCBEBDAD;CAAACCDCACEECCAAEAEDBBEEBCBDCEDBDBBDADADDCECB;EBBABBBBBBABBCCBACCCACCCBACCDCDDCCCCDEDBADBBB;0;BCEAACDEDCAAEDDDEBBDDBECCAEDBBAAACCAEEXCBBCED;CAEDBADBEBCCEDADBAEACBCADCEDEBBEBACECEABCDDAD;EAAACDDCDADDCBDEECEECBDCDADEEBCBEBADBCEBDBDDDDCECB;ABBABBADDDBBCECEADCEBCCCDBADCBEDAECADACDBCECE;1;160;180;180;180;180;880
317115;2024;;;;;;;;;1500602;Altamira;15;PA;1;1;1;1;1422;1384;1396;1410;380.2;501.7;445;412.5;CCCDDCBCDBDEACAEAECDABBECCCDCABDECDECBBDCDCDE;CDEEBDCAAEEABEBABDEDCCDADCEADEDEEDBBAEDBECEBA;EBEDBDBD.CAEDBBBACEBDBBDEBACEDBDEEDABEEECBCEB;CBCBBCEDCACDCADDCBBCDCCBAAACCDDECDDCEDCCCEDAD;0;BBCEDBBAEXCCAEDDBCAEDAACAAEDDDEBBECBCEEDCAACD;DADABCDCECEDEBBBEBCDBADACBCADCEBEADBAECAECEDA;AACEADDDACDADECBBDBEEBDDECCBEDDCADBBDEBCEBDCECEDDC;DBCECEACADABBECBEDADCCDCCABBBCECEBCEADABBADDD;1;120;180;100;120;160;680
1071446;2024;;;;;;;;;1500602;Altamira;15;PA;1;1;1;1;1420;1383;1395;1408;489.2;575.1;593.9;526;BCDAEDCADEADCBBAECADBBDABECDEBDAEBCAEEDEABDDC;AECBCEADEBADBECDABEDEAECEBABEAEAECADEECADACDC;CBAAEECBECEDDCADEBDCBAEDEBDAADBEDBDDCBEDABCEA;EECBDDBCDCADEBDBAEBDBEBDAECCBAACCBBEBDEDADABB;0;CAEDAACCAEEXCBBAEDBBCAACDEDCBCEECAAEDDDEBBDDB;CECEBEBCDBADDEBBABCDCAECEDADBAEABEADCEDADACBC;CAAAECDDDAECBECEDDCBDEDDCECBDCBCEADBBDBDDCBEDADEEB;CECEBEDADCAADECDBBCEBDCCCACABBABBADDDCEADBBCE;1;100;140;140;120;140;640
437612;2024;;;;;;;;;1500602;Altamira;15;PA;1;1;1;1;1420;1383;1395;1408;436.7;468.9;524;388.7;DEEAEACEDACDBCABCBCCC*CDBDBADBBECCBCAAEADBACC;AEEABDCBEDCCDDEBAEBACEBEBCADEAAAEEADEADD.ABDE;CBDDEECBECEEAAEEEEDBEBDABDEEAEABDDDED*EAAEEEB;CCCABCDCBDBDBDCDDABEADABDABDABCDABBBACDBADDCB;1;CAEDAACCAEEXCBBAEDBBCAACDEDCBCEECAAEDDDEBBDDB;CECEBEBCDBADDEBBABCDCAECEDADBAEABEADCEDADACBC;CAAAECDDDAECBECEDDCBDEDDCECBDCBCEADBBDBDDCBEDADEEB;CECEBEDADCAADECDBBCEBDCCCACABBABBADDDCEADBBCE;1;100;180;100;120;60;560
1629260;2024;;;;;;;;;1500602;Altamira;15;PA;1;1;1;1;1422;1384;1396;1410;475;344.8;453.3;451.3;BBCBDBBBECEEAACECDEBEDBECCDDADEEBAEEDBCDCBECB;AAECABAECAEAECECDCEBBDDEBEDDCEEACDAABCCDBBABC;ABDCECBDECABDCDDAEEEAEEEEDBDEAECCADDCACEDDCDA;BADEBCBACDBADCEBCDBCDCEBCBCCDCCECADBCBBCEDEDC;0;BBCEDBBAEXCCAEDDBCAEDAACAAEDDDEBBECBCEEDCAACD;DADABCDCECEDEBBBEBCDBADACBCADCEBEADBAECAECEDA;AACEADDDACDADECBBDBEEBDDECCBEDDCADBBDEBCEBDCECEDDC;DBCECEACADABBECBEDADCCDCCABBBCECEBCEADABBADDD;1;120;160;100;140;140;660
864848;2024;;;;;;;;;1500602;Altamira;15;PA;0;0;0;0;;;;;;;;;;;;;1;;;;;;;;;;;
1872207;2024;15169138;1500602;Altamira;15;PA;2;1;1;1500602;Altamira;15;PA;1;1;1;1;1419;1385;1398;1407;457.7;320.8;536.3;439.3;ABCBDECDDCEDEDEEEBBDCEABDAEBAACCDBECBBABACCDE;ACACDBDEEDABCEDBDBCDBDABECBEABAACBEACE.BDBADD;CABAACDCAEEECAECDCCBEDDEEBBAAACBCABDBDEDDAECB;CBEADCBBAAEADDACEEBCADABEEECBDEDEBBACAACBDDCC;0;BCEAACDEDCAAEDDDEBBDDBECCAEDBBAAACCAEEXCBBCED;CAEDBADBEBCCEDADBAEACBCADCEDEBBEBACECEABCDDAD;EAAACDDCDADDCBDEECEECBDCDADEEBCBEBADBCEBDBDDDDCECB;ABBABBADDDBBCECEADCEBCCCDBADCBEDAECADACDBCECE;8;0;0;0;0;0;0
3197904;2024;;;;;;;;;1500602;Altamira;15;PA;1;1;1;1;1419;1385;1398;1407;373.8;414.2;429.2;505;ACDDCDBDBEABDCDECABCEACBAECDBAEDDBBDCACEDBEAC;ACEBDBCACEBECAAADAEBCDCCDAEBCCBCBDDBBCBDCCEAE;CBACAABCAEEECCDBEADBDECEBAECDBCDCEABDEAECCCDB;BBCADEECADACCACAEDEBDCBCEBCADDBEEBDADCBACEBDA;1;BCEAACDEDCAAEDDDEBBDDBECCAEDBBAAACCAEEXCBBCED;CAEDBADBEBCCEDADBAEACBCADCEDEBBEBACECEABCDDAD;EAAACDDCDADDCBDEECEECBDCDADEEBCBEBADBCEBDBDDDDCECB;ABBABBADDDBBCECEADCEBCCCDBADCBEDAECADACDBCECE;1;80;120;80;60;100;440
407705;2024;15107035;1504455;Medicilândia;15;PA;2;1;1;1500602;Altamira;15;PA;1;1;1;1;1422;1384;1396;1410;459.4;535.1;515.4;420.9;BDCCCCBAEBDEECDCCEDAAEABCEEBDCEEDCBACDADACEEB;BADCACECECBDEABACBEABCAADDEADEEEDABEECBBBCECA;ABAEDDADDCDBDDEEBBDEBDDBEEBDBEEDEBACCDCECBCBC;CBBBDDBDECABDBCDEDBCADEACDBECAACBDDAECBDAE.BC;0;BBCEDBBAEXCCAEDDBCAEDAACAAEDDDEBBECBCEEDCAACD;DADABCDCECEDEBBBEBCDBADACBCADCEBEADBAECAECEDA;AACEADDDACDADECBBDBEEBDDECCBEDDCADBBDEBCEBDCECEDDC;DBCECEACADABBECBEDADCCDCCABBBCECEBCEADABBADDD;1;120;120;120;160;100;620
497830;2024;15104907;1500602;Altamira;15;PA;2;1;1;1500602;Altamira;15;PA;1;1;1;1;1421;1386;1397;1409;590.2;465;500.9;552.6;DDCEBEAABEDBDCBDEDEAAECBDBCDBADAEDECADADCECED;ADCDADEEDBAECEDAABC..........................;AACDACDEDADEEABACDABDBADBDCDADBBAEB.......ECA;CDBDBDDCACAAADACABACDCDACBADEBBEDBDDCBDCEBBCB;0;DDBDDEBBAAEDECBCEEDCAACDBBCEDBBAEXCCAEAACCAED;ACBCADCEDBAECEDADBADBEBCDADABCDEABCAEDEBBCECE;AACEADACDDCBEDADEEBDDBDBBCEECBDCBADDDCBDEDDCECBECE;CEBCEADBBCEADDDABBABBCCDCCECEDBACADECABEDADCB;1;120;120;140;160;80;620
1589567;2024;;;;;;;;;1500602;Altamira;15;PA;1;1;1;1;1420;1383;1395;1408;454;508.3;493.4;449.4;ECEDEAEBBBEDCBCABDCBAADEECCDDBBACBEBBAEDADECA;CCCBCEABDBDADAEDCBCDBADCCEABBAEECBDEDEABEADBD;ECABBECBEEDBDABCEDAECAAECBDAEDEBDADABDAEBDCDA;BDCBBCEAACEBDCBECBACBDCADEDBDCBECACEDCAECBDDB;0;CAEDAACCAEEXCBBAEDBBCAACDEDCBCEECAAEDDDEBBDDB;CECEBEBCDBADDEBBABCDCAECEDADBAEABEADCEDADACBC;CAAAECDDDAECBECEDDCBDEDDCECBDCBCEADBBDBDDCBEDADEEB;CECEBEDADCAADECDBBCEBDCCCACABBABBADDDCEADBBCE;1;80;140;120;120;40;500
1751643;2024;;;;;;;;;1500602;Altamira;15;PA;0;1;1;0;;1384;1396;;;375.3;345.3;;;DAECCACBBCECBDDADEDCBDEBDAADDAAEBBEBBACEACACE;BBADEDACACCCCDBACEACEBDADCDEDDCABDCCAECDCBACD;;1;;DADABCDCECEDEBBBEBCDBADACBCADCEBEADBAECAECEDA;AACEADDDACDADECBBDBEEBDDECCBEDDCADBBDEBCEBDCECEDDC;;1;80;120;80;80;0;360
2413190;2024;;;;;;;;;1500602;Altamira;15;PA;0;0;0;0;;;;;;;;;;;;;1;;;;;;;;;;;
953464;2024;;;;;;;;;1500602;Altamira;15;PA;1;1;1;1;1419;1385;1398;1407;364.8;462.1;414.9;429.3;AADACDBCAAEBDCEECABAAAABDABEEACCBAEAAEBBADADE;BADADCBDAABCBBAAEECDDAECDEEDEBAECACAEACAEEAAD;DDCDABCAECADEACEDBEEEEDEEABBBAAAAECDDCDADAEDA;DEDAAEADCCEAEADBDBBDEADDCAAEBCAEBBDCAADECABBA;1;BCEAACDEDCAAEDDDEBBDDBECCAEDBBAAACCAEEXCBBCED;CAEDBADBEBCCEDADBAEACBCADCEDEBBEBACECEABCDDAD;EAAACDDCDADDCBDEECEECBDCDADEEBCBEBADBCEBDBDDDDCECB;ABBABBADDDBBCECEADCEBCCCDBADCBEDAECADACDBCECE;1;100;80;80;120;60;440
3241371;2024;15106250;1501725;Brasil Novo;15;PA;2;1;1;1500602;Altamira;15;PA;0;0;0;0;;;;;;;;;;;;;1;;;;;;;;;;;
3603069;2024;;;;;;;;;1500602;Altamira;15;PA;1;1;1;1;1421;1386;1397;1409;399.2;307.5;355.6;409.1;CEAEBDDBEEEBEAEBECCABAEEAAEECACCCACCAAEBDEBAB;BDADAEAEADBCDCADBCABEEDAACADDCEADEAECBCEEBCDB;DDAEDAEBDECDEADCAEBDACADCEDBEBADBACDEDAADCEAD;AAEDDAEBDAEBEABEAAADAADACBDEBEEEBDCEABEBEEDCE;0;DDBDDEBBAAEDECBCEEDCAACDBBCEDBBAEXCCAEAACCAED;ACBCADCEDBAECEDADBADBEBCDADABCDEABCAEDEBBCECE;AACEADACDDCBEDADEEBDDBDBBCEECBDCBADDDCBDEDDCECBECE;CEBCEADBBCEADDDABBABBCCDCCECEDBACADECABEDADCB;3;0;0;0;0;0;0
389496;2024;15106250;1501725;Brasil Novo;15;PA;2;1;1;1500602;Altamira;15;PA;0;0;0;0;;;;;;;;;;;;;1;;;;;;;;;;;
1438736;2024;;;;;;;;;1500602;Altamira;15;PA;0;0;0;0;;;;;;;;;;;;;0;;;;;;;;;;;
3409101;2024;;;;;;;;;1500602;Altamira;15;PA;1;1;1;1;1421;1386;1397;1409;434.7;463.4;541;439.9;EDBADCABBBDAABCDEDDADABADCADEDECBDEAEDBBDEABD;ADDBAEBDBEEDCBEBAECDBEABDEDAEADCCCCEECADDAACB;DACCDCDEBADDCBDCCDDBCAAAEDDAAECCCBDEDAAECBEAA;BCCDACDAD*DDDAAABDBCABBADBDCCABCECAECCDBACEDC;1;DDBDDEBBAAEDECBCEEDCAACDBBCEDBBAEXCCAEAACCAED;ACBCADCEDBAECEDADBADBEBCDADABCDEABCAEDEBBCECE;AACEADACDDCBEDADEEBDDBDBBCEECBDCBADDDCBDEDDCECBECE;CEBCEADBBCEADDDABBABBCCDCCECEDBACADECABEDADCB;1;80;120;100;100;100;500
2267885;2024;;;;;;;;;1500602;Altamira;15;PA;1;1;1;1;1420;1383;1395;1408;487.3;327.5;444.8;411.4;DDDBABAEAEAAEAABBECADACEADEDBCEACDCCEEDEDDDAA;BAABADCBAEAAABCCEACABCABACDCACAAABBCCACBDBACB;CBDACBDBEADCDBDBCEDAAADDCBACEBEBECADCCABACDDA;DDECECCCEDACDCCCEAACDABCDEDDCABBCCCABDDBCCAAC;1;CAEDAACCAEEXCBBAEDBBCAACDEDCBCEECAAEDDDEBBDDB;CECEBEBCDBADDEBBABCDCAECEDADBAEABEADCEDADACBC;CAAAECDDDAECBECEDDCBDEDDCECBDCBCEADBBDBDDCBEDADEEB;CECEBEDADCAADECDBBCEBDCCCACABBABBADDDCEADBBCE;1;120;140;100;120;120;600
2246603;2024;60001940;1507805;Senador José Porfírio;15;PA;2;2;1;1500602;Altamira;15;PA;0;0;0;0;;;;;;;;;;;;;0;;;;;;;;;;;
2682333;2024;15169138;1500602;Altamira;15;PA;2;1;1;1500602;Altamira;15;PA;1;1;1;1;1419;1385;1398;1407;477.7;357.6;359.4;386.9;AEBCCDACDCDAEECEBDEDDCECBCAAAAABDBECDCBDBABCD;CDBEADACBAEACDBAEDABBCDEADCECABBEADCCADAEBCAD;ADAABDCCDCCABDDBEDCCBBADCDBDCBAEBBEEACDAECEBC;BAADDEBBDADCBACCCCDCADDEDBDDABABCDEAAADBCCBBD;0;BCEAACDEDCAAEDDDEBBDDBECCAEDBBAAACCAEEXCBBCED;CAEDBADBEBCCEDADBAEACBCADCEDEBBEBACECEABCDDAD;EAAACDDCDADDCBDEECEECBDCDADEEBCBEBADBCEBDBDDDDCECB;ABBABBADDDBBCECEADCEBCCCDBADCBEDAECADACDBCECE;1;80;120;120;120;100;540
2124395;2024;;;;;;;;;1500602;Altamira;15;PA;1;1;1;1;1421;1386;1397;1409;507;413.5;490.7;382.2;DDCADEBEBCDAACEDCBECACCEBDCABDABCDAEDECECABAD;DACDABAECEBCCAEBCACEDBCABAEAEDDDAECACEABACDBB;DCADCCAAEADDECCABDDEDBDACCBBECBDDEAECDBEDBEDE;BDAECDCCABDEEEDCCEDCBDBDCCCDCEBEDBEDBBACEDBAA;1;DDBDDEBBAAEDECBCEEDCAACDBBCEDBBAEXCCAEAACCAED;ACBCADCEDBAECEDADBADBEBCDADABCDEABCAEDEBBCECE;AACEADACDDCBEDADEEBDDBDBBCEECBDCBADDDCBDEDDCECBECE;CEBCEADBBCEADDDABBABBCCDCCECEDBACADECABEDADCB;1;120;160;120;160;120;680
968729;2024;15104907;1500602;Altamira;15;PA;2;1;1;1500602;Altamira;15;PA;1;1;1;1;1419;1385;1398;1407;390.4;349.5;347.6;381.2;AACADCBBEEBDCEDBECAACCCCDBDADECBDAEBEDBBDDBCC;DBCAEBACEBDBDBDCACEDBBDBDEBCDABDBACADBBEBEBCA;CADBECBDCEDBECACAEEDAACCADBACACECACCABCECADBE;CCDBDDBCDCCEADDBEBAECDACCBCBAECEDACCACDDBDDBD;0;BCEAACDEDCAAEDDDEBBDDBECCAEDBBAAACCAEEXCBBCED;CAEDBADBEBCCEDADBAEACBCADCEDEBBEBACECEABCDDAD;EAAACDDCDADDCBDEECEECBDCDADEEBCBEBADBCEBDBDDDDCECB;ABBABBADDDBBCECEADCEBCCCDBADCBEDAECADACDBCECE;1;80;120;120;120;100;540
3405284;2024;15583058;1500602;Altamira;15;PA;2;1;1;1500602;Altamira;15;PA;0;0;0;0;;;;;;;;;;;;;0;;;;;;;;;;;
1702922;2024;15169138;1500602;Altamira;15;PA;2;1;1;1500602;Altamira;15;PA;1;1;1;1;1422;1384;1396;1410;488.2;367.1;425.7;518;EBDACEADBECADBEBDACEBBDEACDDCABCAECBACADDDBEC;ACEBDCEBDAEBDBECACEBDADBEBDACEDBEACACEBDBEADB;AAECCEADCCABEDEBDABBEADDCBDEECEADBECADBDACECA;ABCDEDCBAABBCCDCBBDDCCAAEEDCBADCAECEEADBCADDC;0;BBCEDBBAEXCCAEDDBCAEDAACAAEDDDEBBECBCEEDCAACD;DADABCDCECEDEBBBEBCDBADACBCADCEBEADBAECAECEDA;AACEADDDACDADECBBDBEEBDDECCBEDDCADBBDEBCEBDCECEDDC;DBCECEACADABBECBEDADCCDCCABBBCECEBCEADABBADDD;4;0;0;0;0;0;0
1441631;2024;;;;;;;;;1500602;Altamira;15;PA;1;1;1;1;1419;1385;1398;1407;396.2;457.3;527.2;432;ECBDCBCDBCDBBEDBCBAEEDBCADAABAEDDCEAECECBDCBA;CABABAAADCECCCABDEAABBCBCDCDACDEAAAACAEEBDBDB;BAADACDABCAECDEADDEBADCEAEBEEECBCDEDADDBDAECB;BEEEABACADCCDBCCCABDBBCEBECABCEAADBBCEDCCCBBC;0;BCEAACDEDCAAEDDDEBBDDBECCAEDBBAAACCAEEXCBBCED;CAEDBADBEBCCEDADBAEACBCADCEDEBBEBACECEABCDDAD;EAAACDDCDADDCBDEECEECBDCDADEEBCBEBADBCEBDBDDDDCECB;ABBABBADDDBBCECEADCEBCCCDBADCBEDAECADACDBCECE;1;120;160;120;120;100;620
2234230;2024;;;;;;;;;1500602;Altamira;15;PA;1;1;1;1;1421;1386;1397;1409;516.8;432.1;502;419;BCADBAEEEACDAEBCBDECABCEEBADCDBABBCABEADCEEAC;BACEAEDBEBBCAEDDBBDACCACEDDEBAABADCBBAECBEAAB;BAACADAADADEBBCACDABDCEAABDECEBECAEEBDBDCAECB;ADAEDDBECEACDBBABDCBEAADCBDECAAEDDBBECADBCEBA;0;DDBDDEBBAAEDECBCEEDCAACDBBCEDBBAEXCCAEAACCAED;ACBCADCEDBAECEDADBADBEBCDADABCDEABCAEDEBBCECE;AACEADACDDCBEDADEEBDDBDBBCEECBDCBADDDCBDEDDCECBECE;CEBCEADBBCEADDDABBABBCCDCCECEDBACADECABEDADCB;1;100;120;60;120;40;440
2817482;2024;;;;;;;;;1500602;Altamira;15;PA;1;1;1;1;1422;1384;1396;1410;361.3;376.4;381.2;375.7;CBBDCDCBDBBCCCABBECDCBCDCDCDCCCECCCADCBADBCBC;BCBABDCDCBADCEAAEDCBCAEDEBCAACCACADCBBDBCDCAC;DCBDBAACACBDDBDCAEBBDACCCBCECBCCCCBDBCADDCECB;DDECBDCBDBBACBCDBACABBAEDBBECBCAACEBCCBACDCCD;1;BBCEDBBAEXCCAEDDBCAEDAACAAEDDDEBBECBCEEDCAACD;DADABCDCECEDEBBBEBCDBADACBCADCEBEADBAECAECEDA;AACEADDDACDADECBBDBEEBDDECCBEDDCADBBDEBCEBDCECEDDC;DBCECEACADABBECBEDADCCDCCABBBCECEBCEADABBADDD;6;0;0;0;0;0;0
2588117;2024;15200205;1500602;Altamira;15;PA;1;1;1;1500602;Altamira;15;PA;1;1;1;1;1422;1384;1396;1410;502.4;590.8;597.9;596.2;EDDECCBDEDDEEDDBCECEEDDCDCDEEDABBABBABDEEAEED;DBBCBCDCACBEEBBBEAAACCDACDAADEEEBADEEECABCEDA;AACCACADEEBBDBDEBCBCBCBEDDCCEBBDEBDEBDEECCDDC;BACBCBEDEDEDCCDBCDADACCCBABBACBABBABEDABDEDEE;0;BBCEDBBAEXCCAEDDBCAEDAACAAEDDDEBBECBCEEDCAACD;DADABCDCECEDEBBBEBCDBADACBCADCEBEADBAECAECEDA;AACEADDDACDADECBBDBEEBDDECCBEDDCADBBDEBCEBDCECEDDC;DBCECEACADABBECBEDADCCDCCABBBCECEBCEADABBADDD;1;160;200;160;200;180;900
761021;2024;;;;;;;;;1500602;Altamira;15;PA;0;0;0;0;;;;;;;;;;;;;1;;;;;;;;;;;
3626923;2024;;;;;;;;;1500602;Altamira;15;PA;0;0;0;0;;;;;;;;;;;;;1;;;;;;;;;;;
2913494;2024;15107035;1504455;Medicilândia;15;PA;2;1;1;1500602;Altamira;15;PA;0;1;1;0;;1384;1396;;;434.7;502.3;;;ACDB*ADEBADECBAACECBDCAEADBBEDECBADEBCDBECADA;DBEDCEADECBCDDCABDBAACAEDABECEACBBAADBEECABAD;;1;;DADABCDCECEDEBBBEBCDBADACBCADCEBEADBAECAECEDA;AACEADDDACDADECBBDBEEBDDECCBEDDCADBBDEBCEBDCECEDDC;;4;0;0;0;0;0;0
2120278;2024;;;;;;;;;1500602;Altamira;15;PA;1;1;1;1;1421;1386;1397;1409;512.8;584.3;595.3;461.6;DABECEEBBBBEECDABAECDEDDDBBEAADBDDBBACAEAEDED;ACECADAEBBEBCEDABEBDBEAEBADBBBDEAEEDEBEBBAECB;AACEACBECADCEADDBDBBCEDCBACBDADEEBCEDDCCCBECE;DEAAADDCCEEBBAAACEAABEDDDADBAAEAEAEECCACDBBCC;0;DDBDDEBBAAEDECBCEEDCAACDBBCEDBBAEXCCAEAACCAED;ACBCADCEDBAECEDADBADBEBCDADABCDEABCAEDEBBCECE;AACEADACDDCBEDADEEBDDBDBBCEECBDCBADDDCBDEDDCECBECE;CEBCEADBBCEADDDABBABBCCDCCECEDBACADECABEDADCB;1;140;200;140;160;120;760
2230535;2024;;;;;;;;;1500602;Altamira;15;PA;1;1;1;1;1422;1384;1396;1410;481.1;513.3;513.7;429.8;CCDCEBAAEDEEABDACCAEAEAACCEDBDBBEABECAEDBABEA;DEECBCEBECADEBBCEAEADDDBBCCADCEEDDBEAABEBCCED;AECBBBEEECDBDABEBDEDDABADEEEBABEEBDAEACEDDCDC;DADDABADACDDCAEAACCCCCABDCCDABDCBEAEDBCBDBEDC;0;BBCEDBBAEXCCAEDDBCAEDAACAAEDDDEBBECBCEEDCAACD;DADABCDCECEDEBBBEBCDBADACBCADCEBEADBAECAECEDA;AACEADDDACDADECBBDBEEBDDECCBEDDCADBBDEBCEBDCECEDDC;DBCECEACADABBECBEDADCCDCCABBBCECEBCEADABBADDD;1;100;140;120;120;100;580
2730799;2024;;;;;;;;;1500602;Altamira;15;PA;1;1;1;1;1421;1386;1397;1409;481.9;467.1;404.2;553.3;EAADEBABCBBBDCACDDECADABBCDB*CDEEBABDEAECEEEB;EBDEABEADBBCCCBAECCDDACEBEDCDDAEADAABDBEACACD;CEABDACCBAEDEBEADDBDEAAAEEBDECEBBCEDB*BECACED;CADCDEBCDEABCCAEDBACBBCAEDECBDBECADBEADCBEACD;0;DDBDDEBBAAEDECBCEEDCAACDBBCEDBBAEXCCAEAACCAED;ACBCADCEDBAECEDADBADBEBCDADABCDEABCAEDEBBCECE;AACEADACDDCBEDADEEBDDBDBBCEECBDCBADDDCBDEDDCECBECE;CEBCEADBBCEADDDABBABBCCDCCECEDBACADECABEDADCB;1;80;120;80;100;40;420
1689265;2024;15583058;1500602;Altamira;15;PA;2;1;1;1500602;Altamira;15;PA;1;1;1;1;1421;1386;1397;1409;448.3;452;418.2;435.1;DCACADCBEBBCADBCABEACCDCABACBCCDBBAECAABACBDE;ABDCDCACECBACDDBDBDABECCEAECABAAABDCECCEEDECB;BAABEABADCABEBCDDBABDEABACBEACDACDACDADCBDCAD;CBAECCEBCBBCBEECACCDBCBDADBCACACBADDBDBEEDABE;1;DDBDDEBBAAEDECBCEEDCAACDBBCEDBBAEXCCAEAACCAED;ACBCADCEDBAECEDADBADBEBCDADABCDEABCAEDEBBCECE;AACEADACDDCBEDADEEBDDBDBBCEECBDCBADDDCBDEDDCECBECE;CEBCEADBBCEADDDABBABBCCDCCECEDBACADECABEDADCB;1;80;80;80;20;60;320
1245310;2024;;;;;;;;;1500602;Altamira;15;PA;0;0;0;0;;;;;;;;;;;;;0;;;;;;;;;;;
329221;2024;;;;;;;;;1500602;Altamira;15;PA;1;1;1;1;1420;1383;1395;1408;418.8;419.2;468.5;432.8;BDADACDEACEBBBADCCCDACBECDBDDBCCCEEACCCBCBECB;BBBACECCDEBBBBCCDBACACDCECACECBACACBDBABDDCDD;DCADADCBDCADDDAEDBBDAACCEBDEDECDDDDDDBDCDACEA;CADBDEDBBEEEBDCCDBBCEEDBBEECBABBBACBDEAACCABC;1;CAEDAACCAEEXCBBAEDBBCAACDEDCBCEECAAEDDDEBBDDB;CECEBEBCDBADDEBBABCDCAECEDADBAEABEADCEDADACBC;CAAAECDDDAECBECEDDCBDEDDCECBDCBCEADBBDBDDCBEDADEEB;CECEBEDADCAADECDBBCEBDCCCACABBABBADDDCEADBBCE;1;120;100;80;120;60;480
4114361;2024;;;;;;;;;1500602;Altamira;15;PA;1;1;1;1;1420;1383;1395;1408;535.1;532.7;576.5;416;BDDDCDACAECBCBDDACBACDBCBACCBCECACECBCABADDDA;ABCBEEACECDAAAABABCDEEBCDAABEECACEADAEDADACCC;CBAACECBECADDABDEDDCBADCCBDAADBBDBDDB*EADDCEB;BCBDBEBEACBBDABBACEBACDABEDDCCBBACACBABEDBDBD;0;CAEDAACCAEEXCBBAEDBBCAACDEDCBCEECAAEDDDEBBDDB;CECEBEBCDBADDEBBABCDCAECEDADBAEABEADCEDADACBC;CAAAECDDDAECBECEDDCBDEDDCECBDCBCEADBBDBDDCBEDADEEB;CECEBEDADCAADECDBBCEBDCCCACABBABBADDDCEADBBCE;1;120;120;120;120;80;560
769200;2024;15106101;1500602;Altamira;15;PA;2;1;1;1500602;Altamira;15;PA;1;1;1;1;1419;1385;1398;1407;396;360.9;406.5;386.8;EABACDDAEDAEACBACEDABAACDCABADCABBCAEBBECEBBE;BBABCAABCEAABCABDBCCACABABABCADACACABBABBCACC;DCABAEACCBCCBBDBDDCDBDBCDBADAABADBBDEACBABAAD;BAADDBBCBDCABAAAEDBEABADEDDAAEBEEAADEEE.BDBCC;0;BCEAACDEDCAAEDDDEBBDDBECCAEDBBAAACCAEEXCBBCED;CAEDBADBEBCCEDADBAEACBCADCEDEBBEBACECEABCDDAD;EAAACDDCDADDCBDEECEECBDCDADEEBCBEBADBCEBDBDDDDCECB;ABBABBADDDBBCECEADCEBCCCDBADCBEDAECADACDBCECE;6;0;0;0;0;0;0
4191226;2024;;;;;;;;;1500602;Altamira;15;PA;0;0;0;0;;;;;;;;;;;;;0;;;;;;;;;;;
3779116;2024;15178145;1508357;Vitória do Xingu;15;PA;2;2;1;1500602;Altamira;15;PA;0;0;0;0;;;;;;;;;;;;;1;;;;;;;;;;;
563588;2024;;;;;;;;;1500602;Altamira;15;PA;1;1;1;1;1422;1384;1396;1410;492.4;424.6;540;425;CDCEEDABDDCEADEECBDECAACCCBEEECBEACADCEDAADCE;ADBBBCDBAAAEEEDEBBBDEDDABECBBBBBBDBCCCCEEEEEE;ACACADADECBBDDDEBCBEBBBEDDBDDBACEBDCDCAEAECCC;EDDDBCEDDBBDCDDBBDCCACCDECEDBEEACACDDCDEBBEDB;1;BBCEDBBAEXCCAEDDBCAEDAACAAEDDDEBBECBCEEDCAACD;DADABCDCECEDEBBBEBCDBADACBCADCEBEADBAECAECEDA;AACEADDDACDADECBBDBEEBDDECCBEDDCADBBDEBCEBDCECEDDC;DBCECEACADABBECBEDADCCDCCABBBCECEBCEADABBADDD;1;80;100;80;80;80;420
3031114;2024;;;;;;;;;1500602;Altamira;15;PA;0;0;0;0;;;;;;;;;;;;;1;;;;;;;;;;;
570788;2024;;;;;;;;;1500602;Altamira;15;PA;1;1;1;1;1420;1383;1395;1408;387.7;368.7;402.1;476.5;ABABAAAEBAAAAAABAEACBABACCAADBACCEAECBAEEBAAE;D*BDEACAABABBCEABCEDDBACABBBAEBEEDACAABEAEAAE;.BCDCBDAAEEBEEEEABDCDAECDAABADACACDADCEAADCBA;ABEEBBAABBCBBCDACAEBBABBAAACEAAACEECCCBCAABBB;1;CAEDAACCAEEXCBBAEDBBCAACDEDCBCEECAAEDDDEBBDDB;CECEBEBCDBADDEBBABCDCAECEDADBAEABEADCEDADACBC;CAAAECDDDAECBECEDDCBDEDDCECBDCBCEADBBDBDDCBEDADEEB;CECEBEDADCAADECDBBCEBDCCCACABBABBADDDCEADBBCE;6;0;0;0;0;0;0
787452;2024;15583058;1500602;Altamira;15;PA;2;1;1;1500602;Altamira;15;PA;1;1;1;1;1422;1384;1396;1410;524.8;434.5;490.3;380;BCCADBCAADEEBEDACDAEBCBDACCEADEABDEAECDDADCCB;EABABCADEBCAECBDBECAEDBECDACECDADAEBCCEDABECA;AAABCCADEDDADCDEBDDDADAACDDBCBBEDBEBBEBEDEADC;CABCEDDEACADBECDBCEAABEAEDCEEADAACBEDABACBEDA;0;BBCEDBBAEXCCAEDDBCAEDAACAAEDDDEBBECBCEEDCAACD;DADABCDCECEDEBBBEBCDBADACBCADCEBEADBAECAECEDA;AACEADDDACDADECBBDBEEBDDECCBEDDCADBBDEBCEBDCECEDDC;DBCECEACADABBECBEDADCCDCCABBBCECEBCEADABBADDD;1;120;120;120;120;80;560
4054532;2024;;;;;;;;;1500602;Altamira;15;PA;1;1;1;1;1422;1384;1396;1410;574;584.9;542.4;455.7;BCBADBBDECCEEEDAAECEDADCCCEDCCEACCDBBEEEECCEC;DBDEBCDAECABCCDBCBCCAADADDDDDBEBEABBEDCABCEDA;CBEABDADEDBBDAEEBDDDAEBEDDABCBBCEECCDADEEBDBB;BBCCDBCCBCCABBCDBBCAABCDBCEBCEBCBDACBDDDBBCDD;1;BBCEDBBAEXCCAEDDBCAEDAACAAEDDDEBBECBCEEDCAACD;DADABCDCECEDEBBBEBCDBADACBCADCEBEADBAECAECEDA;AACEADDDACDADECBBDBEEBDDECCBEDDCADBBDEBCEBDCECEDDC;DBCECEACADABBECBEDADCCDCCABBBCECEBCEADABBADDD;1;140;120;120;120;120;620
524743;2024;15104907;1500602;Altamira;15;PA;2;1;1;1500602;Altamira;15;PA;1;1;1;1;1421;1386;1397;1409;406.7;503.5;508.8;439.2;AEDACDEDBCECBADEBDDDBCEBECDBBADDABDEBCECDBCEA;BCEDADAEAEBCCCBDDCBDEEAEBADBBCDBAEACBDBCBBAAB;AAABBCCADABAEAADBDABCAEADDBBCEBDADEEDDCDCEEDD;CDACBBACECDEBADDEBDECDBCACBBCCDEDABCDAECDCAAB;0;DDBDDEBBAAEDECBCEEDCAACDBBCEDBBAEXCCAEAACCAED;ACBCADCEDBAECEDADBADBEBCDADABCDEABCAEDEBBCECE;AACEADACDDCBEDADEEBDDBDBBCEECBDCBADDDCBDEDDCECBECE;CEBCEADBBCEADDDABBABBCCDCCECEDBACADECABEDADCB;1;120;160;120;120;140;660
625998;2024;;;;;;;;;1500602;Altamira;15;PA;0;0;0;0;;;;;;;;;;;;;1;;;;;;;;;;;
1554517;2024;15583058;1500602;Altamira;15;PA;2;1;1;1500602;Altamira;15;PA;1;1;1;1;1421;1386;1397;1409;504.3;438.2;512.7;491.8;DDCEBDDCBDBBEBBDBBDCADCABCADEADBBCDEEDBACEACE;BCAEAEDBBCCDDCBAABCDADCEBADAACABAAACDACEBEAAA;DABBDAAEDADEEBDECDEBCCDACCCBDCCBABDEAECACEEDB;AABCBDDBDCECCAABADBACCBBBDEBECDADDBCCDBEDAEBB;0;DDBDDEBBAAEDECBCEEDCAACDBBCEDBBAEXCCAEAACCAED;ACBCADCEDBAECEDADBADBEBCDADABCDEABCAEDEBBCECE;AACEADACDDCBEDADEEBDDBDBBCEECBDCBADDDCBDEDDCECBECE;CEBCEADBBCEADDDABBABBCCDCCECEDBACADECABEDADCB;4;0;0;0;0;0;0
402613;2024;;;;;;;;;1500602;Altamira;15;PA;0;0;0;0;;;;;;;;;;;;;1;;;;;;;;;;;
447171;2024;;;;;;;;;1500602;Altamira;15;PA;0;0;0;0;;;;;;;;;;;;;0;;;;;;;;;;;
514598;2024;;;;;;;;;1500602;Altamira;15;PA;0;0;0;0;;;;;;;;;;;;;0;;;;;;;;;;;
3708460;2024;;;;;;;;;1500602;Altamira;15;PA;1;1;1;1;1422;1384;1396;1410;420.1;387.1;499;485.7;DCBCBACCEDCEAABECACEBEACCBAEDBCDECDADDDEABCDC;BAEBEACDEDADAEBBCCCBDCDDDEACCEAEADCEBCDBBADAA;EBCDADABECDEDABEBDEBBADECDEACDBEDACEDACEDBEDC;AEACDBEDCDDBCACACCEABCDDBECEBACCDBCADADAEBCEB;1;BBCEDBBAEXCCAEDDBCAEDAACAAEDDDEBBECBCEEDCAACD;DADABCDCECEDEBBBEBCDBADACBCADCEBEADBAECAECEDA;AACEADDDACDADECBBDBEEBDDECCBEDDCADBBDEBCEBDCECEDDC;DBCECEACADABBECBEDADCCDCCABBBCECEBCEADABBADDD;1;120;160;100;120;160;660
154542;2024;;;;;;;;;1500602;Altamira;15;PA;1;1;1;1;1419;1385;1398;1407;504.9;526.4;547.9;463.5;BDEECADEACCDADEEEBDDBBBAECEAEBBEBEAEDABDAEBAB;CAEDEDDDEBACDBAAEBEACBCACDBDABDDDAC*AAABECBCB;CDCDCDBCBCEECEEAEDEBADEEDDBEAABBCBADBDDDBCAED;BCCBACECBBBADBBDEDCAAEC.BACDACAEEDABBEDADCECA;1;BCEAACDEDCAAEDDDEBBDDBECCAEDBBAAACCAEEXCBBCED;CAEDBADBEBCCEDADBAEACBCADCEDEBBEBACECEABCDDAD;EAAACDDCDADDCBDEECEECBDCDADEEBCBEBADBCEBDBDDDDCECB;ABBABBADDDBBCECEADCEBCCCDBADCBEDAECADACDBCECE;1;160;200;160;180;200;900
4027197;2024;15104907;1500602;Altamira;15;PA;2;1;1;1500602;Altamira;15;PA;1;1;1;1;1419;1385;1398;1407;494.3;537.4;545.6;726.7;BDBAECEEDEACADEEDAADBCAEEEDCCECABADBDBBEBCBBE;ABBDCADDCBECEBABEABECDAADECDEBDDEACECBAEDDBAD;EAAACADCBCEECEBBBAEBADEEDADECABBCDEEDDAAEBDCB;ABBACCADDDEBACABADCEBCCBBAAECDDDACECDECABCECE;0;BCEAACDEDCAAEDDDEBBDDBECCAEDBBAAACCAEEXCBBCED;CAEDBADBEBCCEDADBAEACBCADCEDEBBEBACECEABCDDAD;EAAACDDCDADDCBDEECEECBDCDADEEBCBEBADBCEBDBDDDDCECB;ABBABBADDDBBCECEADCEBCCCDBADCBEDAECADACDBCECE;1;140;160;120;140;180;740
1681440;2024;;;;;;;;;1500602;Altamira;15;PA;1;1;1;1;1420;1383;1395;1408;525.9;541.6;417.3;401.9;BACBEECECDEDDBDDDBBCCADABEDCECEACCBABDDEBCDCC;AAABCCACBABDDEBBBBCDCADCCDADEBDACEADEEAABABDA;DDAACCCEDAEDBACCCAEEDAAEEEDDDBDBEAEDEBEDDDCEA;DDDBCCCBABDBBBCDCEDCCBDCCBECDBBDBADBBCCDCCEBB;0;CAEDAACCAEEXCBBAEDBBCAACDEDCBCEECAAEDDDEBBDDB;CECEBEBCDBADDEBBABCDCAECEDADBAEABEADCEDADACBC;CAAAECDDDAECBECEDDCBDEDDCECBDCBCEADBBDBDDCBEDADEEB;CECEBEDADCAADECDBBCEBDCCCACABBABBADDDCEADBBCE;1;120;160;80;120;120;600
3372750;2024;;;;;;;;;1500602;Altamira;15;PA;0;1;1;0;;1383;1395;;;473;502.1;;;CEABBEEEADBDDEDBCEBCBBECABAEDACACCDBACEEABCDE;DCEDCEDBECCECABDABDABBACEBDCADBEDDAAEBECBDEEA;;1;;CECEBEBCDBADDEBBABCDCAECEDADBAEABEADCEDADACBC;CAAAECDDDAECBECEDDCBDEDDCECBDCBCEADBBDBDDCBEDADEEB;;1;160;180;160;140;120;760
1703318;2024;;;;;;;;;1500602;Altamira;15;PA;0;0;0;0;;;;;;;;;;;;;1;;;;;;;;;;;
4120051;2024;;;;;;;;;1500602;Altamira;15;PA;0;0;0;0;;;;;;;;;;;;;1;;;;;;;;;;;
2576278;2024;;;;;;;;;1500602;Altamira;15;PA;1;1;1;1;1421;1386;1397;1409;563.5;630.8;649.9;608;DBBABEBCAECBECBDCBEDACADDCDCEEBDACCEAEACCEBEC;ADEEADEEEEEECEDADBADAEBEDADDBCDEAECCEDEBBCEEB;AACEADBEDADEEBDABDBBCEBCBDCBDDBDCBDEDDBECBECD;ACBBCACBBCCBCBAABCECCCBBEDDDDDBADDDDCEEEDCBCC;0;DDBDDEBBAAEDECBCEEDCAACDBBCEDBBAEXCCAEAACCAED;ACBCADCEDBAECEDADBADBEBCDADABCDEABCAEDEBBCECE;AACEADACDDCBEDADEEBDDBDBBCEECBDCBADDDCBDEDDCECBECE;CEBCEADBBCEADDDABBABBCCDCCECEDBACADECABEDADCB;1;160;200;160;200;200;920
2658116;2024;;;;;;;;;1500602;Altamira;15;PA;1;1;1;1;1422;1384;1396;1410;548.3;568.5;580.4;632.9;BDDEBDBBEB*EEEDDAECEDAEEEECDCEBEBECEBBCECEECC;AEDABCDDEEBEAEEBEBECCDDAABCADECBEABBAEEAEACBA;AAEEDDADECBDEBEEBBDBBCBEDDEDBBADEBDEDDCECCDBC;CCCEDCAEADDACCDDDDDDECBCCACBBDDBCEDBADABCDDEB;0;BBCEDBBAEXCCAEDDBCAEDAACAAEDDDEBBECBCEEDCAACD;DADABCDCECEDEBBBEBCDBADACBCADCEBEADBAECAECEDA;AACEADDDACDADECBBDBEEBDDECCBEDDCADBBDEBCEBDCECEDDC;DBCECEACADABBECBEDADCCDCCABBBCECEBCEADABBADDD;1;160;200;160;200;120;840
708059;2024;;;;;;;;;1500602;Altamira;15;PA;1;1;1;1;1419;1385;1398;1407;542.5;503.4;491.2;558.6;BAEDADCEEBCBCCCEAECDDCBCBDEBDDACDCECDBCBAECBD;CDEDEBDCEABDECAABAEECEAAEECDDDDBCABECDCCDABDE;EAACABBACAEDCEEDDDCCBDEEAACAABEBDCDDACDBEBACB;BA.ACABDCACBCDDBDDCEABCAEDCBBDCCBEAEDEDAADEBD;0;BCEAACDEDCAAEDDDEBBDDBECCAEDBBAAACCAEEXCBBCED;CAEDBADBEBCCEDADBAEACBCADCEDEBBEBACECEABCDDAD;EAAACDDCDADDCBDEECEECBDCDADEEBCBEBADBCEBDBDDDDCECB;ABBABBADDDBBCECEADCEBCCCDBADCBEDAECADACDBCECE;1;120;160;120;160;200;760
3247462;2024;;;;;;;;;1500602;Altamira;15;PA;0;0;0;0;;;;;;;;;;;;;1;;;;;;;;;;;
248140;2024;;;;;;;;;1500602;Altamira;15;PA;0;0;0;0;;;;;;;;;;;;;1;;;;;;;;;;;
1943157;2024;;;;;;;;;1500602;Altamira;15;PA;0;1;1;0;;1383;1395;;;303.8;361.8;;;BBBDCDCBBDCCBCBCBCCDCDBEBDCCDBCBECCBBDBDCDDCC;ACADBCDDDCBCAECACDAAACAAAACDEBCAC*DBDDECCEBEC;;1;;CECEBEBCDBADDEBBABCDCAECEDADBAEABEADCEDADACBC;CAAAECDDDAECBECEDDCBDEDDCECBDCBCEADBBDBDDCBEDADEEB;;4;0;0;0;0;0;0
4033688;2024;;;;;;;;;1500602;Altamira;15;PA;1;1;1;1;1419;1385;1398;1407;580.8;386.4;517;604.9;BEBDDCBEBCACBEADEBBBCAECECEDCABEECCEEEBBBCDEB;CABAEEACCDDBDCEBEDAACBEDCAEDCEACAABCEBDBEDBED;BDCEADBCBAEECACACDAAADCECDBAEABCBADCBEDADEEEB;DEDABDACEBABCBABDDCCACABCABECBECADAEBECDEAABA;1;BCEAACDEDCAAEDDDEBBDDBECCAEDBBAAACCAEEXCBBCED;CAEDBADBEBCCEDADBAEACBCADCEDEBBEBACECEABCDDAD;EAAACDDCDADDCBDEECEECBDCDADEEBCBEBADBCEBDBDDDDCECB;ABBABBADDDBBCECEADCEBCCCDBADCBEDAECADACDBCECE;1;100;180;120;120;160;680
374077;2024;;;;;;;;;1500602;Altamira;15;PA;0;0;0;0;;;;;;;;;;;;;1;;;;;;;;;;;
1949198;2024;;;;;;;;;1500602;Altamira;15;PA;0;0;0;0;;;;;;;;;;;;;1;;;;;;;;;;;
4125321;2024;15109194;1507805;Senador José Porfírio;15;PA;2;1;1;1500602;Altamira;15;PA;1;1;1;1;1419;1385;1398;1407;484.5;475.5;487;594.9;CCEBDDBDCECEDEECEEDDEBCECEEDCACDEBCDBECDCABCE;CBBADCDCBADCBCBDBADABDCBDEBBEBDDBABADECBCBACE;BCBDCBACAEEECACADBEDAACDACBCDBCBDCEDDBACDCDCD;EBCDBCDDCDBAEDCCAECABDCEEBDBCBEDBECDCECA*DABC;1;BCEAACDEDCAAEDDDEBBDDBECCAEDBBAAACCAEEXCBBCED;CAEDBADBEBCCEDADBAEACBCADCEDEBBEBACECEABCDDAD;EAAACDDCDADDCBDEECEECBDCDADEEBCBEBADBCEBDBDDDDCECB;ABBABBADDDBBCECEADCEBCCCDBADCBEDAECADACDBCECE;1;80;120;80;100;100;480
1453879;2024;15176045;1500602;Altamira;15;PA;4;1;1;1500602;Altamira;15;PA;1;1;1;1;1421;1386;1397;1409;562.6;620.7;585.5;517.4;DBBCDBABCCCDECBDBEECCDCDBCEEAEADCBADADAACEDCD;ABEAADEEBBECCEDADBDDBEBEBCDCBCDEDECAEDEEDAECE;AACEBCAEDADEEBDCBDBBDEBBDDEDAECDABDEDDAECBEDE;CDBADABDCABBEDAACECEBDABADAEBCEDDBCCABEBCBECC;0;DDBDDEBBAAEDECBCEEDCAACDBBCEDBBAEXCCAEAACCAED;ACBCADCEDBAECEDADBADBEBCDADABCDEABCAEDEBBCECE;AACEADACDDCBEDADEEBDDBDBBCEECBDCBADDDCBDEDDCECBECE;CEBCEADBBCEADDDABBABBCCDCCECEDBACADECABEDADCB;1;160;180;140;160;200;840
2489353;2024;15177858;1500602;Altamira;15;PA;2;2;1;1500602;Altamira;15;PA;1;1;1;1;1422;1384;1396;1410;409.7;318.5;378.5;524.3;BDAACDCBCECEADCDCCEABBBDCAADADECDCDDBABDADCEA;DABDCEBEADCCACBEADBAEDCDACDAEBDBABCAEDBEBDBCD;DACBECAEADEBDECACEADECBDACECBDADBEACEBDCDAACD;CCAEBDBBCDECCAEACECBDABACDEBCCACDEAECDACEBDAC;1;BBCEDBBAEXCCAEDDBCAEDAACAAEDDDEBBECBCEEDCAACD;DADABCDCECEDEBBBEBCDBADACBCADCEBEADBAECAECEDA;AACEADDDACDADECBBDBEEBDDECCBEDDCADBBDEBCEBDCECEDDC;DBCECEACADABBECBEDADCCDCCABBBCECEBCEADABBADDD;1;100;120;120;100;0;440
985154;2024;15106250;1501725;Brasil Novo;15;PA;2;1;1;1500602;Altamira;15;PA;0;0;0;0;;;;;;;;;;;;;0;;;;;;;;;;;
553975;2024;15104907;1500602;Altamira;15;PA;2;1;1;1500602;Altamira;15;PA;1;1;1;1;1422;1384;1396;1410;552.2;608.8;580.7;674.9;DDCECBEDEBEEAADDCEAECCADAADEEDABEDABAEDCCADED;ACDABCEAECBBABBBEBEABEDACBCADEEEEAABEACAECECA;AACCADADECBBDBEEBDDBAEBEDDDABCEDEBDADCCEDEBDC;DACEDADCADDBDCEBDDBBBCDCCEADBCAEDBCBADA*AECBD;0;BBCEDBBAEXCCAEDDBCAEDAACAAEDDDEBBECBCEEDCAACD;DADABCDCECEDEBBBEBCDBADACBCADCEBEADBAECAECEDA;AACEADDDACDADECBBDBEEBDDECCBEDDCADBBDEBCEBDCECEDDC;DBCECEACADABBECBEDADCCDCCABBBCECEBCEADABBADDD;1;160;200;180;200;160;900
2032406;2024;;;;;;;;;1500602;Altamira;15;PA;1;1;1;1;1420;1383;1395;1408;564.7;548.7;539.8;400.5;ECEBCACBAEEBCDBCBDBECDBABBDEBEAEBCBCEEECACDDB;BECDBEBBDCBBECBBDBCEDAADEBDABACAEBAEAEBADADEE;CAAADDCEECADDAEEECACCAAEDBCEDDADEADDEDECDDEEB;EDBDDEDCABAECDBADEBDEBADBEDDDAEBEDCDECBDADEBB;0;CAEDAACCAEEXCBBAEDBBCAACDEDCBCEECAAEDDDEBBDDB;CECEBEBCDBADDEBBABCDCAECEDADBAEABEADCEDADACBC;CAAAECDDDAECBECEDDCBDEDDCECBDCBCEADBBDBDDCBEDADEEB;CECEBEDADCAADECDBBCEBDCCCACABBABBADDDCEADBBCE;1;140;160;140;140;200;780
2334883;2024;15177874;1500859;Anapu;15;PA;2;2;1;1500602;Altamira;15;PA;1;1;1;1;1422;1384;1396;1410;375.4;429.3;438.3;441.4;ABBAACBBDCDBBBCAEDEADECEBBAEECEADBCABACECEBEB;EDBCBACEAABDADEDAAACBADEBACDBDDABAABDEABACAAA;CBABEDCDDCBDDEEEAEEEAAABCABADEAEBADAABEEBAEAA;DADCCBDDDBECACCBEECBBDBECDABDDBCEDACAEDECBDED;0;BBCEDBBAEXCCAEDDBCAEDAACAAEDDDEBBECBCEEDCAACD;DADABCDCECEDEBBBEBCDBADACBCADCEBEADBAECAECEDA;AACEADDDACDADECBBDBEEBDDECCBEDDCADBBDEBCEBDCECEDDC;DBCECEACADABBECBEDADCCDCCABBBCECEBCEADABBADDD;1;120;120;60;100;60;460
3772216;2024;;;;;;;;;1500602;Altamira;15;PA;1;1;1;1;1421;1386;1397;1409;515.2;502;506.7;625.5;DABCBCBACDDEDCBBABDDEAACBBCBCCABBBDACACDCEDEA;ACABDDEACEADCDDAABCBEDABAADABBDCAAAAEDAACBEBA;EAECACBACDDDEBCEBDEBCAAAEECDCBCBDBEEADBEBEEEC;CCBDCACDBBDBCDDADAEBBEBACCDDCCCEEBCBDABDDCCBB;0;DDBDDEBBAAEDECBCEEDCAACDBBCEDBBAEXCCAEAACCAED;ACBCADCEDBAECEDADBADBEBCDADABCDEABCAEDEBBCECE;AACEADACDDCBEDADEEBDDBDBBCEECBDCBADDDCBDEDDCECBECE;CEBCEADBBCEADDDABBABBCCDCCECEDBACADECABEDADCB;1;120;120;120;120;100;580
1419165;2024;15178145;1508357;Vitória do Xingu;15;PA;2;2;1;1500602;Altamira;15;PA;1;1;1;1;1422;1384;1396;1410;408.8;475.2;464.7;470.5;BCCDAADEAABEAECACECACBEBAADACEDEEDBAABADCABBA;DEBAECCCEAAEDEDDCCECEADADEAACDCADACEACAAACAEA;BECBBCAAEBBEDDDCCDAAADDEADDDDCEEEEDDEABEDEDBC;EBEECCBDAABCAADECCECACDABAECECCCBAABEBDDEBCBA;1;BBCEDBBAEXCCAEDDBCAEDAACAAEDDDEBBECBCEEDCAACD;DADABCDCECEDEBBBEBCDBADACBCADCEBEADBAECAECEDA;AACEADDDACDADECBBDBEEBDDECCBEDDCADBBDEBCEBDCECEDDC;DBCECEACADABBECBEDADCCDCCABBBCECEBCEADABBADDD;1;160;180;160;200;140;840
3469069;2024;;;;;;;;;1500602;Altamira;15;PA;1;1;1;1;1419;1385;1398;1407;583.8;589.8;590.7;652.5;BAEEEEADDCEACDDBEABDCCBAAADEBBDCACCCEECDDCACB;CBEBBADBEBCCEDADBAEEBCCADEDEEBDCCACEBEDECCBEC;AAADEDDCBDEECAEDBDEBADEEBEBEDADBDCDDDDADDCECB;BCBACADDDDDBABEBADCCBCCBDABCADDBDBBECAAAEBEDC;0;BCEAACDEDCAAEDDDEBBDDBECCAEDBBAAACCAEEXCBBCED;CAEDBADBEBCCEDADBAEACBCADCEDEBBEBACECEABCDDAD;EAAACDDCDADDCBDEECEECBDCDADEEBCBEBADBCEBDBDDDDCECB;ABBABBADDDBBCECEADCEBCCCDBADCBEDAECADACDBCECE;1;160;200;180;180;180;900
2110217;2024;15106250;1501725;Brasil Novo;15;PA;2;1;1;1500602;Altamira;15;PA;1;1;1;1;1420;1383;1395;1408;444.2;430.7;502.5;506.1;BBEAEEBEEEEBCDDBCCAEDEBACDEBECADEDCBEEBCEADEC;AABBACADBBCAEEECDBCCACBDCAABEACAADCEDBDABAADA;CADDCECBEAEDDBACAAACDBEBDECABAAEDCDAAACAADEAB;AADEBCEDEACBCDACECEADBCCBECBABADCCEAADBACCBDD;1;CAEDAACCAEEXCBBAEDBBCAACDEDCBCEECAAEDDDEBBDDB;CECEBEBCDBADDEBBABCDCAECEDADBAEABEADCEDADACBC;CAAAECDDDAECBECEDDCBDEDDCECBDCBCEADBBDBDDCBEDADEEB;CECEBEDADCAADECDBBCEBDCCCACABBABBADDDCEADBBCE;1;80;120;80;80;80;440
1663073;2024;15104907;1500602;Altamira;15;PA;2;1;1;1500602;Altamira;15;PA;1;1;1;1;1420;1383;1395;1408;497.6;506.1;557.5;386.8;ECEDAABEADCDBCBBACEEDBDAADABECCEBDADEDECABDCA;AECBDEABEDCAEEABDCCDCDBCDDAAEEDAECADCEBDBBDEC;ECDDAECBEEEDDABAECECDABCEBDEDAEADBDDCAEDADCEA;A.BEACECBDDABEACEAABDDCAEDDBAEBCEDA*BCAEDCAEB;1;CAEDAACCAEEXCBBAEDBBCAACDEDCBCEECAAEDDDEBBDDB;CECEBEBCDBADDEBBABCDCAECEDADBAEABEADCEDADACBC;CAAAECDDDAECBECEDDCBDEDDCECBDCBCEADBBDBDDCBEDADEEB;CECEBEDADCAADECDBBCEBDCCCACABBABBADDDCEADBBCE;1;120;160;120;120;100;620
1778049;2024;15105016;1508357;Vitória do Xingu;15;PA;2;1;1;1500602;Altamira;15;PA;0;1;1;0;;1383;1395;;;527.5;549.3;;;DEACADAEDADDDEBAADCEDABCEDACEADAEB*DEBBBDACDE;EAADBACEECADD.BDECDAEDECCBCEEDAADDEDDAEDACEEB;;0;;CECEBEBCDBADDEBBABCDCAECEDADBAEABEADCEDADACBC;CAAAECDDDAECBECEDDCBDEDDCECBDCBCEADBBDBDDCBEDADEEB;;8;0;0;0;0;0;0
4261724;2024;;;;;;;;;1500602;Altamira;15;PA;1;1;1;1;1422;1384;1396;1410;357.4;466.3;489.6;406.6;EDCBAAABDACEAAAECEA.AEAEBCDAEEDADAEABADCBBADB;AEAAEBACABADCEDBDAEBBCBACDEEDCECBABBEADABCEEA;AAAEABDBBCBDDEECBDBEBDDBDDAEADAEAAACDECECACDC;BAEACBADBDBAADACBCABAECADEADEBADBCAEDBBCDCADD;0;BBCEDBBAEXCCAEDDBCAEDAACAAEDDDEBBECBCEEDCAACD;DADABCDCECEDEBBBEBCDBADACBCADCEBEADBAECAECEDA;AACEADDDACDADECBBDBEEBDDECCBEDDCADBBDEBCEBDCECEDDC;DBCECEACADABBECBEDADCCDCCABBBCECEBCEADABBADDD;1;120;140;120;80;20;480
508052;2024;15169138;1500602;Altamira;15;PA;2;1;1;1500602;Altamira;15;PA;0;0;0;0;;;;;;;;;;;;;0;;;;;;;;;;;
501267;2024;;;;;;;;;1500602;Altamira;15;PA;0;0;0;0;;;;;;;;;;;;;1;;;;;;;;;;;
1665084;2024;;;;;;;;;1500602;Altamira;15;PA;0;1;1;0;;1386;1397;;;366.3;493.3;;;ACBEBADCAEDBCADEBC*BEBDDABEBCBEBBDACEDBCACEAC;CACBDCDEBBCEEBDEDEABDAEADACCEDBBBCEEDDBAECEAC;;1;;ACBCADCEDBAECEDADBADBEBCDADABCDEABCAEDEBBCECE;AACEADACDDCBEDADEEBDDBDBBCEECBDCBADDDCBDEDDCECBECE;;4;0;0;0;0;0;0
2116553;2024;;;;;;;;;1500602;Altamira;15;PA;0;0;0;0;;;;;;;;;;;;;0;;;;;;;;;;;
1762232;2024;;;;;;;;;1500602;Altamira;15;PA;0;0;0;0;;;;;;;;;;;;;0;;;;;;;;;;;
1276119;2024;15106250;1501725;Brasil Novo;15;PA;2;1;1;1500602;Altamira;15;PA;1;1;1;1;1422;1384;1396;1410;586;651;591.8;555.8;DBCCEADCEBCECEDCAAAEDAACCBBCDAEEDECEAEEDDAEBA;DADDBCDCECBEEBBBEBEDBADABCEADEEEEAABEECADCEDA;AACDADDDECBCDBCEBDBECCBEDDEBEDBDEBDEDCCECCDDA;ACEEDCADBCDDDCBDDCDDCCCCEBACABBCBACCBBACECBDC;0;BBCEDBBAEXCCAEDDBCAEDAACAAEDDDEBBECBCEEDCAACD;DADABCDCECEDEBBBEBCDBADACBCADCEBEADBAECAECEDA;AACEADDDACDADECBBDBEEBDDECCBEDDCADBBDEBCEBDCECEDDC;DBCECEACADABBECBEDADCCDCCABBBCECEBCEADABBADDD;1;160;180;180;200;200;920
1384086;2024;;;;;;;;;1500602;Altamira;15;PA;1;1;1;1;1420;1383;1395;1408;514;316.1;496.6;492;CAEEAACEDAECDBAABEBDADCEBDDDADDCAACBACDEEEEBB;CEDCBBAECDCEDDECEBBACDDABECCDEACCABBECCABDDCE;DDEEDECBECCDCBACECBCDADECBCEDDBBEADEBEBCAADDE;ACAEEBBCCCEBACDDDAA*DDEEDACCCBDEAABDECCAEBBED;1;CAEDAACCAEEXCBBAEDBBCAACDEDCBCEECAAEDDDEBBDDB;CECEBEBCDBADDEBBABCDCAECEDADBAEABEADCEDADACBC;CAAAECDDDAECBECEDDCBDEDDCECBDCBCEADBBDBDDCBEDADEEB;CECEBEDADCAADECDBBCEBDCCCACABBABBADDDCEADBBCE;1;100;120;120;120;80;540
3865551;2024;;;;;;;;;1500602;Altamira;15;PA;1;1;1;1;1420;1383;1395;1408;438.5;438.2;410.2;412.9;EABBAEDBEDABBEBCEABBDAAECDCAACECDDACBCAEEDDED;CBBACEBCCBDAEABDACCDADBAECCBEDDABEBDAAEDEABAC;CADABBCEAEBDCBCEAADDCDADABADECEEECEADCACDBCEB;DEACCAECDDCBABEAEDACDABADADCCACBAECDBEABBEDBB;0;CAEDAACCAEEXCBBAEDBBCAACDEDCBCEECAAEDDDEBBDDB;CECEBEBCDBADDEBBABCDCAECEDADBAEABEADCEDADACBC;CAAAECDDDAECBECEDDCBDEDDCECBDCBCEADBBDBDDCBEDADEEB;CECEBEDADCAADECDBBCEBDCCCACABBABBADDDCEADBBCE;6;0;0;0;0;0;0
3186821;2024;;;;;;;;;1500602;Altamira;15;PA;0;0;0;0;;;;;;;;;;;;;0;;;;;;;;;;;
4132298;2024;;;;;;;;;1500602;Altamira;15;PA;1;1;1;1;1419;1385;1398;1407;458;429.4;533.1;425.2;CEBAECBDAEDCAEAAEBADBADCEEABCBBDABCAEBCDBBDAE;EAABBDAACBCCDEACBDEBDDECCADCBAEEC*DABBCECABBD;DAABCDACACEECDABDAEDEDEACDBEBDDBDECDBEDBDAECD;ABADBABEBDEABDADEAADACACDBBAECBDEBCEBACBEDBAC;0;BCEAACDEDCAAEDDDEBBDDBECCAEDBBAAACCAEEXCBBCED;CAEDBADBEBCCEDADBAEACBCADCEDEBBEBACECEABCDDAD;EAAACDDCDADDCBDEECEECBDCDADEEBCBEBADBCEBDBDDDDCECB;ABBABBADDDBBCECEADCEBCCCDBADCBEDAECADACDBCECE;1;120;120;80;120;20;460
2415699;2024;;;;;;;;;1500602;Altamira;15;PA;1;1;1;1;1420;1383;1395;1408;516.1;539.9;474;416.8;EDEAAECACEEDEEBDDBBDDABCBDAECBBAAEACEAEDEBCEB;DEABBEADDBBDDAEDCBAEDBECDCAAEEAABAADEEDADADBE;DCDEBCAADCCDCCBECDBACABAEBC.DDACDA.BCAEBADCED;DCEDDBABABDBECEBAACCBEBCBDBDCCEBADBEBBDDABCCD;1;CAEDAACCAEEXCBBAEDBBCAACDEDCBCEECAAEDDDEBBDDB;CECEBEBCDBADDEBBABCDCAECEDADBAEABEADCEDADACBC;CAAAECDDDAECBECEDDCBDEDDCECBDCBCEADBBDBDDCBEDADEEB;CECEBEDADCAADECDBBCEBDCCCACABBABBADDDCEADBBCE;1;160;200;160;160;180;860
1392366;2024;;;;;;;;;1500602;Altamira;15;PA;0;0;0;0;;;;;;;;;;;;;1;;;;;;;;;;;
1220090;2024;15178145;1508357;Vitória do Xingu;15;PA;2;2;1;1500602;Altamira;15;PA;1;1;1;1;1421;1386;1397;1409;476.9;594.7;489;478.1;DDBEDCEEBBCCCADDDDCBBECBDCBEBABDECBCCACDBEDCE;ADECADCEDEAECEDAECDDCEBEDEDDBCDEDBCABEEBCECAD;DAEBBDBECADEEBDDBDABDBCDEECDDCDCAEBEACBDEABDB;CBAADDDAACEDCBBBAEDBCEECBDEBBBEABCACBADCEBABA;0;DDBDDEBBAAEDECBCEEDCAACDBBCEDBBAEXCCAEAACCAED;ACBCADCEDBAECEDADBADBEBCDADABCDEABCAEDEBBCECE;AACEADACDDCBEDADEEBDDBDBBCEECBDCBADDDCBDEDDCECBECE;CEBCEADBBCEADDDABBABBCCDCCECEDBACADECABEDADCB;1;140;200;120;140;160;760
4050820;2024;;;;;;;;;1500602;Altamira;15;PA;0;0;0;0;;;;;;;;;;;;;1;;;;;;;;;;;
1190752;2024;;;;;;;;;1500602;Altamira;15;PA;1;1;1;1;1422;1384;1396;1410;516.1;401;488.9;490.1;EDACACABEABCEEDDAECEBDEACCDACDAABCBBCADCCBDAE;BEDAEBEBEABCDADDBCCECDAECECBEAECBAEDBDECCACBA;ABEBCCADECEDDDEDBCDBCAAAEAABCCABEBACDACEDBDDB;DDEEDBACCDADCCBEABBAEEBBDCAEBCABCDABDECACAEAB;0;BBCEDBBAEXCCAEDDBCAEDAACAAEDDDEBBECBCEEDCAACD;DADABCDCECEDEBBBEBCDBADACBCADCEBEADBAECAECEDA;AACEADDDACDADECBBDBEEBDDECCBEDDCADBBDEBCEBDCECEDDC;DBCECEACADABBECBEDADCCDCCABBBCECEBCEADABBADDD;1;140;180;120;120;120;680
917964;2024;;;;;;;;;1500602;Altamira;15;PA;1;1;1;1;1421;1386;1397;1409;471.7;529.4;456.7;417.3;DCDAECBCBACAAAEBBDECDCCBEEBAABADEAEEDCDACEBEC;ADDAADECABAECEBADAEBAE*DBAB*BACEACDAADEDBCA.A;CBCDCADEDADEEDEDBDBECCADDAEAEEAABDBDEADACEBBA;CDEABEADDBAECEBDBCDCADDDCABCDEABCDCABBDBDDAEE;1;DDBDDEBBAAEDECBCEEDCAACDBBCEDBBAEXCCAEAACCAED;ACBCADCEDBAECEDADBADBEBCDADABCDEABCAEDEBBCECE;AACEADACDDCBEDADEEBDDBDBBCEECBDCBADDDCBDEDDCECBECE;CEBCEADBBCEADDDABBABBCCDCCECEDBACADECABEDADCB;1;160;180;160;160;140;800
3658988;2024;15178145;1508357;Vitória do Xingu;15;PA;2;2;1;1500602;Altamira;15;PA;0;0;0;0;;;;;;;;;;;;;1;;;;;;;;;;;
2795473;2024;15105016;1508357;Vitória do Xingu;15;PA;2;1;1;1500602;Altamira;15;PA;0;0;0;0;;;;;;;;;;;;;1;;;;;;;;;;;
2909041;2024;15104907;1500602;Altamira;15;PA;2;1;1;1500602;Altamira;15;PA;1;1;1;1;1421;1386;1397;1409;479;468.2;522.6;417.8;DCAEBCEBADDEBEEDBDBDACCBBBEBBBAAEBBEAEBBAEACB;BCEEECAAEBDCCEAADCCDCCAABADCEEABAEEABBAEBBACB;BAACCBAEEADEEBDDBDDCCEBBDAEDAABDEBCADDB.BBECA;BBACADCDCBEBCEAACCDEBEDABCBEADEEDAAAEDEBCEADE;1;DDBDDEBBAAEDECBCEEDCAACDBBCEDBBAEXCCAEAACCAED;ACBCADCEDBAECEDADBADBEBCDADABCDEABCAEDEBBCECE;AACEADACDDCBEDADEEBDDBDBBCEECBDCBADDDCBDEDDCECBECE;CEBCEADBBCEADDDABBABBCCDCCECEDBACADECABEDADCB;1;120;120;120;140;120;620
2221025;2024;;;;;;;;;1500602;Altamira;15;PA;0;1;1;0;;1384;1396;;;409.7;369.8;;;EAABEADCBDDBEBCEBEBBDECADEEDBBEDBCBDABABCEBCA;BCAADEBAEBCCBABDBDABEEACDCCEBEDADEBADCCEAEAEA;;1;;DADABCDCECEDEBBBEBCDBADACBCADCEBEADBAECAECEDA;AACEADDDACDADECBBDBEEBDDECCBEDDCADBBDEBCEBDCECEDDC;;4;0;0;0;0;0;0
525449;2024;15169138;1500602;Altamira;15;PA;2;1;1;1500602;Altamira;15;PA;1;1;1;1;1419;1385;1398;1407;369.7;462.6;482.1;413.3;DADADEBDBDCBDEECEBDBACACDEAEDACAACEABDAECCDBB;BCBABDABECBCAAABEEABBACAEAEBBABBCACEAAABBCAAB;ADABACDCAAEEAEABDEEEBECCBABABAABDEBDDEDCDBEBC;EAABEBAEEAEEBBBABAABADBEAACBADADCDEEDBCACDDEE;0;BCEAACDEDCAAEDDDEBBDDBECCAEDBBAAACCAEEXCBBCED;CAEDBADBEBCCEDADBAEACBCADCEDEBBEBACECEABCDDAD;EAAACDDCDADDCBDEECEECBDCDADEEBCBEBADBCEBDBDDDDCECB;ABBABBADDDBBCECEADCEBCCCDBADCBEDAECADACDBCECE;1;140;120;100;120;80;560
1364882;2024;;;;;;;;;1500602;Altamira;15;PA;1;1;1;1;1419;1385;1398;1407;509;633.6;596.4;419.4;CABDECBDEBAEEDCBEDBDBDEEEAEBBAEABEECDDADDCBAA;CAEDBBDBEABCEDACEBEACDCADAEDEBDDCACECBCBCDDAD;DECCABDCBDEECDAAEDBDADEEECAEADDBCCCDBDADDBECB;DBABEEBDABBDECDCECAEADCDCACACACDDCDCDEDCADDAD;1;BCEAACDEDCAAEDDDEBBDDBECCAEDBBAAACCAEEXCBBCED;CAEDBADBEBCCEDADBAEACBCADCEDEBBEBACECEABCDDAD;EAAACDDCDADDCBDEECEECBDCDADEEBCBEBADBCEBDBDDDDCECB;ABBABBADDDBBCECEADCEBCCCDBADCBEDAECADACDBCECE;1;100;160;120;140;100;620
624418;2024;15107035;1504455;Medicilândia;15;PA;2;1;1;1500602;Altamira;15;PA;1;1;1;1;1420;1383;1395;1408;587.7;624.6;571.5;541.4;ECADAACEAAECDCDADDEDCDCCDADDBCBACCACDDADABDCC;CECEAEBCDBADDEBDDBCDAAECEAADBAEDBEADEDBEDADEE;DAADEECEECCDDCBCEDDCEBBACBDAABCBEBDBABEBADCEB;EECBDEEBECEBACBDC.DEBBBBBADBAEAACEDDCECDDDAAD;0;CAEDAACCAEEXCBBAEDBBCAACDEDCBCEECAAEDDDEBBDDB;CECEBEBCDBADDEBBABCDCAECEDADBAEABEADCEDADACBC;CAAAECDDDAECBECEDDCBDEDDCECBDCBCEADBBDBDDCBEDADEEB;CECEBEDADCAADECDBBCEBDCCCACABBABBADDDCEADBBCE;1;140;180;160;160;160;800
1573567;2024;;;;;;;;;1500602;Altamira;15;PA;0;0;0;0;;;;;;;;;;;;;1;;;;;;;;;;;
3353056;2024;;;;;;;;;1500602;Altamira;15;PA;1;1;1;1;1421;1386;1397;1409;576;597.1;593.9;393;DDBBDEBABEEAECBDEEDCADBDBDAEBBDAEDBACDECDDBEC;AABCACEECBBECEDAECDCBECCBADAECBEABCADDEEBCECB;DCADDDBEDADDECBACDBBDDCDADCBCDDDCBDEDDAECBECC;EEEDEAADCCBECADBDAEBCDDDADCBEEABDCEADBEACBEDD;1;DDBDDEBBAAEDECBCEEDCAACDBBCEDBBAEXCCAEAACCAED;ACBCADCEDBAECEDADBADBEBCDADABCDEABCAEDEBBCECE;AACEADACDDCBEDADEEBDDBDBBCEECBDCBADDDCBDEDDCECBECE;CEBCEADBBCEADDDABBABBCCDCCECEDBACADECABEDADCB;1;120;140;120;120;120;620
1130686;2024;15140463;1500602;Altamira;15;PA;4;1;1;1500602;Altamira;15;PA;1;1;1;1;1421;1386;1397;1409;543;604.3;587.4;821.9;ACCECEACACEBACBCECACDEABCDACDBABEBDDBEAAAEDEB;ADDCABDDCEAECEDADDDDBEBCDADCBCBEDACAEECEBBECB;AACDACBECADEEBEADDBBDEBDEBEAABCDCBDEDDAECBECC;CEBCBADCBCEACDDABBABBDCDCCECEDBACCECCABEDEBDB;0;DDBDDEBBAAEDECBCEEDCAACDBBCEDBBAEXCCAEAACCAED;ACBCADCEDBAECEDADBADBEBCDADABCDEABCAEDEBBCECE;AACEADACDDCBEDADEEBDDBDBBCEECBDCBADDDCBDEDDCECBECE;CEBCEADBBCEADDDABBABBCCDCCECEDBACADECABEDADCB;1;160;180;180;160;180;860
2570543;2024;;;;;;;;;1500602;Altamira;15;PA;0;0;0;0;;;;;;;;;;;;;0;;;;;;;;;;;
1356258;2024;15177858;1500602;Altamira;15;PA;2;2;1;1500602;Altamira;15;PA;1;1;1;1;1420;1383;1395;1408;409.2;517.1;450.1;406.7;ECABBADDAEDCBCDADCBACABBCBCDDBDABBCABCDABADEA;DEBADEBCADADCEBABEADAABCAEACEBEDECADEABABABDC;ADDAEBCDEEEAAAAECCADEEBECCDEEADDDEBDECAEDDEEB;CEDAEAEABADCBCCAECACEDBDDBEDCADDCBAEAEBBEBAEB;1;CAEDAACCAEEXCBBAEDBBCAACDEDCBCEECAAEDDDEBBDDB;CECEBEBCDBADDEBBABCDCAECEDADBAEABEADCEDADACBC;CAAAECDDDAECBECEDDCBDEDDCECBDCBCEADBBDBDDCBEDADEEB;CECEBEDADCAADECDBBCEBDCCCACABBABBADDDCEADBBCE;1;160;160;160;200;120;800
186506;2024;15104907;1500602;Altamira;15;PA;2;1;1;1500602;Altamira;15;PA;1;1;1;1;1420;1383;1395;1408;503;564.3;546.7;436.3;EBCBACDEEECBDEBCADBAEADBCDACECEECCEADABECBDCC;BECBBECEDCCBDAADDBCAABECCDABBAEAEEBDECDADAADC;CAAACECBEDDDBAACEDBCCCECCBCDDABBDAEABBBCADEEB;CDDBBDEDACEDCABECDEBCBAECECADDDEEDBEABEEACBAD;0;CAEDAACCAEEXCBBAEDBBCAACDEDCBCEECAAEDDDEBBDDB;CECEBEBCDBADDEBBABCDCAECEDADBAEABEADCEDADACBC;CAAAECDDDAECBECEDDCBDEDDCECBDCBCEADBBDBDDCBEDADEEB;CECEBEDADCAADECDBBCEBDCCCACABBABBADDDCEADBBCE;1;100;140;100;120;100;560
1524068;2024;;;;;;;;;1500602;Altamira;15;PA;0;0;0;0;;;;;;;;;;;;;0;;;;;;;;;;;
195800;2024;;;;;;;;;1500602;Altamira;15;PA;1;1;1;1;1421;1386;1397;1409;435.3;515.6;511;397.2;DABAECEACCDBEBCBAEBAAEDCBDBBCBBCAEBAEDACDDCBB;ABBCADBDDEEECDBAEEBDBBCEBCBCECCDAAEACDEADAEBB;ACCDDECEBBDDDBDDBDBADAAAEA*ECBDBCEEEDCCEEBECE;BCEABCEAACCCAEBEBEEAADCACEBABDDEDBEDCCACCBDCE;1;DDBDDEBBAAEDECBCEEDCAACDBBCEDBBAEXCCAEAACCAED;ACBCADCEDBAECEDADBADBEBCDADABCDEABCAEDEBBCECE;AACEADACDDCBEDADEEBDDBDBBCEECBDCBADDDCBDEDDCECBECE;CEBCEADBBCEADDDABBABBCCDCCECEDBACADECABEDADCB;1;100;80;80;120;0;380
727968;2024;;;;;;;;;1500602;Altamira;15;PA;1;1;1;1;1421;1386;1397;1409;392.3;384.6;341;444.7;CAABCCADEBDEAEDDAAEAACECECAACADAEEDEAECACEADC;EBDDCCCEAAAAEDECBBAAAAACCCACADAAEEEAADBBDCEBB;ACDBEABABBAEADDEACAEDACABDADAEBEEECADBBCAEDBE;BEABBDDADDDCDDECDDCCBAAABEEEECBDDDCCCAACCECDB;0;DDBDDEBBAAEDECBCEEDCAACDBBCEDBBAEXCCAEAACCAED;ACBCADCEDBAECEDADBADBEBCDADABCDEABCAEDEBBCECE;AACEADACDDCBEDADEEBDDBDBBCEECBDCBADDDCBDEDDCECBECE;CEBCEADBBCEADDDABBABBCCDCCECEDBACADECABEDADCB;8;0;0;0;0;0;0
539889;2024;;;;;;;;;1500602;Altamira;15;PA;1;1;1;1;1421;1386;1397;1409;404.2;426.2;452.1;440.2;CBBBDDEBBEBCCCDDDEBCECABDDBCADACECEEACDBAECCC;BCDEEDCEDABCCBAEDEBDCBCCBEDCBCCDDECDDECCABDEB;CAADDBBABADCEADBBDADBCDEEECEDCBACECBEDEEEACDA;DEDBACBBACCACAABDBDCDDDCDDECEABCECECDCDEEBCCB;0;DDBDDEBBAAEDECBCEEDCAACDBBCEDBBAEXCCAEAACCAED;ACBCADCEDBAECEDADBADBEBCDADABCDEABCAEDEBBCECE;AACEADACDDCBEDADEEBDDBDBBCEECBDCBADDDCBDEDDCECBECE;CEBCEADBBCEADDDABBABBCCDCCECEDBACADECABEDADCB;1;140;180;180;160;160;820
126736;2024;15169138;1500602;Altamira;15;PA;2;1;1;1500602;Altamira;15;PA;1;1;1;1;1422;1384;1396;1410;407.8;403.7;512.7;422.8;BCBBACDCEAAEADEDBECDAEBDEABDAEACBDBDEACBBADDB;BCDCEE.DAADBBCBBADCEABDACBDCEAAEACBDECDACBCDA;DCDABDADECBBDCEEBDAABDBAACAECDEBDBDABDECCAEBE;ADCEA*CBDCEADCECCCBACBEADBDBDAAECDBCBCBBACDDA;1;BBCEDBBAEXCCAEDDBCAEDAACAAEDDDEBBECBCEEDCAACD;DADABCDCECEDEBBBEBCDBADACBCADCEBEADBAECAECEDA;AACEADDDACDADECBBDBEEBDDECCBEDDCADBBDEBCEBDCECEDDC;DBCECEACADABBECBEDADCCDCCABBBCECEBCEADABBADDD;1;80;120;80;80;80;440
1068565;2024;15106101;1500602;Altamira;15;PA;2;1;1;1500602;Altamira;15;PA;1;1;1;1;1420;1383;1395;1408;467.8;322;436.4;547.4;EBABBACEAEDBCBABECCCBECDBDDCECBCCDBCBDDCABDCA;ACDBCDAEBDEEBD*CAEBCBCADBECCAEEACDBEADAECCBEA;DAADBECBEDAADBBEDCEABDAECDABCDBADBEABCBBBADCC;CECDDADBCCACDCABDEAEEDACEEDBBDACEBADCADEADABE;0;CAEDAACCAEEXCBBAEDBBCAACDEDCBCEECAAEDDDEBBDDB;CECEBEBCDBADDEBBABCDCAECEDADBAEABEADCEDADACBC;CAAAECDDDAECBECEDDCBDEDDCECBDCBCEADBBDBDDCBEDADEEB;CECEBEDADCAADECDBBCEBDCCCACABBABBADDDCEADBBCE;1;140;180;160;180;180;840
350141;2024;15105016;1508357;Vitória do Xingu;15;PA;2;1;1;1500602;Altamira;15;PA;1;1;1;1;1422;1384;1396;1410;450.5;461.5;443.1;517;ABECBBAAEBAAADECABDEDAADBBAEABAD*BACDAAECACEB;BADBCCEECCADAABCCCDADBAABAAAEEAEEABDCABADACAA;EBADCDBEDCECEDAEABAADEBCEDCEAEBAEEDBEEDEDEABC;AEDBCBADCDCEADEACAABAEADDABEABACACDEBAAEDADAA;0;BBCEDBBAEXCCAEDDBCAEDAACAAEDDDEBBECBCEEDCAACD;DADABCDCECEDEBBBEBCDBADACBCADCEBEADBAECAECEDA;AACEADDDACDADECBBDBEEBDDECCBEDDCADBBDEBCEBDCECEDDC;DBCECEACADABBECBEDADCCDCCABBBCECEBCEADABBADDD;1;160;200;160;160;140;820
4083432;2024;;;;;;;;;1500602;Altamira;15;PA;0;0;0;0;;;;;;;;;;;;;1;;;;;;;;;;;
2078044;2024;;;;;;;;;1500602;Altamira;15;PA;1;1;1;1;1420;1383;1395;1408;459.5;443.5;500.7;438.3;EDCBCEDCADEBCBABBCCACDAECBDCAECACCBAEDBABCDCE;BECDEBDACADABDCBEACDBAECBDBEACEAEBDCBDBCBBDDB;DBAEDECDECCDDADCABDCACEDCBAEBEADDBEDBCDCAEDED;EBDCDCDBCAEBCADADCABECADCBCDAEDAEBCADBDEBABCE;0;CAEDAACCAEEXCBBAEDBBCAACDEDCBCEECAAEDDDEBBDDB;CECEBEBCDBADDEBBABCDCAECEDADBAEABEADCEDADACBC;CAAAECDDDAECBECEDDCBDEDDCECBDCBCEADBBDBDDCBEDADEEB;CECEBEDADCAADECDBBCEBDCCCACABBABBADDDCEADBBCE;1;120;120;100;120;80;540
3327660;2024;;;;;;;;;1500602;Altamira;15;PA;0;0;0;0;;;;;;;;;;;;;1;;;;;;;;;;;
4173973;2024;;;;;;;;;1500602;Altamira;15;PA;1;1;1;1;1419;1385;1398;1407;458.4;428.2;518;430.6;ADCACEBCCEBEBEBEEAADCDCBDAECCAEECBDAEEBBBDCAE;DABAACACECACCABCEBABDDCADAEECABBDACCEDABECACB;CBDDABBEACEEABECBABBADCEBEEDCBCBDEBDAD.DDCBCB;EBDDEBBCBAEBCDABDCDDAACEDBEACDADBBCEBBDACADAC;1;BCEAACDEDCAAEDDDEBBDDBECCAEDBBAAACCAEEXCBBCED;CAEDBADBEBCCEDADBAEACBCADCEDEBBEBACECEABCDDAD;EAAACDDCDADDCBDEECEECBDCDADEEBCBEBADBCEBDBDDDDCECB;ABBABBADDDBBCECEADCEBCCCDBADCBEDAECADACDBCECE;1;100;180;120;80;120;600
1119618;2024;;;;;;;;;1500602;Altamira;15;PA;0;0;0;0;;;;;;;;;;;;;1;;;;;;;;;;;
3695812;2024;;;;;;;;;1500602;Altamira;15;PA;1;1;1;1;1422;1384;1396;1410;468.5;582.9;552.9;484.8;DCAECCBBECEDECDBBEECECBADDAECDBBACEBCBCACACEB;AADDACDBCCBEDBBBEBEACBDACEBACEEDBADDAECAEDEBA;AEAEADDAECBBEBEEBDAEBCBEDDCDEDBECBDCADCECDBBB;BCDDDDCDEDCABCBCADDBCCBCBECDBEDBCACDDCECEACBB;0;BBCEDBBAEXCCAEDDBCAEDAACAAEDDDEBBECBCEEDCAACD;DADABCDCECEDEBBBEBCDBADACBCADCEBEADBAECAECEDA;AACEADDDACDADECBBDBEEBDDECCBEDDCADBBDEBCEBDCECEDDC;DBCECEACADABBECBEDADCCDCCABBBCECEBCEADABBADDD;1;80;180;100;120;160;640
2640810;2024;;;;;;;;;1500602;Altamira;15;PA;1;1;1;1;1422;1384;1396;1410;549.1;574.2;573.4;619.1;DCCEBBDBEDDEECDCBECEEAACDACDCEABBEBBDBCDBECAC;AADBBABDECEAEEBBECDDBCDAAEEADBDEBACDAEDAECEBA;BBCABDADECBBEBEECBCEDCBEDDAABDEDEBECBDCECDCDC;CACECBACCBDCBEDACEEECCDBBDBCCADCBEADADAADECAD;0;BBCEDBBAEXCCAEDDBCAEDAACAAEDDDEBBECBCEEDCAACD;DADABCDCECEDEBBBEBCDBADACBCADCEBEADBAECAECEDA;AACEADDDACDADECBBDBEEBDDECCBEDDCADBBDEBCEBDCECEDDC;DBCECEACADABBECBEDADCCDCCABBBCECEBCEADABBADDD;1;160;160;120;160;120;720
2156706;2024;;;;;;;;;1500602;Altamira;15;PA;1;1;1;1;1422;1384;1396;1410;470.9;526.9;510.7;394.3;DCDDBCAECDEEAEDBADBECDACEACEAECDCCAEEAECABCCA;BADBECCACCBDCADBBBCAEEDACBADCEACEA*EAACAECABD;ABDDCBADBCBBDDCDBDEEAECCDDBAAADAEBCCABCEAADDA;CADADCAEECAACDDBACADCEADDCBECDCBADABEADBDDBEB;0;BBCEDBBAEXCCAEDDBCAEDAACAAEDDDEBBECBCEEDCAACD;DADABCDCECEDEBBBEBCDBADACBCADCEBEADBAECAECEDA;AACEADDDACDADECBBDBEEBDDECCBEDDCADBBDEBCEBDCECEDDC;DBCECEACADABBECBEDADCCDCCABBBCECEBCEADABBADDD;1;140;160;140;180;140;760
3866726;2024;;;;;;;;;1500602;Altamira;15;PA;1;1;1;1;1420;1383;1395;1408;431.8;475.9;484.2;507.3;AEECDACCADBEBDCBBCDBCDCABDEBDAAABDCBECEBAEDCD;DECACDDBEBDEDCEBBEBDDADCDBADBADCEBEACECDBACAE;ABACCECBEADCEBBEAEDBDDDADBCADCDBDCEDDDBABDCEB;DDBCBADCBAAADECCBBABADDCEEEDCBABCBCAECAEEDADC;1;CAEDAACCAEEXCBBAEDBBCAACDEDCBCEECAAEDDDEBBDDB;CECEBEBCDBADDEBBABCDCAECEDADBAEABEADCEDADACBC;CAAAECDDDAECBECEDDCBDEDDCECBDCBCEADBBDBDDCBEDADEEB;CECEBEDADCAADECDBBCEBDCCCACABBABBADDDCEADBBCE;1;100;120;80;120;80;500
2128901;2024;;;;;;;;;1500602;Altamira;15;PA;0;0;0;0;;;;;;;;;;;;;1;;;;;;;;;;;
29430;2024;15583058;1500602;Altamira;15;PA;2;1;1;1500602;Altamira;15;PA;1;1;1;1;1421;1386;1397;1409;448.9;478.1;527.8;562.9;DECCEEBEBCEABEDCBDBBADBBECCCBCDEEBBBAACBBEAEB;CBCEADEACEBDCDCABBADAEADAEDBECDCEADAABDEDBADB;EBABADBEDADCCBDABEABDABBEDCAECBDCBCEDDA*CEECA;CDABBAACECDBBDDDCBACBECCCDECBCCEBACEEEDCBDCCC;1;DDBDDEBBAAEDECBCEEDCAACDBBCEDBBAEXCCAEAACCAED;ACBCADCEDBAECEDADBADBEBCDADABCDEABCAEDEBBCECE;AACEADACDDCBEDADEEBDDBDBBCEECBDCBADDDCBDEDDCECBECE;CEBCEADBBCEADDDABBABBCCDCCECEDBACADECABEDADCB;1;120;160;140;160;200;780
1713894;2024;;;;;;;;;1500602;Altamira;15;PA;1;1;1;1;1420;1383;1395;1408;410.5;511.2;529.4;401.5;ADABEDEEAEEEEADEBCBCAACABDEEADCBBCCCBCDCCEDAA;BEBAEEAAEECDDEBACEBAEABDEDACAADEEDADDABADABAA;EDEDBECBECAEDCBDEDCAEBDEEBAEECDAECECDBBAAAEEA;ADCDBBCCBCDABCCDDAAECBCDDDECCEECCADDACBDBBDDD;1;CAEDAACCAEEXCBBAEDBBCAACDEDCBCEECAAEDDDEBBDDB;CECEBEBCDBADDEBBABCDCAECEDADBAEABEADCEDADACBC;CAAAECDDDAECBECEDDCBDEDDCECBDCBCEADBBDBDDCBEDADEEB;CECEBEDADCAADECDBBCEBDCCCACABBABBADDDCEADBBCE;1;80;120;80;60;120;460
3501556;2024;;;;;;;;;1500602;Altamira;15;PA;1;1;1;1;1420;1383;1395;1408;547;411.4;558.6;472.1;.ECDA.AEAAECDAADEBBCAACCBDCCBEBDCACCCEEEDEDDA;B.ABBBBEACBABEDCEBCDBAABCDEDCBBDDDDBECAEDACEE;DAAADECBDCCDDABCEDDCABBADBCEBEAAEADDDEEBADEEB;DAEBBCDDAACBCCCBBEDBBCDDEDECCABACEBEBECADABCA;0;CAEDAACCAEEXCBBAEDBBCAACDEDCBCEECAAEDDDEBBDDB;CECEBEBCDBADDEBBABCDCAECEDADBAEABEADCEDADACBC;CAAAECDDDAECBECEDDCBDEDDCECBDCBCEADBBDBDDCBEDADEEB;CECEBEDADCAADECDBBCEBDCCCACABBABBADDDCEADBBCE;1;120;120;120;100;100;560
3521319;2024;;;;;;;;;1500602;Altamira;15;PA;1;1;1;1;1422;1384;1396;1410;473.9;408.5;454.2;429.2;DCDAACAEEDEBAEDBAEEADACCBDACEEDDCBCABDCDEDEAC;DAECBB*CEBDDAECAEAAEBA*ACEACCADEBCCAEAAAB.CEA;DDDEACCDBCBCDACDBDACADBDCEECBAAABADBCCEEEEBBB;BADDCEEDCBEDCAEDECCDDBADECABEBACBCACABDBDBDAE;1;BBCEDBBAEXCCAEDDBCAEDAACAAEDDDEBBECBCEEDCAACD;DADABCDCECEDEBBBEBCDBADACBCADCEBEADBAECAECEDA;AACEADDDACDADECBBDBEEBDDECCBEDDCADBBDEBCEBDCECEDDC;DBCECEACADABBECBEDADCCDCCABBBCECEBCEADABBADDD;1;120;200;100;120;80;620
1320622;2024;;;;;;;;;1500602;Altamira;15;PA;1;1;1;1;1421;1386;1397;1409;483.9;589.7;536.7;385.8;AEBEDCDBDBECBDBEDBACCBECBCECABBDDBCCEDACECEDE;ACBEAEEECDACCECADBCDBEBDDEDCECDEADBBADEDBAECB;AACBBCBECADBEBBAADBBDDDBDEDAADCDDBEDECCECBECE;EEDBDBEACDDBBACBDDE*DACEBD*BADBCECABDBBAECCAD;0;DDBDDEBBAAEDECBCEEDCAACDBBCEDBBAEXCCAEAACCAED;ACBCADCEDBAECEDADBADBEBCDADABCDEABCAEDEBBCECE;AACEADACDDCBEDADEEBDDBDBBCEECBDCBADDDCBDEDDCECBECE;CEBCEADBBCEADDDABBABBCCDCCECEDBACADECABEDADCB;1;100;80;80;100;40;400
1357323;2024;;;;;;;;;1500602;Altamira;15;PA;0;0;0;0;;;;;;;;;;;;;0;;;;;;;;;;;
15471;2024;;;;;;;;;1500602;Altamira;15;PA;0;0;0;0;;;;;;;;;;;;;1;;;;;;;;;;;
3036169;2024;;;;;;;;;1500602;Altamira;15;PA;1;1;1;1;1421;1386;1397;1409;445.2;502.4;584.5;578;ABCAEBEDCCCAACBDDEEADCCAECDADBAAACDE.DCBDEAAA;AABDABBEDEEBCECADCACBDBBECABECDACADDBADEDAECB;DCACDCDEDADDEBACCDBBCAEBBACABDDBCBBEDDDECBDCE;CDAACCDABACBEBDABDDCCCCADCBDEACCDAAAABCEECCAA;1;DDBDDEBBAAEDECBCEEDCAACDBBCEDBBAEXCCAEAACCAED;ACBCADCEDBAECEDADBADBEBCDADABCDEABCAEDEBBCECE;AACEADACDDCBEDADEEBDDBDBBCEECBDCBADDDCBDEDDCECBECE;CEBCEADBBCEADDDABBABBCCDCCECEDBACADECABEDADCB;1;100;160;120;160;160;700
930867;2024;;;;;;;;;1500602;Altamira;15;PA;0;0;0;0;;;;;;;;;;;;;1;;;;;;;;;;;
4097100;2024;;;;;;;;;1500602;Altamira;15;PA;1;1;1;1;1419;1385;1398;1407;570.1;490.5;514.7;462.9;BDEDBCBADDAADBCDBEDDCEBCEBEACBEEDCEEEDBCCDDEC;C.BABCAABC.CCCAEEEDADEAADBEDDABBECAEABCCCCEAD;CDCDBCDDBCBECCDBBAEADD.EBADBEAEBCCCDAEEDCEECB;BCADBEBDADCEBDADDCDDBBCBEABCCDCCDEDACEDDDCECB;1;BCEAACDEDCAAEDDDEBBDDBECCAEDBBAAACCAEEXCBBCED;CAEDBADBEBCCEDADBAEACBCADCEDEBBEBACECEABCDDAD;EAAACDDCDADDCBDEECEECBDCDADEEBCBEBADBCEBDBDDDDCECB;ABBABBADDDBBCECEADCEBCCCDBADCBEDAECADACDBCECE;1;120;120;100;100;120;560
4152203;2024;;;;;;;;;1500602;Altamira;15;PA;1;1;1;1;1420;1383;1395;1408;482.9;451.9;503.8;447.1;ECECAACEBEDCBCACECBBDBEDCDBAEDCCACDCBEBEBCDAB;BEABDCCEAEBADDEDCBEDDABCDBBDDEAACEBDCACADBCDE;ECDDAECBEDBAEBACEBDADBEBCBDCAEBADCDADAEDADDBA;DCDBAECEACCEBDDBCBACEADCECDADBADBBEECCACBEDBE;1;CAEDAACCAEEXCBBAEDBBCAACDEDCBCEECAAEDDDEBBDDB;CECEBEBCDBADDEBBABCDCAECEDADBAEABEADCEDADACBC;CAAAECDDDAECBECEDDCBDEDDCECBDCBCEADBBDBDDCBEDADEEB;CECEBEDADCAADECDBBCEBDCCCACABBABBADDDCEADBBCE;1;120;120;120;120;100;580
1618457;2024;;;;;;;;;1500602;Altamira;15;PA;0;0;0;0;;;;;;;;;;;;;0;;;;;;;;;;;
61743;2024;;;;;;;;;1500602;Altamira;15;PA;0;0;0;0;;;;;;;;;;;;;0;;;;;;;;;;;
2082650;2024;;;;;;;;;1500602;Altamira;15;PA;1;1;1;1;1420;1383;1395;1408;468.3;558.3;534.4;436;DBCACAEEBCEACDBCBCDEDADDDDDDDCCEEEEDDEEEDDDEB;DEBBBDCCDBCDDEEDDBCDCCCDEEADEABAAEACDEBDEACEC;DCDDCECBECEDDEBDBADCCDCCEDCDAEDBDCDECEEBEECEC;ABBCDBDDCCBBBDDBDCABABCAAEDEACADEEAEACCCECCDC;1;CAEDAACCAEEXCBBAEDBBCAACDEDCBCEECAAEDDDEBBDDB;CECEBEBCDBADDEBBABCDCAECEDADBAEABEADCEDADACBC;CAAAECDDDAECBECEDDCBDEDDCECBDCBCEADBBDBDDCBEDADEEB;CECEBEDADCAADECDBBCEBDCCCACABBABBADDDCEADBBCE;1;120;120;100;100;40;480
1647267;2024;15104907;1500602;Altamira;15;PA;2;1;1;1500602;Altamira;15;PA;1;1;1;1;1422;1384;1396;1410;427.7;466;401.1;419.7;ACBDEAADEDBBCEDECBADBEADEBAECCAEDADDBBEDCABDB;AAACEBDCEEBACEDCDBEABAABCDEAEEDABABEDEBABCCAA;AAEDEEADBCBDEDCEDBABBDCECAEDCEADCEACDBECABDDE;ACDECAEDABDADEECBECAEBBDEACDEABAEAEBDABCCCDAA;0;BBCEDBBAEXCCAEDDBCAEDAACAAEDDDEBBECBCEEDCAACD;DADABCDCECEDEBBBEBCDBADACBCADCEBEADBAECAECEDA;AACEADDDACDADECBBDBEEBDDECCBEDDCADBBDEBCEBDCECEDDC;DBCECEACADABBECBEDADCCDCCABBBCECEBCEADABBADDD;1;120;160;120;140;120;660
463499;2024;15104907;1500602;Altamira;15;PA;2;1;1;1500602;Altamira;15;PA;1;1;1;1;1421;1386;1397;1409;501.2;540.4;576.6;649.2;ABCABECBCCCEACEEEAD.DACCBEDBEBABEDDECEAABDCCC;AECDADDCDDAECEDADCBDBBADDCDBEBCCAECDECCEAAEBB;AABDBCBEDADEEBEDBACECABBAADEADDDCADEDDCECBECA;CBBEBAAEBEEBBDBABEECBDC.CEEBBADACEDCDECDEBACC;0;DDBDDEBBAAEDECBCEEDCAACDBBCEDBBAEXCCAEAACCAED;ACBCADCEDBAECEDADBADBEBCDADABCDEABCAEDEBBCECE;AACEADACDDCBEDADEEBDDBDBBCEECBDCBADDDCBDEDDCECBECE;CEBCEADBBCEADDDABBABBCCDCCECEDBACADECABEDADCB;1;140;200;160;160;180;840
3269680;2024;;;;;;;;;1500602;Altamira;15;PA;0;0;0;0;;;;;;;;;;;;;0;;;;;;;;;;;
2465105;2024;;;;;;;;;1500602;Altamira;15;PA;1;1;1;1;1419;1385;1398;1407;379.9;453.2;475.2;371.7;ACCDCAADECADAEBAEAAEAABEDEABEAADEDEBAEBDDCAEB;CABCDAAACABCADABEADEBBCABECDACBBEADABECBBABDE;CAACAEDCAECAAEDECCEEADCCBACDDABBE.CBADDCDDECE;AEABCECEBAAEBBADEEABEAEBCABAADCCEDAECCDCDDCAD;0;BCEAACDEDCAAEDDDEBBDDBECCAEDBBAAACCAEEXCBBCED;CAEDBADBEBCCEDADBAEACBCADCEDEBBEBACECEABCDDAD;EAAACDDCDADDCBDEECEECBDCDADEEBCBEBADBCEBDBDDDDCECB;ABBABBADDDBBCECEADCEBCCCDBADCBEDAECADACDBCECE;4;0;0;0;0;0;0
4068226;2024;;;;;;;;;1500602;Altamira;15;PA;0;0;0;0;;;;;;;;;;;;;1;;;;;;;;;;;
4126389;2024;;;;;;;;;1500602;Altamira;15;PA;1;1;1;1;1422;1384;1396;1410;481.7;431.6;457.8;516.1;CDACBDC*DBCAECDCDAEABEACBBDCAEEBAEDBCDAEBDBCC;DECABCADEBAACEBDBCEDACCDEABCEDADCABDCEADBCBEA;ABCDACADEBEEDACEBDADADBCEACBEDBCBEDAACDBAEDCB;AEBEDACBBDCABECBCDABAEECCABDAECBDACEBADCDAEEB;0;BBCEDBBAEXCCAEDDBCAEDAACAAEDDDEBBECBCEEDCAACD;DADABCDCECEDEBBBEBCDBADACBCADCEBEADBAECAECEDA;AACEADDDACDADECBBDBEEBDDECCBEDDCADBBDEBCEBDCECEDDC;DBCECEACADABBECBEDADCCDCCABBBCECEBCEADABBADDD;1;100;120;100;120;120;560
2012233;2024;;;;;;;;;1500602;Altamira;15;PA;0;0;0;0;;;;;;;;;;;;;1;;;;;;;;;;;
3672732;2024;;;;;;;;;1500602;Altamira;15;PA;0;0;0;0;;;;;;;;;;;;;1;;;;;;;;;;;
2529718;2024;;;;;;;;;1500602;Altamira;15;PA;0;0;0;0;;;;;;;;;;;;;0;;;;;;;;;;;
4073701;2024;15177874;1500859;Anapu;15;PA;2;2;1;1500602;Altamira;15;PA;0;0;0;0;;;;;;;;;;;;;1;;;;;;;;;;;
998373;2024;;;;;;;;;1500602;Altamira;15;PA;0;0;0;0;;;;;;;;;;;;;1;;;;;;;;;;;
883318;2024;15104907;1500602;Altamira;15;PA;2;1;1;1500602;Altamira;15;PA;1;1;1;1;1420;1383;1395;1408;397.6;490.2;494.6;548.4;DAADBCDEEAABBCACBECDDADEADDEDCDDACBCBAACBBDAA;BEAAAECCBDCDCBEABBBCCADCDBACEBAAEDADEEADBADDA;ABDCDECBEDDBAAADEBDBBAECEEDCCCACDDDDDBADBDCEB;DDBCAEDEDCEADADBEECBBCEEDCDDCCEBBABDBEDCCCBDC;1;CAEDAACCAEEXCBBAEDBBCAACDEDCBCEECAAEDDDEBBDDB;CECEBEBCDBADDEBBABCDCAECEDADBAEABEADCEDADACBC;CAAAECDDDAECBECEDDCBDEDDCECBDCBCEADBBDBDDCBEDADEEB;CECEBEDADCAADECDBBCEBDCCCACABBABBADDDCEADBBCE;1;120;120;100;140;40;520
984468;2024;15104907;1500602;Altamira;15;PA;2;1;1;1500602;Altamira;15;PA;1;1;1;1;1419;1385;1398;1407;425.4;472.5;462.1;415.9;DCAADEAEBACBDEBDDACEEBEEDAADCCBDABDEEABBCCEED;CCEABCDCDCCCBCDA*AEBBBAECAABABABCAAECBBCBDBCE;ADBDCDEEAEEEEABCEACEEDDDCDEEEEEEAADDDDECEEACB;DAAEBEBDEBCCEDCCECADCCCCBADECECDECADBDDBADBBB;1;BCEAACDEDCAAEDDDEBBDDBECCAEDBBAAACCAEEXCBBCED;CAEDBADBEBCCEDADBAEACBCADCEDEBBEBACECEABCDDAD;EAAACDDCDADDCBDEECEECBDCDADEEBCBEBADBCEBDBDDDDCECB;ABBABBADDDBBCECEADCEBCCCDBADCBEDAECADACDBCECE;1;120;120;100;100;100;540
2238440;2024;;;;;;;;;1500602;Altamira;15;PA;0;0;0;0;;;;;;;;;;;;;1;;;;;;;;;;;
2746635;2024;;;;;;;;;1500602;Altamira;15;PA;0;0;0;0;;;;;;;;;;;;;1;;;;;;;;;;;
620474;2024;15169138;1500602;Altamira;15;PA;2;1;1;1500602;Altamira;15;PA;1;1;1;1;1422;1384;1396;1410;424.5;481.4;367.3;416.9;BDDEEDBCEBBCBDDBADDDEBADCCBDBCCEAEACEBDBEADEE;ADBEBADBBEBCEEBAECDCBBADBDBDDAAEEADEBACAECACA;ABADEBBDCBADECCDDCCADEABDDACDABDBCBEABDEEECDA;CACBDCBDCCDBABDDCEEBCDADCEAAEADACBDBCDCACBDDD;1;BBCEDBBAEXCCAEDDBCAEDAACAAEDDDEBBECBCEEDCAACD;DADABCDCECEDEBBBEBCDBADACBCADCEBEADBAECAECEDA;AACEADDDACDADECBBDBEEBDDECCBEDDCADBBDEBCEBDCECEDDC;DBCECEACADABBECBEDADCCDCCABBBCECEBCEADABBADDD;1;120;140;120;140;20;540
4260094;2024;;;;;;;;;1500602;Altamira;15;PA;0;0;0;0;;;;;;;;;;;;;1;;;;;;;;;;;
1222474;2024;15583058;1500602;Altamira;15;PA;2;1;1;1500602;Altamira;15;PA;1;1;1;1;1421;1386;1397;1409;390.4;407.8;487.6;420.7;DEAECBECCBEDADCCBDACDCCADAECBEDAADEAEBCABEBCB;ABBBBCCCAAACCCDDDBACEBACBDBACDABADDCBA*AACDAB;AADDCDBBCBADEBDACDDDABEAACBDADCBCBADDDCACBEAD;BCADABEAEDCCCDBABCDCDEEEABBBDCCBDDECABACECDAA;0;DDBDDEBBAAEDECBCEEDCAACDBBCEDBBAEXCCAEAACCAED;ACBCADCEDBAECEDADBADBEBCDADABCDEABCAEDEBBCECE;AACEADACDDCBEDADEEBDDBDBBCEECBDCBADDDCBDEDDCECBECE;CEBCEADBBCEADDDABBABBCCDCCECEDBACADECABEDADCB;1;120;200;120;120;40;600
980821;2024;;;;;;;;;1500602;Altamira;15;PA;1;1;1;1;1419;1385;1398;1407;493;494.4;493.4;471.8;AABECECEECABDEECACEDBBACDAECAACCABCEBADBBACEB;AAAEBBDBDCBAAAAEDCBACACBACEBDADDEACECECBEBACD;BCAEAABCEDEEDCCEDACBABDEABBECDECBDEDAEEDDCEDC;DACDCCDBDDDDEBCBADCBEDCEACCAADABCDEEABDBADCCD;0;BCEAACDEDCAAEDDDEBBDDBECCAEDBBAAACCAEEXCBBCED;CAEDBADBEBCCEDADBAEACBCADCEDEBBEBACECEABCDDAD;EAAACDDCDADDCBDEECEECBDCDADEEBCBEBADBCEBDBDDDDCECB;ABBABBADDDBBCECEADCEBCCCDBADCBEDAECADACDBCECE;1;120;180;120;160;100;680
2453354;2024;15141179;1500602;Altamira;15;PA;4;1;1;1500602;Altamira;15;PA;1;1;1;1;1419;1385;1398;1407;572.4;540.5;541.8;676.1;BBEABCBCDEADAEEEEEBDBDCBCDEBBBAAEDAAEEABCBCDA;CAEABCABEABCDDADBADACACAEEEBACBEEAEDBCBEECDCD;EAAACCDCEDEECDAADDBBADCDBBBEABBBDACDEDEAAEECB;ABBABBACDDDBEBCBADCDABCBECCBBAEDDCDCDBDBBDECC;0;BCEAACDEDCAAEDDDEBBDDBECCAEDBBAAACCAEEXCBBCED;CAEDBADBEBCCEDADBAEACBCADCEDEBBEBACECEABCDDAD;EAAACDDCDADDCBDEECEECBDCDADEEBCBEBADBCEBDBDDDDCECB;ABBABBADDDBBCECEADCEBCCCDBADCBEDAECADACDBCECE;1;100;120;120;100;60;500
564461;2024;;;;;;;;;1500602;Altamira;15;PA;0;0;0;0;;;;;;;;;;;;;0;;;;;;;;;;;
356538;2024;;;;;;;;;1500602;Altamira;15;PA;0;0;0;0;;;;;;;;;;;;;1;;;;;;;;;;;
738476;2024;;;;;;;;;1500602;Altamira;15;PA;1;1;1;1;1420;1383;1395;1408;417.6;488.6;517.7;392.2;DCBBCBCEAEEEBCABEDDEBCDECCADADDBAECAACDCDEDEA;DBBCCECEDBBDCEEDAEEDCEBCDCAEEAEADDCDEBAEEDDAC;DBADEAEAEDBDDABEEDCBCEBDDBDADDBDBBDDABEBADCEB;DCCBBDECBBAEBACAEEDAEADDBABEBDEDDECDBADDCDCBE;1;CAEDAACCAEEXCBBAEDBBCAACDEDCBCEECAAEDDDEBBDDB;CECEBEBCDBADDEBBABCDCAECEDADBAEABEADCEDADACBC;CAAAECDDDAECBECEDDCBDEDDCECBDCBCEADBBDBDDCBEDADEEB;CECEBEDADCAADECDBBCEBDCCCACABBABBADDDCEADBBCE;1;80;120;100;100;80;480
973175;2024;;;;;;;;;1500602;Altamira;15;PA;0;0;0;0;;;;;;;;;;;;;1;;;;;;;;;;;
2497626;2024;15104907;1500602;Altamira;15;PA;2;1;1;1500602;Altamira;15;PA;0;0;0;0;;;;;;;;;;;;;0;;;;;;;;;;;
1865356;2024;;;;;;;;;1500602;Altamira;15;PA;0;0;0;0;;;;;;;;;;;;;1;;;;;;;;;;;
2891215;2024;;;;;;;;;1500602;Altamira;15;PA;0;0;0;0;;;;;;;;;;;;;1;;;;;;;;;;;
4146574;2024;;;;;;;;;1500602;Altamira;15;PA;0;0;0;0;;;;;;;;;;;;;0;;;;;;;;;;;
2694664;2024;;;;;;;;;1500602;Altamira;15;PA;1;1;1;1;1420;1383;1395;1408;530.6;574.6;594.3;512.6;CCEDADAEADEBCAAAACAECBECBCCDBCBDBBECACEECCDAD;BECBBCACDCADDEADBBCAAAECCBACBDBAEEADEEDCDACDE;CAAAEECBECBBDCBDEDEAACBBCBDCADECDEDACBABADEEB;BECADCDBAACEBEADDDCBBABCABDBCBCBCBBADCBDAECDC;0;CAEDAACCAEEXCBBAEDBBCAACDEDCBCEECAAEDDDEBBDDB;CECEBEBCDBADDEBBABCDCAECEDADBAEABEADCEDADACBC;CAAAECDDDAECBECEDDCBDEDDCECBDCBCEADBBDBDDCBEDADEEB;CECEBEDADCAADECDBBCEBDCCCACABBABBADDDCEADBBCE;1;160;180;160;160;140;800
1148253;2024;;;;;;;;;1500602;Altamira;15;PA;1;1;1;1;1420;1383;1395;1408;422.1;464.1;517.2;523.9;CDEEBACEACBDDBACDBEDABDBCCEBADDEACBBDADCBEBCC;BEABCDBBADCDDBEAECDADABCDDAEABCAEBACEDBACABDD;ACDDCACBECDDDABCEBDCBADACBDABEBBBDCDEDBDABBDB;DACCDEDBCDABEEBCCDCDBAECADCECBEBDBCEBDECDDAAE;1;CAEDAACCAEEXCBBAEDBBCAACDEDCBCEECAAEDDDEBBDDB;CECEBEBCDBADDEBBABCDCAECEDADBAEABEADCEDADACBC;CAAAECDDDAECBECEDDCBDEDDCECBDCBCEADBBDBDDCBEDADEEB;CECEBEDADCAADECDBBCEBDCCCACABBABBADDDCEADBBCE;1;120;140;120;100;160;640
2186455;2024;;;;;;;;;1500602;Altamira;15;PA;1;1;1;1;1420;1383;1395;1408;447.4;500.8;518.9;497.2;DACBDACDECDABEAAECBBDCEDAECCBADAAADAECBDCAEBE;CECAABDEDEABDACCADBEDABDEDDBACBAEEADEEDCDABCA;BEDACECBECEDDBCDEABCADBAAEBDCECEEADCDBBEA*CEA;CBEEBCCADBEADCEEABCCCBDCABDCCCDDEDBABDDBDEBCE;1;CAEDAACCAEEXCBBAEDBBCAACDEDCBCEECAAEDDDEBBDDB;CECEBEBCDBADDEBBABCDCAECEDADBAEABEADCEDADACBC;CAAAECDDDAECBECEDDCBDEDDCECBDCBCEADBBDBDDCBEDADEEB;CECEBEDADCAADECDBBCEBDCCCACABBABBADDDCEADBBCE;1;80;180;120;140;100;620
3146754;2024;15177912;1501725;Brasil Novo;15;PA;2;2;1;1500602;Altamira;15;PA;1;1;1;1;1421;1386;1397;1409;465.8;443.7;487.7;442.9;CEAABEAEACECEDBDDBDEBCEADACDCBACDECEBBBADCCDB;DBACDCEAEDBBCEDACBDBDCDCDEBAEBCBAECABEAECDBCE;EAADBAEDBAECCBDABDABEBCADCEBCAEDCBDEADBEACEDA;EDADEABDBCCBEAADCEACAABCDECAEADCBABCEAADDCEBA;0;DDBDDEBBAAEDECBCEEDCAACDBBCEDBBAEXCCAEAACCAED;ACBCADCEDBAECEDADBADBEBCDADABCDEABCAEDEBBCECE;AACEADACDDCBEDADEEBDDBDBBCEECBDCBADDDCBDEDDCECBECE;CEBCEADBBCEADDDABBABBCCDCCECEDBACADECABEDADCB;1;120;120;100;100;80;520
3650181;2024;;;;;;;;;1500602;Altamira;15;PA;0;0;0;0;;;;;;;;;;;;;1;;;;;;;;;;;
2087317;2024;;;;;;;;;1500602;Altamira;15;PA;0;0;0;0;;;;;;;;;;;;;1;;;;;;;;;;;
1488935;2024;15106250;1501725;Brasil Novo;15;PA;2;1;1;1500602;Altamira;15;PA;1;1;1;1;1419;1385;1398;1407;418.2;393.7;391.6;449.7;BCADCEDBCCEBACBACDACBD*BDEBDAECBDAEACBDACBEAC;AADDBEBCDCBCCEADBBCBDBEDAADBDCDBACDADCDEBCBCB;BDDDCEACBEDDCBAEACEBACCDAABDEECEDBCBADEDACDED;ACCEDCBDEADBDBDACECDCACEDBCBDACDDAEBCBADEACEB;1;BCEAACDEDCAAEDDDEBBDDBECCAEDBBAAACCAEEXCBBCED;CAEDBADBEBCCEDADBAEACBCADCEDEBBEBACECEABCDDAD;EAAACDDCDADDCBDEECEECBDCDADEEBCBEBADBCEBDBDDDDCECB;ABBABBADDDBBCECEADCEBCCCDBADCBEDAECADACDBCECE;6;0;0;0;0;0;0
1493205;2024;60001940;1507805;Senador José Porfírio;15;PA;2;2;1;1500602;Altamira;15;PA;1;1;1;1;1420;1383;1395;1408;509.8;411.8;389.2;408.4;EAEACAAAAAEBBDBADBDCEACEBCDEBDAAEEDBAEECDEDDC;ACBDAEBCDBDDDBCEABEEACADBECDEBDAABCDABDBCBABD;DCCDBEEDECBDCABBEBADECEBDAAEECACDEBABDAAECCDC;DDCACBEADBABCCCCBAACEDBDEBBECBBCEACBDBECADABD;0;CAEDAACCAEEXCBBAEDBBCAACDEDCBCEECAAEDDDEBBDDB;CECEBEBCDBADDEBBABCDCAECEDADBAEABEADCEDADACBC;CAAAECDDDAECBECEDDCBDEDDCECBDCBCEADBBDBDDCBEDADEEB;CECEBEDADCAADECDBBCEBDCCCACABBABBADDDCEADBBCE;1;80;120;100;100;100;500
1681832;2024;;;;;;;;;1500602;Altamira;15;PA;1;1;1;1;1419;1385;1398;1407;432.3;437.2;404.8;435.6;DCDBBBBBCECCACEAAABACBDEEDECCAEBEDEDCEBBCBDCD;CEDABDEBAACBACABAABDCCEAAECBAEACCAAEBABBBCACE;CEDABEBBBAAACEDAEBDEADCDACADBACBBEAAABEAECBDE;ABEDBDBCECBECBCDABDEBDADBCAADCECBDBECDCCDDDCC;1;BCEAACDEDCAAEDDDEBBDDBECCAEDBBAAACCAEEXCBBCED;CAEDBADBEBCCEDADBAEACBCADCEDEBBEBACECEABCDDAD;EAAACDDCDADDCBDEECEECBDCDADEEBCBEBADBCEBDBDDDDCECB;ABBABBADDDBBCECEADCEBCCCDBADCBEDAECADACDBCECE;1;80;140;100;100;0;420
2190340;2024;;;;;;;;;1500602;Altamira;15;PA;1;1;1;1;1421;1386;1397;1409;570.4;636.7;608.1;629.7;DBBBBEADBACEACBDECEBDACAEBCBBCBDEBDEABACBEDAD;ACDAADEECBCECEEADBADAEBEDBDABCDEABCAEEEBBCEDB;AACEACBEDAACEADBEDBBCCEAEDCAEDCBBBDEDDCECBECA;CBBECAECBDBCCECACCBCDCCCBDECBCBAEBCDDEDEDDEAE;0;DDBDDEBBAAEDECBCEEDCAACDBBCEDBBAEXCCAEAACCAED;ACBCADCEDBAECEDADBADBEBCDADABCDEABCAEDEBBCECE;AACEADACDDCBEDADEEBDDBDBBCEECBDCBADDDCBDEDDCECBECE;CEBCEADBBCEADDDABBABBCCDCCECEDBACADECABEDADCB;1;160;140;120;160;180;760
3796978;2024;;;;;;;;;1500602;Altamira;15;PA;0;0;0;0;;;;;;;;;;;;;1;;;;;;;;;;;
1610133;2024;;;;;;;;;1500602;Altamira;15;PA;0;0;0;0;;;;;;;;;;;;;1;;;;;;;;;;;
1512638;2024;;;;;;;;;1500602;Altamira;15;PA;0;0;0;0;;;;;;;;;;;;;1;;;;;;;;;;;
3720526;2024;;;;;;;;;1500602;Altamira;15;PA;1;1;1;1;1419;1385;1398;1407;379.9;297.3;410.2;417.1;DCBAADADEEECAABBCBCADCCABDDACCBCDEEBEBAAACEED;BCBCDEDCBABBAABAE*DCCBDBEBCEACACDBAAEBDACEBBD;BACDAAEBACEBCEEBCBCAADDAACADEABACDAAEBACEBCEE;DCDCEACCCBEECCAADBAEECCCABCDDAAE*CACDEACCBDCB;1;BCEAACDEDCAAEDDDEBBDDBECCAEDBBAAACCAEEXCBBCED;CAEDBADBEBCCEDADBAEACBCADCEDEBBEBACECEABCDDAD;EAAACDDCDADDCBDEECEECBDCDADEEBCBEBADBCEBDBDDDDCECB;ABBABBADDDBBCECEADCEBCCCDBADCBEDAECADACDBCECE;4;0;0;0;0;0;0
4223765;2024;;;;;;;;;1500602;Altamira;15;PA;1;1;1;1;1419;1385;1398;1407;468.9;566.3;525.6;648.4;BEECDEBEBEDDCEACDECBAAADEEEDDDCEBBEBEDBDDBAAA;CADEDADBBBCCECEEEEEACECADECAEEBBEADECABECCAAD;DAABCEBDBEEECAAABBEDBDDEBCCEABBEECEEBACDAAEDB;DDDABCABEDBBAEEEDBCEACCDCBBDEBECADCBBEDDBCBCD;0;BCEAACDEDCAAEDDDEBBDDBECCAEDBBAAACCAEEXCBBCED;CAEDBADBEBCCEDADBAEACBCADCEDEBBEBACECEABCDDAD;EAAACDDCDADDCBDEECEECBDCDADEEBCBEBADBCEBDBDDDDCECB;ABBABBADDDBBCECEADCEBCCCDBADCBEDAECADACDBCECE;1;120;120;80;100;80;500
2114604;2024;15106250;1501725;Brasil Novo;15;PA;2;1;1;1500602;Altamira;15;PA;0;0;0;0;;;;;;;;;;;;;0;;;;;;;;;;;
106619;2024;15200205;1500602;Altamira;15;PA;1;1;1;1500602;Altamira;15;PA;1;1;1;1;1420;1383;1395;1408;611.7;685.8;597.3;709.7;ECEEDACCAEEBDBECECACBACEBDDDBAEACEAEBDDEABDBB;CECEBEBCDCADDEABCBCDCAEDEDACEAEAEEADEEDADAABC;CBAACECBECEDDBBDEDDBECEDCBCCACABDCDDCBECADEEB;CEDEBDECCEAEEEBDABCDBACCCECBBBABCABDDBACDBADE;0;CAEDAACCAEEXCBBAEDBBCAACDEDCBCEECAAEDDDEBBDDB;CECEBEBCDBADDEBBABCDCAECEDADBAEABEADCEDADACBC;CAAAECDDDAECBECEDDCBDEDDCECBDCBCEADBBDBDDCBEDADEEB;CECEBEDADCAADECDBBCEBDCCCACABBABBADDDCEADBBCE;1;160;180;180;200;200;920
3779274;2024;;;;;;;;;1500602;Altamira;15;PA;1;1;1;1;1420;1383;1395;1408;463;329.9;491.6;423.9;ECDECABCABBCBADDBEBBDAEBCDCCBDABCDEDCBACDEDCB;ABCDEBBDCDACDBEBBBBCADEACEBACCDDEACBDBADEBCAC;ABACBBCBEAEDCDBDEBACDDBCEADBCCBCDBDECBECBAADD;ABBDCDEBCDBCBBDBCBAEECBDBEACDBABDBADBDACEBCBE;0;CAEDAACCAEEXCBBAEDBBCAACDEDCBCEECAAEDDDEBBDDB;CECEBEBCDBADDEBBABCDCAECEDADBAEABEADCEDADACBC;CAAAECDDDAECBECEDDCBDEDDCECBDCBCEADBBDBDDCBEDADEEB;CECEBEDADCAADECDBBCEBDCCCACABBABBADDDCEADBBCE;1;100;100;80;120;0;400
3174642;2024;;;;;;;;;1500602;Altamira;15;PA;1;1;1;1;1419;1385;1398;1407;596.5;497.4;440.7;660.7;BCBAAEBEBCDADEBAEBBDDBAEECEACBAAACEABADCBAEDB;CAEEBADCBDEDBDEBDCEDABCEDDEAEEDEEBCCBDCBCDBCA;CDCAEDBDBECEBDEBECBBBCEEEEEDBDADCAEDBCEDABDCE;BBEABCDCDDCBECEBAACDBECDDCDBDEACECDBCECEBCECE;1;BCEAACDEDCAAEDDDEBBDDBECCAEDBBAAACCAEEXCBBCED;CAEDBADBEBCCEDADBAEACBCADCEDEBBEBACECEABCDDAD;EAAACDDCDADDCBDEECEECBDCDADEEBCBEBADBCEBDBDDDDCECB;ABBABBADDDBBCECEADCEBCCCDBADCBEDAECADACDBCECE;1;160;200;180;200;200;940
771126;2024;;;;;;;;;1500602;Altamira;15;PA;1;1;1;1;1419;1385;1398;1407;492;585.9;515.1;390;BABEDEADCBAAEECEEAEBCCEDEDCBBDBEECEAEEADDAAEB;CBEEBABCECCCEAABBEBBCBEADDEDEBBECAAECBABCDDAC;BBADABABDDEECCCDDBDAADDEBCCEADEDCADBBABDACECC;ACABEEBADDAABBEEEBBCCBCCDEBBEBBECCACEBDBADDCB;0;BCEAACDEDCAAEDDDEBBDDBECCAEDBBAAACCAEEXCBBCED;CAEDBADBEBCCEDADBAEACBCADCEDEBBEBACECEABCDDAD;EAAACDDCDADDCBDEECEECBDCDADEEBCBEBADBCEBDBDDDDCECB;ABBABBADDDBBCECEADCEBCCCDBADCBEDAECADACDBCECE;1;140;160;120;120;80;620
2082484;2024;;;;;;;;;1500602;Altamira;15;PA;0;0;0;0;;;;;;;;;;;;;1;;;;;;;;;;;
2243260;2024;;;;;;;;;1500602;Altamira;15;PA;1;1;1;1;1419;1385;1398;1407;469.2;550.1;523.9;409.7;BBBDCDCEBCCDEABDEADADABEECACCCBAEACBBADBADBDB;ABECDADBECBCECACBADAECDADEEDBBBEEBABAABB.B.CD;.BAC.BACA.EECBEDDCABADEEBCBADDABCBADADABDBDCB;DDBBCCACAEDEBECBEBCDAAEBBBDBACABCDEEBEEBCBCBC;0;BCEAACDEDCAAEDDDEBBDDBECCAEDBBAAACCAEEXCBBCED;CAEDBADBEBCCEDADBAEACBCADCEDEBBEBACECEABCDDAD;EAAACDDCDADDCBDEECEECBDCDADEEBCBEBADBCEBDBDDDDCECB;ABBABBADDDBBCECEADCEBCCCDBADCBEDAECADACDBCECE;1;120;120;100;120;80;540
3690651;2024;;;;;;;;;1500602;Altamira;15;PA;1;1;1;1;1422;1384;1396;1410;512.6;488.1;515.6;528.8;CCBEBABAECBEDADCABAAECECDBDEDCEEDADBCDDEDDCCC;ADDBCDDAABABEDEEDBDADBDABDACDCEAECBEBBCDECCEA;AADBCCCDDCBDDDEEBCACBCBBEDEECCBEEBDDDCEECDECB;CADECAADCDCCDCBBACDBCDBCDEABCDDDCBBCBAEDBACDC;0;BBCEDBBAEXCCAEDDBCAEDAACAAEDDDEBBECBCEEDCAACD;DADABCDCECEDEBBBEBCDBADACBCADCEBEADBAECAECEDA;AACEADDDACDADECBBDBEEBDDECCBEDDCADBBDEBCEBDCECEDDC;DBCECEACADABBECBEDADCCDCCABBBCECEBCEADABBADDD;1;120;160;120;140;80;620
2777960;2024;;;;;;;;;1500602;Altamira;15;PA;1;1;1;1;1422;1384;1396;1410;510;506.3;508.7;405.5;DCDEEEADEDCEABDDABDEBEAECCEEADEACBAECBDADEDCC;DCABBEAAACBBEEBCDACACDBBBAEADAEEBAAEADDAECEDA;AACCAEBEDCBBBDCEBEEDBACACDBEEBEDEBAEDCDECACBC;CEDEEAEBCACDDCDABEEBADADBCBDDBEDEADEDCDAECCDE;0;BBCEDBBAEXCCAEDDBCAEDAACAAEDDDEBBECBCEEDCAACD;DADABCDCECEDEBBBEBCDBADACBCADCEBEADBAECAECEDA;AACEADDDACDADECBBDBEEBDDECCBEDDCADBBDEBCEBDCECEDDC;DBCECEACADABBECBEDADCCDCCABBBCECEBCEADABBADDD;1;80;80;80;80;0;320
36893;2024;;;;;;;;;1500602;Altamira;15;PA;1;1;1;1;1421;1386;1397;1409;408.4;424.5;542.6;479;AECADCBDDCDDEAADDABEADEDCBCABCABDBDEEEEDADDAB;ABAACDCACECAB.AABEADEBCADBCACBCEAACBABECABDAA;ADEDCCBEEBDCDBDEBDABDEABEACCBEDDCBEEDDBECCECC;DBBACAACBCAEBCEBDABDDCABDCDADACEDAB*DABCCACAD;1;DDBDDEBBAAEDECBCEEDCAACDBBCEDBBAEXCCAEAACCAED;ACBCADCEDBAECEDADBADBEBCDADABCDEABCAEDEBBCECE;AACEADACDDCBEDADEEBDDBDBBCEECBDCBADDDCBDEDDCECBECE;CEBCEADBBCEADDDABBABBCCDCCECEDBACADECABEDADCB;1;140;160;140;120;200;760
3472213;2024;15141179;1500602;Altamira;15;PA;4;1;1;1500602;Altamira;15;PA;1;1;1;1;1422;1384;1396;1410;448.3;384.8;492.6;484.3;DEAEBCEADBEEACDEBDEADAEECBAECDEBEACAADDCDECAB;DDDDBBECADDBACDDCDCEACBDAECEADCCAADBCECADECCB;EBDBDCAEEDBBDADEBDDDADCECDBEEDAEEEBCCCEEDCDEB;CEDEBCECCDCADEBBABDECCDACCDBABDBEAADECCACDECD;1;BBCEDBBAEXCCAEDDBCAEDAACAAEDDDEBBECBCEEDCAACD;DADABCDCECEDEBBBEBCDBADACBCADCEBEADBAECAECEDA;AACEADDDACDADECBBDBEEBDDECCBEDDCADBBDEBCEBDCECEDDC;DBCECEACADABBECBEDADCCDCCABBBCECEBCEADABBADDD;1;120;180;100;120;0;520
3788380;2024;;;;;;;;;1500602;Altamira;15;PA;0;0;0;0;;;;;;;;;;;;;0;;;;;;;;;;;
2483681;2024;;;;;;;;;1500602;Altamira;15;PA;0;0;0;0;;;;;;;;;;;;;0;;;;;;;;;;;
1695670;2024;;;;;;;;;1500602;Altamira;15;PA;1;1;1;1;1422;1384;1396;1410;447.4;390.1;403.1;483.9;ACECDBDAECDABECACBC.DBACECDCABBDCEACDBADBDCEC;BCEACABDBCAECBDADCBEBDAECBDAECCDABECDAB.ECADB;ACCBEBBDECCAEDCADEAEADCBDBEAEABDBDACEDCBABCBC;AAABDACBEECBDCCCADACBADBEEEEDAACADBACDABCEBEA;1;BBCEDBBAEXCCAEDDBCAEDAACAAEDDDEBBECBCEEDCAACD;DADABCDCECEDEBBBEBCDBADACBCADCEBEADBAECAECEDA;AACEADDDACDADECBBDBEEBDDECCBEDDCADBBDEBCEBDCECEDDC;DBCECEACADABBECBEDADCCDCCABBBCECEBCEADABBADDD;4;0;0;0;0;0;0
3069646;2024;15200205;1500602;Altamira;15;PA;1;1;1;1500602;Altamira;15;PA;1;1;1;1;1422;1384;1396;1410;457.9;458.6;527.8;397;ECAECCABEEAEAEBACEEEBCDCCCAEEDCDCCBDCBDECECCD;DDDDBBEEAABDADDADCCECCAABCAADBEEBAAEAADBBDBCA;ABDEDEEDECCBDBEECDBECCBCEDDECABDEBDABAEEDEAEC;EADDCCEBBCECEACAAEDCCCCAADEBCAEAADAAEDBEBDBBA;1;BBCEDBBAEXCCAEDDBCAEDAACAAEDDDEBBECBCEEDCAACD;DADABCDCECEDEBBBEBCDBADACBCADCEBEADBAECAECEDA;AACEADDDACDADECBBDBEEBDDECCBEDDCADBBDEBCEBDCECEDDC;DBCECEACADABBECBEDADCCDCCABBBCECEBCEADABBADDD;1;80;160;100;120;80;540
2424647;2024;15104907;1500602;Altamira;15;PA;2;1;1;1500602;Altamira;15;PA;0;0;0;0;;;;;;;;;;;;;0;;;;;;;;;;;
4251251;2024;;;;;;;;;1500602;Altamira;15;PA;1;1;1;1;1422;1384;1396;1410;447.3;480.7;511.2;381.1;CEABDEECCAEEAEDCAECEDECABDCCCEBABCADDBDECADBA;ACDAECCEEBBAEDBEBACABCCBDCAEDECABABEDAEDBCEDA;ABACECBCECCEDBCEBADACDBEDDBEEABCDBEACEAECBBAC;ABABDCAEBCCABCCDBBDCBEDDACDBCDBBCDABDCEBDBCBA;1;BBCEDBBAEXCCAEDDBCAEDAACAAEDDDEBBECBCEEDCAACD;DADABCDCECEDEBBBEBCDBADACBCADCEBEADBAECAECEDA;AACEADDDACDADECBBDBEEBDDECCBEDDCADBBDEBCEBDCECEDDC;DBCECEACADABBECBEDADCCDCCABBBCECEBCEADABBADDD;1;100;120;80;100;40;440
3462807;2024;15106250;1501725;Brasil Novo;15;PA;2;1;1;1500602;Altamira;15;PA;1;1;1;1;1422;1384;1396;1410;372.2;361.5;393.5;435.5;DDABCCECDABDADBAEECACABAADBEEEDDACCCAACAEAABA;AEBADABACBA*ABACDCBBEAEBAADAAACAEAEEBEBACDAAE;CADDEECACBAEDBEBBDCECAEEAABEBECDACECEEABEDEEA;CBDECABDEBDAAABECCABADACEDCEDDEADAADEBDCECBCD;1;BBCEDBBAEXCCAEDDBCAEDAACAAEDDDEBBECBCEEDCAACD;DADABCDCECEDEBBBEBCDBADACBCADCEBEADBAECAECEDA;AACEADDDACDADECBBDBEEBDDECCBEDDCADBBDEBCEBDCECEDDC;DBCECEACADABBECBEDADCCDCCABBBCECEBCEADABBADDD;1;120;120;120;120;0;480
1675858;2024;;;;;;;;;1500602;Altamira;15;PA;1;1;1;1;1422;1384;1396;1410;406.6;492.3;521.5;417.6;EBABDBDCDCBBACAECDDADDBCACBDADCADBCDDEDBEBDEE;BABABCEBECEE**DBEAAACAEACDEACCCEBABEBDBABCCCA;DBDACDDDECBBDDCEBECBBACBDDAABADEDACE*CDECDBBC;CBDBBCEBCDBADBACBEBABEDBDECEDDAADBCBDBDBCACCB;1;BBCEDBBAEXCCAEDDBCAEDAACAAEDDDEBBECBCEEDCAACD;DADABCDCECEDEBBBEBCDBADACBCADCEBEADBAECAECEDA;AACEADDDACDADECBBDBEEBDDECCBEDDCADBBDEBCEBDCECEDDC;DBCECEACADABBECBEDADCCDCCABBBCECEBCEADABBADDD;1;100;100;80;60;20;360
435810;2024;;;;;;;;;1500602;Altamira;15;PA;1;1;1;1;1419;1385;1398;1407;639.3;660.8;644;677.1;BCEBCDBDDCDACBDEEBBDDBBCEDEBCECAACCAAEDCCDCEB;CAEDBADBEBCCEDADBAEAACCADEEDEBDEEADEEEAACDDED;EAAACDDEBDEECDCCBDCCADEEBDBEDADBCBBDBEADDCECB;DCDABBACBDCADECEAECEBCCCDAEDECDEECBBCCBDCCECC;0;BCEAACDEDCAAEDDDEBBDDBECCAEDBBAAACCAEEXCBBCED;CAEDBADBEBCCEDADBAEACBCADCEDEBBEBACECEABCDDAD;EAAACDDCDADDCBDEECEECBDCDADEEBCBEBADBCEBDBDDDDCECB;ABBABBADDDBBCECEADCEBCCCDBADCBEDAECADACDBCECE;1;140;160;140;160;200;800
773243;2024;;;;;;;;;1500602;Altamira;15;PA;1;1;1;1;1422;1384;1396;1410;432.1;450.8;471.6;470.9;CDBEBCDACAEEADAABEEEDBCBDECEDAEADCAACDACBAAAB;DADACBCEEBBBBCDDBBCCACDCBBCCBEABCBDEBBCABCEDE;DDDCCBBDEEBCDEDAAADAACDBBEADBBBBDBDCCBEEDBEDC;CEDDBCEDCCBCADCBDBCDDEBACBECBECCBDDEABBBBBDEB;1;BBCEDBBAEXCCAEDDBCAEDAACAAEDDDEBBECBCEEDCAACD;DADABCDCECEDEBBBEBCDBADACBCADCEBEADBAECAECEDA;AACEADDDACDADECBBDBEEBDDECCBEDDCADBBDEBCEBDCECEDDC;DBCECEACADABBECBEDADCCDCCABBBCECEBCEADABBADDD;1;120;120;120;100;80;540
951723;2024;;;;;;;;;1500602;Altamira;15;PA;0;1;1;0;;1386;1397;;;481.8;470.1;;;CBDCBCAEBEAECBBADACDBCCCDEBACDAAABCEECABCABAD;AAAEABCCBDDDEBDDDDEEDDDCBCCBACCDCCAECDADADEEA;;1;;ACBCADCEDBAECEDADBADBEBCDADABCDEABCAEDEBBCECE;AACEADACDDCBEDADEEBDDBDBBCEECBDCBADDDCBDEDDCECBECE;;4;0;0;0;0;0;0
3099533;2024;15104907;1500602;Altamira;15;PA;2;1;1;1500602;Altamira;15;PA;1;1;1;1;1422;1384;1396;1410;503.7;436.7;445.6;480.3;BDCCEAACECBECCDABBAEBCDBCABAACCCBCBB*BDCACDDC;BDBCBCCAACDDEDDBDCBDCBABDEBACBDEBACEBBDECCAEC;AAEDBBDAB.EBDECEBDDCCDEDEACCEDEEEBDABBCEECCCD;CCDCCCEDECBCCCDCDEDACCBACCBEBDCCDBDCBCBCCDCDE;1;BBCEDBBAEXCCAEDDBCAEDAACAAEDDDEBBECBCEEDCAACD;DADABCDCECEDEBBBEBCDBADACBCADCEBEADBAECAECEDA;AACEADDDACDADECBBDBEEBDDECCBEDDCADBBDEBCEBDCECEDDC;DBCECEACADABBECBEDADCCDCCABBBCECEBCEADABBADDD;1;120;120;100;120;100;560
381459;2024;15106250;1501725;Brasil Novo;15;PA;2;1;1;1500602;Altamira;15;PA;1;1;1;1;1419;1385;1398;1407;449.3;544.9;541.7;397.2;DCBADCDCECBBAEEDBDEDDDADDCCACADEDCEAEBCBCDBAD;AAADBBDBDACCEDACEBDACDCAAADBEEDBCADECBBBBCDAD;CAABACDCEDEECAEACABBACCEBCAACBABCDCDACDDDBECB;BCACDBBCDDDCCBDCCCDCBBBCEBDBBCCCECCCCABCCCDCD;1;BCEAACDEDCAAEDDDEBBDDBECCAEDBBAAACCAEEXCBBCED;CAEDBADBEBCCEDADBAEACBCADCEDEBBEBACECEABCDDAD;EAAACDDCDADDCBDEECEECBDCDADEEBCBEBADBCEBDBDDDDCECB;ABBABBADDDBBCECEADCEBCCCDBADCBEDAECADACDBCECE;1;80;120;100;100;80;480
2777048;2024;15104907;1500602;Altamira;15;PA;2;1;1;1500602;Altamira;15;PA;1;1;1;1;1419;1385;1398;1407;398.7;378.3;489.7;487.2;ADAADABDABBBAAAACBBCAACDDEAACDBAAEEAAEBCCECCC;AABEEAABBDACECEBEDAABDABACDBCACCAAACDACEABDCB;BADECCBCCDEEAEDABAECBDCDADAADCDBAAEDADDBDCECB;BEBEEDBEEBBCCCABECEDABCBABEBBACDAABBDADCBCEDC;1;BCEAACDEDCAAEDDDEBBDDBECCAEDBBAAACCAEEXCBBCED;CAEDBADBEBCCEDADBAEACBCADCEDEBBEBACECEABCDDAD;EAAACDDCDADDCBDEECEECBDCDADEEBCBEBADBCEBDBDDDDCECB;ABBABBADDDBBCECEADCEBCCCDBADCBEDAECADACDBCECE;1;120;120;120;100;100;560
499684;2024;15109194;1507805;Senador José Porfírio;15;PA;2;1;1;1500602;Altamira;15;PA;1;1;1;1;1421;1386;1397;1409;451.8;466.4;494.8;423.5;DABABCEDBCAEADACDDCABCECACBEDCABECDEADEDCEDEB;EBACACDABEADDABACBDDACACBECEEBCBAEAADEBBEAECD;BAEBEDAEBACEEBDBDDACCCADECEAEACCDBCECEBECCEDB;DBACEDCEBEABDACECBADACDEBACDCABCDACEBDACECBAD;0;DDBDDEBBAAEDECBCEEDCAACDBBCEDBBAEXCCAEAACCAED;ACBCADCEDBAECEDADBADBEBCDADABCDEABCAEDEBBCECE;AACEADACDDCBEDADEEBDDBDBBCEECBDCBADDDCBDEDDCECBECE;CEBCEADBBCEADDDABBABBCCDCCECEDBACADECABEDADCB;1;120;120;100;100;80;520
2894327;2024;;;;;;;;;1500602;Altamira;15;PA;1;1;1;1;1422;1384;1396;1410;456.7;330.8;477.2;405.2;CCBADBACEBBBCDCCDBAEBCEECDBACABCDECAEBDCABDCB;ADCCEBEDBCBDAEEBEEABCBCCDEBACBBADECEBDCEBBEDC;ECDDCBBDEDBBEAEEABDAAABDEDABBEEDCBCEABEDADDAA;DBCDDCADBBAEBDACADCDBAADDACCEBDBACDCEBEABDBEC;1;BBCEDBBAEXCCAEDDBCAEDAACAAEDDDEBBECBCEEDCAACD;DADABCDCECEDEBBBEBCDBADACBCADCEBEADBAECAECEDA;AACEADDDACDADECBBDBEEBDDECCBEDDCADBBDEBCEBDCECEDDC;DBCECEACADABBECBEDADCCDCCABBBCECEBCEADABBADDD;1;100;120;80;60;60;420
1761201;2024;15105016;1508357;Vitória do Xingu;15;PA;2;1;1;1500602;Altamira;15;PA;0;0;0;0;;;;;;;;;;;;;1;;;;;;;;;;;
3261392;2024;;;;;;;;;1500602;Altamira;15;PA;1;1;1;1;1420;1383;1395;1408;478.6;409.9;364.5;420.6;EEAEADCDAAEDCCEBADBCAABBCDAEBCBABBBBABECEDEDA;ADCBAEACCDEEDEEDBEEEDDBCDEDEBEEDBCDDAEBEBEDDE;DCDDCDEDCECABCADCECAABBAEDDCAAABBDADBDADECAED;ECBBACDCEDEABCBCBECAADBCEEDECBCEECCEEDDEABADD;1;CAEDAACCAEEXCBBAEDBBCAACDEDCBCEECAAEDDDEBBDDB;CECEBEBCDBADDEBBABCDCAECEDADBAEABEADCEDADACBC;CAAAECDDDAECBECEDDCBDEDDCECBDCBCEADBBDBDDCBEDADEEB;CECEBEDADCAADECDBBCEBDCCCACABBABBADDDCEADBBCE;4;0;0;0;0;0;0
2442871;2024;;;;;;;;;1500602;Altamira;15;PA;1;1;1;1;1420;1383;1395;1408;628.4;649.7;594.3;709.7;CCEDDACCEEEBDCBDDDDBEAACADDBBDBACAABBDBEBCDAC;CACBBEBCEAADBEBDDBCDCAECEDABBAEABEADDEDADBACC;EAAAEECBECCDDCBDEDBACDEACBCEADADBBDBCDEDADDEB;CEBBDEEAECAEBCADBCCDBCCECECCDDABCABDDDCADAECE;0;CAEDAACCAEEXCBBAEDBBCAACDEDCBCEECAAEDDDEBBDDB;CECEBEBCDBADDEBBABCDCAECEDADBAEABEADCEDADACBC;CAAAECDDDAECBECEDDCBDEDDCECBDCBCEADBBDBDDCBEDADEEB;CECEBEDADCAADECDBBCEBDCCCACABBABBADDDCEADBBCE;1;160;200;200;200;180;940
3123999;2024;15104907;1500602;Altamira;15;PA;2;1;1;1500602;Altamira;15;PA;1;1;1;1;1421;1386;1397;1409;428.8;473.9;417.9;402;DACEEADCCCAEADEBACDBDECABDBEDADCEBDEEBDBEEADB;EDBDADAEBEDACEBACBADAECBEBDADACDBAEBECDAEABED;ADEDEADBBEECCADACDDBACEDAECBECEDCAEACADDDEEAD;BEAADDCDEBDEECADCBECACDBADDCDEDDDCABEABCAEACD;1;DDBDDEBBAAEDECBCEEDCAACDBBCEDBBAEXCCAEAACCAED;ACBCADCEDBAECEDADBADBEBCDADABCDEABCAEDEBBCECE;AACEADACDDCBEDADEEBDDBDBBCEECBDCBADDDCBDEDDCECBECE;CEBCEADBBCEADDDABBABBCCDCCECEDBACADECABEDADCB;4;0;0;0;0;0;0
953658;2024;;;;;;;;;1500602;Altamira;15;PA;1;1;1;1;1421;1386;1397;1409;408.6;592.8;483.5;403.2;BEACEDEABBCAEAAADBDBDEDBDACBACEBDDEEBCAEBDAAC;ACEAADAEAEAECEDADBCDCBBCAADBBCEEAECABDEABAEAB;BAEDDBEEBACDEBDCDDABEDEACCEDCBCCCBEADBDECEADE;DCDDCEAEEBECCDABBEBCAADDCDDEABAEDBCECADCDBAAC;0;DDBDDEBBAAEDECBCEEDCAACDBBCEDBBAEXCCAEAACCAED;ACBCADCEDBAECEDADBADBEBCDADABCDEABCAEDEBBCECE;AACEADACDDCBEDADEEBDDBDBBCEECBDCBADDDCBDEDDCECBECE;CEBCEADBBCEADDDABBABBCCDCCECEDBACADECABEDADCB;1;100;160;100;120;120;600
1666088;2024;15106250;1501725;Brasil Novo;15;PA;2;1;1;1500602;Altamira;15;PA;1;1;1;1;1419;1385;1398;1407;484.1;537.1;497.9;388.9;DCEDBBCCCABEAEADEBEDEABCDBADDAAEBAEAEEBDEDCEE;BAEDAADBCAACACAAEAAACAEADBEDAEDBCAAABACBCCDAB;ADCDAADCBCDEDDDACDEDEDEEDABEDDDDDEBDEEDCACEEE;DCADDCBBAABACBAAEBAEBBBAECACBDDACEBABADBCEAAE;1;BCEAACDEDCAAEDDDEBBDDBECCAEDBBAAACCAEEXCBBCED;CAEDBADBEBCCEDADBAEACBCADCEDEBBEBACECEABCDDAD;EAAACDDCDADDCBDEECEECBDCDADEEBCBEBADBCEBDBDDDDCECB;ABBABBADDDBBCECEADCEBCCCDBADCBEDAECADACDBCECE;1;160;200;160;200;120;840
3772402;2024;;;;;;;;;1500602;Altamira;15;PA;0;0;0;0;;;;;;;;;;;;;0;;;;;;;;;;;
3369126;2024;;;;;;;;;1500602;Altamira;15;PA;1;1;1;1;1420;1383;1395;1408;569.5;564.3;520;419.8;ECEABECCABEBBADEDBBBAEEBEEDDCBEEBBCEBDECEBDBB;BEDEBEBCABCDBEDDBBACDADCEEBBAEEAAEDDECDADADBC;DDDDDECBECACDBBCEDDADBACEBCDEDECDBBCDBAEAECCC;BBBBAADACCCECECDBEABCDEAACDBCDCCBDDDBDBCDCCAD;1;CAEDAACCAEEXCBBAEDBBCAACDEDCBCEECAAEDDDEBBDDB;CECEBEBCDBADDEBBABCDCAECEDADBAEABEADCEDADACBC;CAAAECDDDAECBECEDDCBDEDDCECBDCBCEADBBDBDDCBEDADEEB;CECEBEDADCAADECDBBCEBDCCCACABBABBADDDCEADBBCE;1;160;200;160;160;120;800
599395;2024;15200205;1500602;Altamira;15;PA;1;1;1;1500602;Altamira;15;PA;1;1;1;1;1419;1385;1398;1407;572.3;669;571.7;641.4;BDEBEEBBBCABCCEBEECDCBEEECEDCADEBDCEAECCBDBAD;CAEDBADBEBECEBACDAEACBCADEEDEADEAACECBCBCDDAD;CBDCCCDCBDEECCECADCDADEEBEBEAADBCABDADBDDBDBC;BDDABBBCBDABECBBADCCBCCCBCCBCDCEADDECBDACBBDB;1;BCEAACDEDCAAEDDDEBBDDBECCAEDBBAAACCAEEXCBBCED;CAEDBADBEBCCEDADBAEACBCADCEDEBBEBACECEABCDDAD;EAAACDDCDADDCBDEECEECBDCDADEEBCBEBADBCEBDBDDDDCECB;ABBABBADDDBBCECEADCEBCCCDBADCBEDAECADACDBCECE;1;160;200;160;160;180;860
188643;2024;15104907;1500602;Altamira;15;PA;2;1;1;1500602;Altamira;15;PA;1;1;1;1;1419;1385;1398;1407;419;529.5;450;512.4;ECBCBEBACDBCACEEEABACCBCBDEBABDBCDAECBBBBDBCA;AACEDAEBABCCEEBCEBDACBDADAEAAEDEDADEAEABCCDBB;ABCDACDBCBEAECDCCCBCCDDEBBACAECDCAEDADBAEBADB;CAAAEECAEBDCCDCEEAECAAECABCDCDCEAACCDEDCEDEBC;1;BCEAACDEDCAAEDDDEBBDDBECCAEDBBAAACCAEEXCBBCED;CAEDBADBEBCCEDADBAEACBCADCEDEBBEBACECEABCDDAD;EAAACDDCDADDCBDEECEECBDCDADEEBCBEBADBCEBDBDDDDCECB;ABBABBADDDBBCECEADCEBCCCDBADCBEDAECADACDBCECE;1;100;120;80;120;120;540
2819561;2024;15141179;1500602;Altamira;15;PA;4;1;1;1500602;Altamira;15;PA;1;1;1;1;1420;1383;1395;1408;483.3;589.1;571.6;627.3;EDABAABAADACDCABBDDD.AAEBBB.BAAEDCBEDECDDDDCB;AACBBEBEEBBDDECDCBCDDAECEBACEAEACCADBDDDDADEC;ADDDCECBECADCCBBED.CBCBDEDCBDCB.DBDECCEDADCEB;CEDBC.DBA.A.DB.CB.C..BBECEDACCACDBADAECADCB.B;1;CAEDAACCAEEXCBBAEDBBCAACDEDCBCEECAAEDDDEBBDDB;CECEBEBCDBADDEBBABCDCAECEDADBAEABEADCEDADACBC;CAAAECDDDAECBECEDDCBDEDDCECBDCBCEADBBDBDDCBEDADEEB;CECEBEDADCAADECDBBCEBDCCCACABBABBADDDCEADBBCE;1;160;200;180;180;180;900
4047911;2024;;;;;;;;;1500602;Altamira;15;PA;1;1;1;1;1420;1383;1395;1408;416.6;400.3;425.9;467.5;AACEBCAEDDBCAEBCACEBACDEACBDAEEBCABDECACEBDAE;ACABEDDCABDBCEADADDBCBABEDCBEBBCDAAEBCCCDADBE;CEBBAACDEDACBEDBEAECCDDBDAAECBDBDEAEBCCDBADAA;AAADCCEBACEBDBEDEACBDECABDECCBDB*ADBCEACDBCDE;0;CAEDAACCAEEXCBBAEDBBCAACDEDCBCEECAAEDDDEBBDDB;CECEBEBCDBADDEBBABCDCAECEDADBAEABEADCEDADACBC;CAAAECDDDAECBECEDDCBDEDDCECBDCBCEADBBDBDDCBEDADEEB;CECEBEDADCAADECDBBCEBDCCCACABBABBADDDCEADBBCE;1;100;120;100;80;100;500
792511;2024;;;;;;;;;1500602;Altamira;15;PA;1;1;1;1;1421;1386;1397;1409;619.2;603.7;593.1;701.6;CCBCAEBBACCEBCBAECBDEACCDCBDDDBBEDCCCECACECCD;BCDCADEECDBECEDADCADBABCDACDBCBEEECADDEADCECB;DECDDCBEDADEEBDABDBBDACCCAEDABDDBEDEDDAECBECC;CCBCEADBBCBBEDDCBCEDACCDBEEDBDDACBCEDACEEBDDA;1;DDBDDEBBAAEDECBCEEDCAACDBBCEDBBAEXCCAEAACCAED;ACBCADCEDBAECEDADBADBEBCDADABCDEABCAEDEBBCECE;AACEADACDDCBEDADEEBDDBDBBCEECBDCBADDDCBDEDDCECBECE;CEBCEADBBCEADDDABBABBCCDCCECEDBACADECABEDADCB;1;160;200;200;200;200;960
2668945;2024;;;;;;;;;1500602;Altamira;15;PA;1;1;1;1;1419;1385;1398;1407;562.7;590.4;576;609.9;BCEBAECBDEAACBEEDADDBBBCEEEEBABACBAAEEBDCDBBA;CBEECCDBCBCCEBACDADEBBCADCEBEBDEBCDECEBECDDCD;CAAACBBCBDEECEADBACCDADEBCBEEEBBDCEDBDDDDBECB;DBCAAEACEDDBCCCBDBCEBBACDCBCE.DEAEDBDEBBDBCCB;0;BCEAACDEDCAAEDDDEBBDDBECCAEDBBAAACCAEEXCBBCED;CAEDBADBEBCCEDADBAEACBCADCEDEBBEBACECEABCDDAD;EAAACDDCDADDCBDEECEECBDCDADEEBCBEBADBCEBDBDDDDCECB;ABBABBADDDBBCECEADCEBCCCDBADCBEDAECADACDBCECE;1;160;180;120;180;40;680
132073;2024;;;;;;;;;1500602;Altamira;15;PA;1;1;1;1;1420;1383;1395;1408;458.2;425.7;429.1;380.8;AAEBBCEBDEBDBCACCCEDDACBCECAEDAACCBBEEBEBBDCC;BECACEACBDAECDBCABCEDDECBDEACEBAEABEDACDBBCAB;ABCEBEBDEDAABBBDDCDABADCECDBABCCDADDCBAEAEACE;BDACBCEECBECBCABCAADBBBBDDDACDDCCBCADACDCCEBB;0;CAEDAACCAEEXCBBAEDBBCAACDEDCBCEECAAEDDDEBBDDB;CECEBEBCDBADDEBBABCDCAECEDADBAEABEADCEDADACBC;CAAAECDDDAECBECEDDCBDEDDCECBDCBCEADBBDBDDCBEDADEEB;CECEBEDADCAADECDBBCEBDCCCACABBABBADDDCEADBBCE;1;80;120;80;100;0;380
4279429;2024;;;;;;;;;1500602;Altamira;15;PA;1;1;1;1;1422;1384;1396;1410;524.2;458.5;544.1;433.3;DBEEBDBBEACEAABBBBEDBEACAEACEABECECBCBDAEECED;DADCEEDAADBDDEBEEBAABCEDBCCAECCADBEBACABCEBDA;DBDBCBADECBEDADEDDCBBCBEDAEBEAEDEBAEBECEACBDA;BCEADBECCDCEBDCBADBABDEACCDACBDACBCDEADBCECDB;1;BBCEDBBAEXCCAEDDBCAEDAACAAEDDDEBBECBCEEDCAACD;DADABCDCECEDEBBBEBCDBADACBCADCEBEADBAECAECEDA;AACEADDDACDADECBBDBEEBDDECCBEDDCADBBDEBCEBDCECEDDC;DBCECEACADABBECBEDADCCDCCABBBCECEBCEADABBADDD;1;120;140;80;100;40;480
3269823;2024;;;;;;;;;1500602;Altamira;15;PA;1;1;1;1;1422;1384;1396;1410;468.2;592.3;569.8;627.7;BECEABADCCDCEADDACCEBEEDCCCA*BBCDABECBEDDBBDE;BCDCBCDBECBBEBDBEBEACADACCEADEDEEACEBDAAECEDA;ACCEABBAECBBDADEDDEBACBBDDCAEBBBEBCCBBDECEDDC;BABBDAADBDEABCEBEDCBDCABECBCBDBDEBBDADAABBECD;0;BBCEDBBAEXCCAEDDBCAEDAACAAEDDDEBBECBCEEDCAACD;DADABCDCECEDEBBBEBCDBADACBCADCEBEADBAECAECEDA;AACEADDDACDADECBBDBEEBDDECCBEDDCADBBDEBCEBDCECEDDC;DBCECEACADABBECBEDADCCDCCABBBCECEBCEADABBADDD;1;140;120;120;120;140;640
1615591;2024;;;;;;;;;1500602;Altamira;15;PA;1;1;1;1;1420;1383;1395;1408;399.4;524.5;535;391.4;EDADBCDEACBCBEABCBECDBDDACBCDEDBCABCBADCBCDCC;BEBBAECBBBBDAEDEABCECAECECABBCDABBABAAADBBBDC;CBBDEECBECADDDBEEBBADAECEBDCADDBDDDCCCDBCDCEB;CCDBECBCABCECDBABDDCCBCDEECBBACBCEDCBBCDCBDCC;1;CAEDAACCAEEXCBBAEDBBCAACDEDCBCEECAAEDDDEBBDDB;CECEBEBCDBADDEBBABCDCAECEDADBAEABEADCEDADACBC;CAAAECDDDAECBECEDDCBDEDDCECBDCBCEADBBDBDDCBEDADEEB;CECEBEDADCAADECDBBCEBDCCCACABBABBADDDCEADBBCE;1;100;200;140;140;40;620
1051871;2024;;;;;;;;;1500602;Altamira;15;PA;1;1;1;1;1421;1386;1397;1409;420.9;420.5;463;423.7;DBADAEEDCBAEEADACEEBAEAECDEBEEACBDEBDCAADACCC;EBDBCBEDECCDBADAEBCACDAEADDCEBEDAECBBAECACEBD;BDEBDCBAAEDAECDDEDBEBECDDEEDDACCDEDEBDEDCEDCB;ADBEDBAAEDBCDEDEDEABCEACBAEBDCACDECBAEBCECEDB;0;DDBDDEBBAAEDECBCEEDCAACDBBCEDBBAEXCCAEAACCAED;ACBCADCEDBAECEDADBADBEBCDADABCDEABCAEDEBBCECE;AACEADACDDCBEDADEEBDDBDBBCEECBDCBADDDCBDEDDCECBECE;CEBCEADBBCEADDDABBABBCCDCCECEDBACADECABEDADCB;1;20;60;20;0;20;120
1023277;2024;;;;;;;;;1500602;Altamira;15;PA;1;1;1;1;1420;1383;1395;1408;400.8;456.3;428;384.7;EABCDEDEADACADEBACCDDBCEBEABACAEBDAACBCCCEDCD;BCEBCEACCBBAABABACBCDABCAAABEAAAABDDEAECDEAAA;EBBBEACEDAEABEADEBABDAAAEBBECBAEDAEDDCBBBECDB;DBCBBDBCABDCCCBAACBDAAECBADBCADBECEBBABDCBCDB;0;CAEDAACCAEEXCBBAEDBBCAACDEDCBCEECAAEDDDEBBDDB;CECEBEBCDBADDEBBABCDCAECEDADBAEABEADCEDADACBC;CAAAECDDDAECBECEDDCBDEDDCECBDCBCEADBBDBDDCBEDADEEB;CECEBEDADCAADECDBBCEBDCCCACABBABBADDDCEADBBCE;1;120;120;100;120;20;480
827668;2024;15583058;1500602;Altamira;15;PA;2;1;1;1500602;Altamira;15;PA;1;1;1;1;1419;1385;1398;1407;455.5;545.5;510.5;409;EDBADCBCDCBECEAEBBDDECAECAACEAADAEEACEDBDECED;CAAEBCDBDCCCECADEABABECADDEEDEDEEADEDDBACCADE;EAE..DACDDEDCEDBEDCEADCEECBABBCCDCBDBDEEDCBDB;DCBECDBDBCDDCDABECBBCDDDACDEDCCBEECCCEDCDCECC;0;BCEAACDEDCAAEDDDEBBDDBECCAEDBBAAACCAEEXCBBCED;CAEDBADBEBCCEDADBAEACBCADCEDEBBEBACECEABCDDAD;EAAACDDCDADDCBDEECEECBDCDADEEBCBEBADBCEBDBDDDDCECB;ABBABBADDDBBCECEADCEBCCCDBADCBEDAECADACDBCECE;1;120;140;100;120;120;600
368270;2024;;;;;;;;;1500602;Altamira;15;PA;1;1;1;1;1421;1386;1397;1409;524.6;372.5;420.2;482.9;DEAAEECBADDEACCDEACDCDECCCCDBBAABCDEEEBCCEAEC;BDCECDABBEDDCDCBADEDCCBECACCDBABBCDECDCCBDCDA;BAACDEADABDEDCEAB*CEDCEDECEEECEBCAADEEBDCCEEB;BCDDDEBDBCABBEDDCCBDAACECEBDCBCADCCCDADCDCDCC;0;DDBDDEBBAAEDECBCEEDCAACDBBCEDBBAEXCCAEAACCAED;ACBCADCEDBAECEDADBADBEBCDADABCDEABCAEDEBBCECE;AACEADACDDCBEDADEEBDDBDBBCEECBDCBADDDCBDEDDCECBECE;CEBCEADBBCEADDDABBABBCCDCCECEDBACADECABEDADCB;1;120;180;120;120;40;580
2718077;2024;;;;;;;;;1500602;Altamira;15;PA;1;1;1;1;1419;1385;1398;1407;502.2;449;486;439.9;BDBEDCCDEBEBAABEBECDAAECACEBEACABEBADBAECCDEB;DABCBCCAEEDCAEABECDCBCBAEEDBAAACEABDCBEAACDDD;BBADECBCDBEEABCBDACEADCEDEABECAEBDEDCDDEDBBCB;CAEBBCCADADAAE.CDAAAEBCACDBECBDDCAEBCBDCCDEBA;0;BCEAACDEDCAAEDDDEBBDDBECCAEDBBAAACCAEEXCBBCED;CAEDBADBEBCCEDADBAEACBCADCEDEBBEBACECEABCDDAD;EAAACDDCDADDCBDEECEECBDCDADEEBCBEBADBCEBDBDDDDCECB;ABBABBADDDBBCECEADCEBCCCDBADCBEDAECADACDBCECE;1;60;120;120;80;0;380
1466812;2024;;;;;;;;;1500602;Altamira;15;PA;0;0;0;0;;;;;;;;;;;;;1;;;;;;;;;;;
3649088;2024;15178145;1508357;Vitória do Xingu;15;PA;2;2;1;1500602;Altamira;15;PA;0;0;0;0;;;;;;;;;;;;;1;;;;;;;;;;;
1588767;2024;15552900;1500602;Altamira;15;PA;4;1;1;1500602;Altamira;15;PA;1;1;1;1;1422;1384;1396;1410;645.7;584.8;541.2;689.2;DBDEEBBDEDDCAEDDBEBCDAACAABBDBEABBCBEEBDABCCC;DADBECBBACECEBDBEACDBDDCCDDADEEEEAAEEECADCCEA;ABEEBAADEEBCDADEBDBBCCBCDDCACBACEBBDBAEECEEDB;BBCEBEADEBDBDCCABEAEECBCCAACBEBDCBBBABABCACDD;0;BBCEDBBAEXCCAEDDBCAEDAACAAEDDDEBBECBCEEDCAACD;DADABCDCECEDEBBBEBCDBADACBCADCEBEADBAECAECEDA;AACEADDDACDADECBBDBEEBDDECCBEDDCADBBDEBCEBDCECEDDC;DBCECEACADABBECBEDADCCDCCABBBCECEBCEADABBADDD;1;160;160;140;180;200;840
1001873;2024;;;;;;;;;1500602;Altamira;15;PA;1;1;1;1;1421;1386;1397;1409;507.7;487.2;440.5;423.4;ADBEECEACCCCCABEABEEECACEBACBCABEBBEEEAABDBED;AABAAEAACEACCADDCDEDCBABBEDCBBDADCDAEDCDBBEAD;EBBAABCACAAAEBDAEBAADBBCAACECABBEBABCEBECBEDA;BAABEDBCEAEAAABABDBDEEBDADCDECCEDBCAADCBBCAED;1;DDBDDEBBAAEDECBCEEDCAACDBBCEDBBAEXCCAEAACCAED;ACBCADCEDBAECEDADBADBEBCDADABCDEABCAEDEBBCECE;AACEADACDDCBEDADEEBDDBDBBCEECBDCBADDDCBDEDDCECBECE;CEBCEADBBCEADDDABBABBCCDCCECEDBACADECABEDADCB;1;120;120;80;60;20;400
1840837;2024;;;;;;;;;1500602;Altamira;15;PA;1;1;1;1;1422;1384;1396;1410;506.3;490;497.7;487.6;CDCCCAACEABEBEDBAECDEACDCCBEEDECCECBADDECEDAB;BDDCECDCACBEEABACADBCDBABEAACECEBAEBEDAADCDBA;AEAEEDDBECBCDBCEABBBAEBEEDABABEDDEDBBCDECBCDB;CBCACCEDAACBECCDCECECEBDDADEBDECBDCBECBBDDCAA;0;BBCEDBBAEXCCAEDDBCAEDAACAAEDDDEBBECBCEEDCAACD;DADABCDCECEDEBBBEBCDBADACBCADCEBEADBAECAECEDA;AACEADDDACDADECBBDBEEBDDECCBEDDCADBBDEBCEBDCECEDDC;DBCECEACADABBECBEDADCCDCCABBBCECEBCEADABBADDD;1;120;120;100;100;0;440
2964090;2024;;;;;;;;;1500602;Altamira;15;PA;0;0;0;0;;;;;;;;;;;;;0;;;;;;;;;;;
713234;2024;;;;;;;;;1500602;Altamira;15;PA;1;1;1;1;1422;1384;1396;1410;345.9;393.8;476.9;485.8;CDEBEBDCACDEADACCBADABCDCCB*DABEACAAEBCECDCDD;EDBEADDCAAADAADBEACBDECEDBCCAEBECACABEDCBDACA;AEDBCAADECBDDAEDACDABEBCDBEAEECBABDABECCADAED;DBDACCEEBDAACDEDAEBCADAAAEBCAAACEACEEEACCEEEA;0;BBCEDBBAEXCCAEDDBCAEDAACAAEDDDEBBECBCEEDCAACD;DADABCDCECEDEBBBEBCDBADACBCADCEBEADBAECAECEDA;AACEADDDACDADECBBDBEEBDDECCBEDDCADBBDEBCEBDCECEDDC;DBCECEACADABBECBEDADCCDCCABBBCECEBCEADABBADDD;1;120;160;120;120;80;600
1300401;2024;;;;;;;;;1500602;Altamira;15;PA;1;1;1;1;1420;1383;1395;1408;488.1;527.1;553.7;466.1;EAEAECEDAEECEDABDEEACBDDBEAAEBABCCCABDAEBDDAA;AECEBECDEBDDDEEBABCCDABCCEAEBEAABBBEDEACBCCDD;ABABCECBECCDDAACEEDCBAECEBCCCDABDBDACEECADEEB;DDBAECDCBAABCEDBBCADAAEBBBDBCEABECDDADBEACEDE;0;CAEDAACCAEEXCBBAEDBBCAACDEDCBCEECAAEDDDEBBDDB;CECEBEBCDBADDEBBABCDCAECEDADBAEABEADCEDADACBC;CAAAECDDDAECBECEDDCBDEDDCECBDCBCEADBBDBDDCBEDADEEB;CECEBEDADCAADECDBBCEBDCCCACABBABBADDDCEADBBCE;1;140;180;140;160;120;740
4287817;2024;;;;;;;;;1500602;Altamira;15;PA;1;1;1;1;1421;1386;1397;1409;397.8;349.3;485;383.5;DAADDEEABBCEAADCBCECACABABAABABBAADCAABCADEBC;ABAABABADCBABAAABDBAAABAAEABCEBACAABABBACADED;ABBAADBECBDEEBDBCDBBACDBBACABEABDBAEDBAABACDB;ABAACBBACDACBAABCADBABABAABEACAEDCAABACBEBEAB;1;DDBDDEBBAAEDECBCEEDCAACDBBCEDBBAEXCCAEAACCAED;ACBCADCEDBAECEDADBADBEBCDADABCDEABCAEDEBBCECE;AACEADACDDCBEDADEEBDDBDBBCEECBDCBADDDCBDEDDCECBECE;CEBCEADBBCEADDDABBABBCCDCCECEDBACADECABEDADCB;1;100;100;80;80;0;360
544974;2024;;;;;;;;;1500602;Altamira;15;PA;0;0;0;0;;;;;;;;;;;;;1;;;;;;;;;;;
849976;2024;15178145;1508357;Vitória do Xingu;15;PA;2;2;1;1500602;Altamira;15;PA;1;1;1;1;1420;1383;1395;1408;423.4;471.5;387.1;551.2;DBADAABEEBBDDEBACCBDCDEDCDADDDADEEBEEBEEAEEAB;DBEAACAEADBADEEBABCECECCBAACEDAAEBACEEECAABDC;EDEDBAECEDADEEABDCABAEEAECDAECDBADDADECBAECEA;BBBCCDEDBBEBEBEBEBCBDDDDCDAACEADCCADDCBABBEDE;1;CAEDAACCAEEXCBBAEDBBCAACDEDCBCEECAAEDDDEBBDDB;CECEBEBCDBADDEBBABCDCAECEDADBAEABEADCEDADACBC;CAAAECDDDAECBECEDDCBDEDDCECBDCBCEADBBDBDDCBEDADEEB;CECEBEDADCAADECDBBCEBDCCCACABBABBADDDCEADBBCE;1;100;80;60;120;0;360
733506;2024;;;;;;;;;1500602;Altamira;15;PA;1;1;1;1;1421;1386;1397;1409;421.7;462.6;501.3;387.3;DADCABCCDCDCAEACADBDACEACABBCECCCEBEAAAABCCEC;ACEAADADEEEDDBBAACCDBECABCDCBECAAACB*ABDCBABB;DCBCDDBBDDCEEBDEECCBDCABDEBDDBCADBBECDDECEEDD;ABCBECBDCBEBAADBBCCBACBABBCDCBCBDBBACCACAEDBA;1;DDBDDEBBAAEDECBCEEDCAACDBBCEDBBAEXCCAEAACCAED;ACBCADCEDBAECEDADBADBEBCDADABCDEABCAEDEBBCECE;AACEADACDDCBEDADEEBDDBDBBCEECBDCBADDDCBDEDDCECBECE;CEBCEADBBCEADDDABBABBCCDCCECEDBACADECABEDADCB;1;100;40;40;60;20;260
587661;2024;15169138;1500602;Altamira;15;PA;2;1;1;1500602;Altamira;15;PA;1;1;1;1;1419;1385;1398;1407;515.8;532.9;515.8;395.7;DEBBBBBDAAECAABDAAEDCEECDDEAEACABCCAEBDCDBEEC;CBECBCDBCBCCDBAEDCEABECABAEEAEABEABACDABAEAED;DDCDABBCAEEEABABDCCEBDEEBCDBEBEBDACDADBBEAECB;BADCEBCDEACEBCECEBDECBAAAACDCAADBEEEBBDCDBADC;1;BCEAACDEDCAAEDDDEBBDDBECCAEDBBAAACCAEEXCBBCED;CAEDBADBEBCCEDADBAEACBCADCEDEBBEBACECEABCDDAD;EAAACDDCDADDCBDEECEECBDCDADEEBCBEBADBCEBDBDDDDCECB;ABBABBADDDBBCECEADCEBCCCDBADCBEDAECADACDBCECE;1;120;120;80;100;80;500
3301078;2024;;;;;;;;;1500602;Altamira;15;PA;1;1;1;1;1420;1383;1395;1408;577.4;603.1;561.5;626;EAECACCEDEBCBBBABEBBDADEBCEDBCEECABCCEDEBCACB;DECBBCDCABCDDEBEBBCDCBECEDAEEADAEEADEEDCDACEC;CAAACECBECADDABDECDDCADCEBDDDBABDADDBDDCADEEB;EDDCBDBACCABDDBBCACDBCBECDDACDEBCBCADCCADDBCC;0;CAEDAACCAEEXCBBAEDBBCAACDEDCBCEECAAEDDDEBBDDB;CECEBEBCDBADDEBBABCDCAECEDADBAEABEADCEDADACBC;CAAAECDDDAECBECEDDCBDEDDCECBDCBCEADBBDBDDCBEDADEEB;CECEBEDADCAADECDBBCEBDCCCACABBABBADDDCEADBBCE;1;140;160;120;140;120;680
1606107;2024;15104907;1500602;Altamira;15;PA;2;1;1;1500602;Altamira;15;PA;1;1;1;1;1421;1386;1397;1409;426.9;438.7;498;470.7;CEBEBCDCCCCEABEDBDCAEDDBEADCEDABDBDEAEABEBAEA;BDCAADEDAEACCDCDABCADBEABDDCEDDBACBDDCBDACBDC;CACBAEABDDDACAEBBEEBCEBDBEEABECDBADEDDABCEEDE;ACBDBBBEADDBCDABBBDAEACCEDEBCABDDABBCBCCCCECA;0;DDBDDEBBAAEDECBCEEDCAACDBBCEDBBAEXCCAEAACCAED;ACBCADCEDBAECEDADBADBEBCDADABCDEABCAEDEBBCECE;AACEADACDDCBEDADEEBDDBDBBCEECBDCBADDDCBDEDDCECBECE;CEBCEADBBCEADDDABBABBCCDCCECEDBACADECABEDADCB;1;120;160;120;140;100;640
1363131;2024;;;;;;;;;1500602;Altamira;15;PA;0;1;1;0;;1383;1395;;;415.5;491.7;;;AEBBDACCEBBADCBDCBEEDEBCDCAAEECEADBACCDAEEBDE;ACACDDCEEAEADBEBEDACBBDEEBCCBECEDADDAAACADEDA;;0;;CECEBEBCDBADDEBBABCDCAECEDADBAEABEADCEDADACBC;CAAAECDDDAECBECEDDCBDEDDCECBDCBCEADBBDBDDCBEDADEEB;;1;120;160;120;160;120;680
2908037;2024;;;;;;;;;1500602;Altamira;15;PA;1;1;1;1;1422;1384;1396;1410;502.2;493.3;512.6;608;BBCEBABBEDDEAEDEBECEECDABEBECADAABEACEDBCCCED;AADBBBBCACCDBDACACCADCCBBEEEDEEAEAEBAECEBCCCA;BCAACCADDCDBDDEEBCBDDABEDDCBECDEEEDAAEECDBCDB;AECEBABCEDDDCEBCCBDDCBDDCABDBEDCEADCABACABDAA;1;BBCEDBBAEXCCAEDDBCAEDAACAAEDDDEBBECBCEEDCAACD;DADABCDCECEDEBBBEBCDBADACBCADCEBEADBAECAECEDA;AACEADDDACDADECBBDBEEBDDECCBEDDCADBBDEBCEBDCECEDDC;DBCECEACADABBECBEDADCCDCCABBBCECEBCEADABBADDD;1;160;160;160;200;160;840
1697758;2024;;;;;;;;;1500602;Altamira;15;PA;1;1;1;1;1420;1383;1395;1408;468.7;433.6;467.1;402.7;EAEAACDEAACCCEBBBCCCEACADBACABBCCDCBBDEDAEDBD;BEEACACBEADABADBABDDCDEEACEBEAEABDBCAAEBDCDEC;DAABECDBECEADBCEADACABABCADEBBDEDDEAEABACDDEB;EDBBAECCADDEDDCBDCAAADCBEDABCECBAECEDABDEDECE;0;CAEDAACCAEEXCBBAEDBBCAACDEDCBCEECAAEDDDEBBDDB;CECEBEBCDBADDEBBABCDCAECEDADBAEABEADCEDADACBC;CAAAECDDDAECBECEDDCBDEDDCECBDCBCEADBBDBDDCBEDADEEB;CECEBEDADCAADECDBBCEBDCCCACABBABBADDDCEADBBCE;1;120;120;80;120;80;520
1970566;2024;;;;;;;;;1500602;Altamira;15;PA;0;0;0;0;;;;;;;;;;;;;1;;;;;;;;;;;
152331;2024;;;;;;;;;1500602;Altamira;15;PA;0;0;0;0;;;;;;;;;;;;;1;;;;;;;;;;;
3174141;2024;15107035;1504455;Medicilândia;15;PA;2;1;1;1500602;Altamira;15;PA;1;1;1;1;1419;1385;1398;1407;498.8;536.5;504;608.8;DCBAECCABDAEAABDECBDCBCAEADBAACADCEADBABEDBAC;CAEACADABBCCEEABBAEACDEDEEADEEDEAACEDBACEABDC;ADACCADDBECCBBBACBDDADEEABDADCEBDEADADBDDCEEB;ADDACEADDBBCEADBABCDACECBECCCDBDBDBEEACBBDBEA;0;BCEAACDEDCAAEDDDEBBDDBECCAEDBBAAACCAEEXCBBCED;CAEDBADBEBCCEDADBAEACBCADCEDEBBEBACECEABCDDAD;EAAACDDCDADDCBDEECEECBDCDADEEBCBEBADBCEBDBDDDDCECB;ABBABBADDDBBCECEADCEBCCCDBADCBEDAECADACDBCECE;1;120;160;120;120;40;560
939769;2024;;;;;;;;;1500602;Altamira;15;PA;0;0;0;0;;;;;;;;;;;;;0;;;;;;;;;;;
130;2024;;;;;;;;;1500602;Altamira;15;PA;1;1;1;1;1420;1383;1395;1408;531.2;584.3;578.3;537;EDEDAADCCEEABDDBECECDAEDBDBEDDDBEBACEDDEBBCAB;BECBBEACDABDEEEBAACCCEECEDABEAED*BADDEAADADDE;CCDDCECBECEDDCBAEBACBBBEEBDEDAABDADDCBADADEEB;BBACBCDCABCCCCCBDBCBBCECCEDACBABDBCABCBDADDBD;1;CAEDAACCAEEXCBBAEDBBCAACDEDCBCEECAAEDDDEBBDDB;CECEBEBCDBADDEBBABCDCAECEDADBAEABEADCEDADACBC;CAAAECDDDAECBECEDDCBDEDDCECBDCBCEADBBDBDDCBEDADEEB;CECEBEDADCAADECDBBCEBDCCCACABBABBADDDCEADBBCE;1;160;180;160;180;200;880
1364215;2024;;;;;;;;;1500602;Altamira;15;PA;1;1;1;1;1420;1383;1395;1408;542.3;628.4;647.4;508.8;EDEBAACDCDEBDBBAEBACEBEABBCABCBBCBECDEDBCBDBA;CECEBECCDBADDEBBCBCCBAECEBADEADCECADEEDADAABC;CAAAEECBECCDDCBDEDDCECEDEBDECDBDDBDCCBECADEEB;DDBADEDBACAACEACBDACABDECEBBCDABABEABCACACCDB;0;CAEDAACCAEEXCBBAEDBBCAACDEDCBCEECAAEDDDEBBDDB;CECEBEBCDBADDEBBABCDCAECEDADBAEABEADCEDADACBC;CAAAECDDDAECBECEDDCBDEDDCECBDCBCEADBBDBDDCBEDADEEB;CECEBEDADCAADECDBBCEBDCCCACABBABBADDDCEADBBCE;1;120;120;120;120;120;600
1514483;2024;;;;;;;;;1500602;Altamira;15;PA;1;1;1;1;1422;1384;1396;1410;544.4;636.3;629.4;521.8;BBACCBEDEABEAEDBAEADBAADAACDDDEEAECDCCDBDBDDA;DADAACBCEAEDDDBBEBEDBADABDEADEEEBAEBAECAECEDA;DEDACDADECBBDBEEDDEEDCBEDDCADBBCEBCABAEECABDC;BBCCCBADCEBABCDA*ABDDECCBABED*ACBBDDBBDCCBCED;1;BBCEDBBAEXCCAEDDBCAEDAACAAEDDDEBBECBCEEDCAACD;DADABCDCECEDEBBBEBCDBADACBCADCEBEADBAECAECEDA;AACEADDDACDADECBBDBEEBDDECCBEDDCADBBDEBCEBDCECEDDC;DBCECEACADABBECBEDADCCDCCABBBCECEBCEADABBADDD;1;120;120;120;140;160;660
753755;2024;15104907;1500602;Altamira;15;PA;2;1;1;1500602;Altamira;15;PA;1;1;1;1;1421;1386;1397;1409;549.5;513.1;521.9;447.5;DEDDDEEBABCDACADECBCDCDAECBDCCDAEDDEAEEDBEAEB;ABCAADEADEBDCEDABEDBCBDBADDCBCCEAECBDBACDBECB;AAEEADAEBAACDADACDDBCBADBDCDABCDBADECDBECBEDB;BBBABDCADAEBCEAECEDABEDAECEDBCCEDCDECBBCCCDEC;0;DDBDDEBBAAEDECBCEEDCAACDBBCEDBBAEXCCAEAACCAED;ACBCADCEDBAECEDADBADBEBCDADABCDEABCAEDEBBCECE;AACEADACDDCBEDADEEBDDBDBBCEECBDCBADDDCBDEDDCECBECE;CEBCEADBBCEADDDABBABBCCDCCECEDBACADECABEDADCB;1;120;180;120;160;160;740
1285757;2024;;;;;;;;;1500602;Altamira;15;PA;1;1;1;1;1420;1383;1395;1408;376.2;418.2;433.5;447.1;EAACEABEDCDBAEABECBCDABEAEAAADACEBEDEEDCADDBD;CAADEBADABEBEDBEBAECDDBBABACEBCAEBAEDAADDACAD;ABAEEEEAEDADDCACCCADEADCEAEBDEBDDEDACAAAEDBCB;DECBECDBDBCDDCAEBDADAECDAEDCBABCDCEAEACBBDADE;1;CAEDAACCAEEXCBBAEDBBCAACDEDCBCEECAAEDDDEBBDDB;CECEBEBCDBADDEBBABCDCAECEDADBAEABEADCEDADACBC;CAAAECDDDAECBECEDDCBDEDDCECBDCBCEADBBDBDDCBEDADEEB;CECEBEDADCAADECDBBCEBDCCCACABBABBADDDCEADBBCE;1;80;120;60;60;0;320
2224271;2024;15141179;1500602;Altamira;15;PA;4;1;1;1500602;Altamira;15;PA;1;1;1;1;1419;1385;1398;1407;489.8;533.6;543.3;625.4;EABEDDCDBCAEBBDDCDACEBECDDEACDECABEADEBEBADEB;CAEDEAABDBBCEEABEEDCAEDEDECBEEBBEAAEBEABBDADD;BDCDBBAABEEEEEAAEAECBDDEBCEEACDBCABDBCEDDAECB;DACABCBEADABAEADAACEBBECEAADBDDAEECBDDDCADECC;1;BCEAACDEDCAAEDDDEBBDDBECCAEDBBAAACCAEEXCBBCED;CAEDBADBEBCCEDADBAEACBCADCEDEBBEBACECEABCDDAD;EAAACDDCDADDCBDEECEECBDCDADEEBCBEBADBCEBDBDDDDCECB;ABBABBADDDBBCECEADCEBCCCDBADCBEDAECADACDBCECE;1;140;160;140;160;180;780
765180;2024;;;;;;;;;1500602;Altamira;15;PA;1;1;1;1;1421;1386;1397;1409;439.7;551.9;549.2;501.2;ABAEDCEADECBCEBCEBACDBEBACDDABCDDDBDAECADBEAD;ADCCADCCAABACEEADBCAAECCDADABCDDAADADDADBAACB;BACBEBBEDADEEDDDBEBBCEEADDECABCDABDADDAEEBEDA;DCACBCADBCEDCBCABEBEAEDAEACCDCBDDADBCCBBDCABB;0;DDBDDEBBAAEDECBCEEDCAACDBBCEDBBAEXCCAEAACCAED;ACBCADCEDBAECEDADBADBEBCDADABCDEABCAEDEBBCECE;AACEADACDDCBEDADEEBDDBDBBCEECBDCBADDDCBDEDDCECBECE;CEBCEADBBCEADDDABBABBCCDCCECEDBACADECABEDADCB;1;100;180;120;120;80;600
212181;2024;15107035;1504455;Medicilândia;15;PA;2;1;1;1500602;Altamira;15;PA;1;1;1;1;1420;1383;1395;1408;502.1;521.6;518.6;547.5;EAEAAADACEEBBAAADCCABBCCDCAEEABCABECDBEBDDDAB;AEBEAAABDAEBDECBCBBCBAECEBAEDADAEBAECCDADABED;ECEEDECBECADDBAEEDDAABDECBADCBABDADDBCEAEDDBA;DEBCACDBEDABCEDBBCCEABEEBADDCADBDBAADEECDBCAE;1;CAEDAACCAEEXCBBAEDBBCAACDEDCBCEECAAEDDDEBBDDB;CECEBEBCDBADDEBBABCDCAECEDADBAEABEADCEDADACBC;CAAAECDDDAECBECEDDCBDEDDCECBDCBCEADBBDBDDCBEDADEEB;CECEBEDADCAADECDBBCEBDCCCACABBABBADDDCEADBBCE;1;120;160;120;120;160;680
1446067;2024;;;;;;;;;1500602;Altamira;15;PA;0;0;0;0;;;;;;;;;;;;;0;;;;;;;;;;;
3721830;2024;;;;;;;;;1500602;Altamira;15;PA;0;0;0;0;;;;;;;;;;;;;1;;;;;;;;;;;
1461497;2024;15583058;1500602;Altamira;15;PA;2;1;1;1500602;Altamira;15;PA;1;1;1;1;1422;1384;1396;1410;402.6;416.1;486.2;421.2;BADECDDADBBEBAACAAABBBBBEAAAEEEDBDEACEDDCCCBC;BABBECADAAAABAEABABABDDDEBEACAEACCEEEAAECCBCA;AAACAAADECBCEAEDADEDACABEDDBAEAEEEDDDECCDECDB;CECCCEABDBEBCEECDEECCEECCBACECDDBBAADADAECEEE;0;BBCEDBBAEXCCAEDDBCAEDAACAAEDDDEBBECBCEEDCAACD;DADABCDCECEDEBBBEBCDBADACBCADCEBEADBAECAECEDA;AACEADDDACDADECBBDBEEBDDECCBEDDCADBBDEBCEBDCECEDDC;DBCECEACADABBECBEDADCCDCCABBBCECEBCEADABBADDD;4;0;0;0;0;0;0
108238;2024;;;;;;;;;1500602;Altamira;15;PA;1;1;1;1;1422;1384;1396;1410;385.8;346.2;464.7;388.6;CDAEBEAABABEABAEEEEBABBAEEEABEDCEDCECEDDDDCBE;ECDCDAACDAEDCEDEBCACECEDEDEEEECEECEEBACEECDED;DCDCEEDDBCDCDCBDBDEDEEAEADEBCEAEBDCADEDEEEBDD;ACCDCCEDDECCDDDDDCDBCBDDDBBACCCBDBECCACECDAEB;1;BBCEDBBAEXCCAEDDBCAEDAACAAEDDDEBBECBCEEDCAACD;DADABCDCECEDEBBBEBCDBADACBCADCEBEADBAECAECEDA;AACEADDDACDADECBBDBEEBDDECCBEDDCADBBDEBCEBDCECEDDC;DBCECEACADABBECBEDADCCDCCABBBCECEBCEADABBADDD;1;100;120;80;120;100;520
2227906;2024;15583058;1500602;Altamira;15;PA;2;1;1;1500602;Altamira;15;PA;1;1;1;1;1419;1385;1398;1407;411.2;495.9;511;407.7;AACDCCBDABBCABAAEABDCAACEDACBAAEAEEDDBBBECADE;AABECCDADBCDEDACEACAABEADAABAEBCAABEBABBBCBDB;BEABDCBCADEEDAABDCDDAAEEBDBDEEABDACDADDEDBACB;CEDDCEBCBBDACDABEEABBDEEAEDCBBBECCCACDDCCEEBD;0;BCEAACDEDCAAEDDDEBBDDBECCAEDBBAAACCAEEXCBBCED;CAEDBADBEBCCEDADBAEACBCADCEDEBBEBACECEABCDDAD;EAAACDDCDADDCBDEECEECBDCDADEEBCBEBADBCEBDBDDDDCECB;ABBABBADDDBBCECEADCEBCCCDBADCBEDAECADACDBCECE;1;120;160;120;160;140;700
2286700;2024;;;;;;;;;1500602;Altamira;15;PA;0;0;0;0;;;;;;;;;;;;;0;;;;;;;;;;;
1365997;2024;;;;;;;;;1500602;Altamira;15;PA;0;0;0;0;;;;;;;;;;;;;0;;;;;;;;;;;
3131840;2024;;;;;;;;;1500602;Altamira;15;PA;0;0;0;0;;;;;;;;;;;;;0;;;;;;;;;;;
1769696;2024;15105016;1508357;Vitória do Xingu;15;PA;2;1;1;1500602;Altamira;15;PA;1;1;1;1;1420;1383;1395;1408;400.8;445.1;457.6;413.4;ADABECBEAAEEEDCCABBCCACDDADCAADBCDBDAEADCEAEE;DEECBCAEDCDABECDEEBCDDDAEDEAEADAAEAAEADEDEBEE;EDDBABDBBDECDECBEDEAEAABECEDECECCEDECDEEADCEE;DADBBBDBAAACEAEDEEADACACDEDBBBCCACCDBCADCBECB;1;CAEDAACCAEEXCBBAEDBBCAACDEDCBCEECAAEDDDEBBDDB;CECEBEBCDBADDEBBABCDCAECEDADBAEABEADCEDADACBC;CAAAECDDDAECBECEDDCBDEDDCECBDCBCEADBBDBDDCBEDADEEB;CECEBEDADCAADECDBBCEBDCCCACABBABBADDDCEADBBCE;4;0;0;0;0;0;0
1299218;2024;;;;;;;;;1500602;Altamira;15;PA;0;1;1;0;;1383;1395;;;487.8;506.3;;;ADBADECCECADAEDBBEBAAABCDDABEACACBADEAACBABDA;AEACEECBECACDCAEAABCBAECEBDBDBABDDDBCDBDADAAB;;0;;CECEBEBCDBADDEBBABCDCAECEDADBAEABEADCEDADACBC;CAAAECDDDAECBECEDDCBDEDDCECBDCBCEADBBDBDDCBEDADEEB;;1;120;120;80;100;120;540
2574646;2024;;;;;;;;;1500602;Altamira;15;PA;0;1;1;0;;1385;1398;;;529.4;536.8;;;DAAEEDDABACCCBADBACACEEACEEDEBBEEACAABCBEDBCD;CAAAADBCEEDECEDBACEDADEEBDBEBDEBCCBBADADDBEDE;;0;;CAEDBADBEBCCEDADBAEACBCADCEDEBBEBACECEABCDDAD;EAAACDDCDADDCBDEECEECBDCDADEEBCBEBADBCEBDBDDDDCECB;;1;120;120;120;120;100;580
3319001;2024;;;;;;;;;1500602;Altamira;15;PA;0;0;0;0;;;;;;;;;;;;;0;;;;;;;;;;;
3710319;2024;;;;;;;;;1500602;Altamira;15;PA;1;1;1;1;1421;1386;1397;1409;463.2;518;454.7;412.7;DCBCCEACBBCCBDDAECECACEDABDBBAADBCEEAECEDBAEB;ABDEACDBDBEACCBAEDAABDBCAADBDBCEACCAEDEECCDBB;CCABBDDDDABCEADDEDABCBAAAAEECEDEDDCECAABEDECA;ADAACDACEBDBCECEEBDEACAEBDABCBCDDCDEDEBADDAAA;1;DDBDDEBBAAEDECBCEEDCAACDBBCEDBBAEXCCAEAACCAED;ACBCADCEDBAECEDADBADBEBCDADABCDEABCAEDEBBCECE;AACEADACDDCBEDADEEBDDBDBBCEECBDCBADDDCBDEDDCECBECE;CEBCEADBBCEADDDABBABBCCDCCECEDBACADECABEDADCB;1;100;120;100;140;120;580
2713485;2024;15104907;1500602;Altamira;15;PA;2;1;1;1500602;Altamira;15;PA;1;1;1;1;1420;1383;1395;1408;392.7;446.6;403.6;383.7;EAABDBDDEADCDEABDBEDCCCEBDBEACAEABADDEDBDECAC;EECABAEBADABCDECDBEBCABCDCBAE.DACEAAEAADEADDB;CAADABCDBDCADBEEDBADED.BEDCABEBDEBDEDAABDCDEB;CBBDCBBCDBEBCADDBDACEACDDBEEDBEDAEBDCEADBAEBC;0;CAEDAACCAEEXCBBAEDBBCAACDEDCBCEECAAEDDDEBBDDB;CECEBEBCDBADDEBBABCDCAECEDADBAEABEADCEDADACBC;CAAAECDDDAECBECEDDCBDEDDCECBDCBCEADBBDBDDCBEDADEEB;CECEBEDADCAADECDBBCEBDCCCACABBABBADDDCEADBBCE;1;100;80;60;80;60;380
1506915;2024;;;;;;;;;1500602;Altamira;15;PA;1;1;1;1;1419;1385;1398;1407;527.7;562;591.8;700.6;CDEACCDDEBCDBEEEEDBDBBADEDDDBABAADECBEBDBEDCD;BAADEADBDDEDEDADBACABECADEECEADBEAACBEACCDDCD;DDCAABDCDDEEEDCDCDBDADEEBCBEDDABDEBDBEDDDCECB;CBCACCDBDDBBDEDEADCEBCCCDBACCDDEECDECCCBACEDD;1;BCEAACDEDCAAEDDDEBBDDBECCAEDBBAAACCAEEXCBBCED;CAEDBADBEBCCEDADBAEACBCADCEDEBBEBACECEABCDDAD;EAAACDDCDADDCBDEECEECBDCDADEEBCBEBADBCEBDBDDDDCECB;ABBABBADDDBBCECEADCEBCCCDBADCBEDAECADACDBCECE;1;140;180;140;160;160;780
3263345;2024;15141179;1500602;Altamira;15;PA;4;1;1;1500602;Altamira;15;PA;1;1;1;1;1421;1386;1397;1409;417.6;546.5;548.4;480.9;CBAADEDABBCBECAABDACDDBDECDADDDBAADEAEEECBBAC;ADBABCCADBDECEAADBADBEABECDEBCBCAEAADCEACBDEC;AACCAEBECADDEBDBDDABDDEADCBEDBCDABEEEDAECBECA;CBCABECDDABCEEAACEDEDEBBADCABDEEDBDAACBAED.CB;0;DDBDDEBBAAEDECBCEEDCAACDBBCEDBBAEXCCAEAACCAED;ACBCADCEDBAECEDADBADBEBCDADABCDEABCAEDEBBCECE;AACEADACDDCBEDADEEBDDBDBBCEECBDCBADDDCBDEDDCECBECE;CEBCEADBBCEADDDABBABBCCDCCECEDBACADECABEDADCB;1;120;140;120;120;100;600
1789156;2024;;;;;;;;;1500602;Altamira;15;PA;0;0;0;0;;;;;;;;;;;;;1;;;;;;;;;;;
3450335;2024;15106250;1501725;Brasil Novo;15;PA;2;1;1;1500602;Altamira;15;PA;0;0;0;0;;;;;;;;;;;;;0;;;;;;;;;;;
3714846;2024;;;;;;;;;1500602;Altamira;15;PA;1;1;1;1;1422;1384;1396;1410;398.5;507.4;459.7;439.7;ACCADAAEEDBABECCACDBAEDACBDDDBEADCEACDDEBEDEE;CACBBDEACAADECEEBBCDCEDADAEADEEEEBCAADBADCDEA;ABEBADADEADBDADEBEDCEBABDAEEACADDACDBCABDECBA;DCDDCBEAECACCDBBEBEEACCADBEBBCEAABABEDCCEBECB;0;BBCEDBBAEXCCAEDDBCAEDAACAAEDDDEBBECBCEEDCAACD;DADABCDCECEDEBBBEBCDBADACBCADCEBEADBAECAECEDA;AACEADDDACDADECBBDBEEBDDECCBEDDCADBBDEBCEBDCECEDDC;DBCECEACADABBECBEDADCCDCCABBBCECEBCEADABBADDD;1;120;120;100;120;80;540
55342;2024;;;;;;;;;1500602;Altamira;15;PA;1;1;1;1;1420;1383;1395;1408;474.2;510;520.8;422.7;DCDDBADBAAEBECBBBCBBCADECCBEAAACCEBDDABEBBDCA;AACBBCAEADDABEEDBECDDADCEBAACACAEDAEECADDABDE;CCDDBECEECEBDAADEBABEDEADBDEEADADDDDEBBBDDEED;EBBBACAEACACABBDCDEDCADBCEADCBDBBBABBAADDBCEC;1;CAEDAACCAEEXCBBAEDBBCAACDEDCBCEECAAEDDDEBBDDB;CECEBEBCDBADDEBBABCDCAECEDADBAEABEADCEDADACBC;CAAAECDDDAECBECEDDCBDEDDCECBDCBCEADBBDBDDCBEDADEEB;CECEBEDADCAADECDBBCEBDCCCACABBABBADDDCEADBBCE;1;120;160;120;120;140;660
1668268;2024;15104907;1500602;Altamira;15;PA;2;1;1;1500602;Altamira;15;PA;1;1;1;1;1421;1386;1397;1409;480.1;439.5;456.1;390.9;EBACDAEEBCBEEDBABDCCAEEDABCADAABBBCBEEDACCEBD;ABCABCEADBAECDBBEEBADCCDBADEDBDDCACBADCADDEED;DCABEEBEDBDAEAEEBDCBBCBBBCADAAEDEECDBCACDDEEB;ADCEBDDAECBBDCEECEAABDCCEDDCECADBDECADBDECADE;1;DDBDDEBBAAEDECBCEEDCAACDBBCEDBBAEXCCAEAACCAED;ACBCADCEDBAECEDADBADBEBCDADABCDEABCAEDEBBCECE;AACEADACDDCBEDADEEBDDBDBBCEECBDCBADDDCBDEDDCECBECE;CEBCEADBBCEADDDABBABBCCDCCECEDBACADECABEDADCB;1;100;120;80;80;0;380
1008044;2024;;;;;;;;;1500602;Altamira;15;PA;1;1;1;1;1420;1383;1395;1408;504.1;350.2;432.2;466.1;ACEAADBEACABABDACECBCDDADABEBCBAACAEECDBEADED;BCEDEACDBDBAACCACDBDECECCCDBEBDECEBACEBDEADCB;CAAADECDDBABDADBDBADCDBEACDBEBEBDADCBCBDACADA;DCDABCDDBACADCBBDBCDDEECDBCBCEECBACECDDEADDAC;0;CAEDAACCAEEXCBBAEDBBCAACDEDCBCEECAAEDDDEBBDDB;CECEBEBCDBADDEBBABCDCAECEDADBAEABEADCEDADACBC;CAAAECDDDAECBECEDDCBDEDDCECBDCBCEADBBDBDDCBEDADEEB;CECEBEDADCAADECDBBCEBDCCCACABBABBADDDCEADBBCE;1;120;200;120;120;100;660
4019875;2024;;;;;;;;;1500602;Altamira;15;PA;0;0;0;0;;;;;;;;;;;;;1;;;;;;;;;;;
56641;2024;;;;;;;;;1500602;Altamira;15;PA;1;1;1;1;1419;1385;1398;1407;571.9;637.4;588.1;632;BBBDECBBBBACCBCDDBBDDDECCEDDCBDDBACCEECDBDEDE;CAEDCBDBEBCCECACBBEACCEADCEDDBDECACECBABCDBAD;CAAEADBBBDEECAEDADCDADEEBCBEBADBDAEDBBADDAECB;DBCACCACDBDCBABBADCBBAEBBCAABADAACCBCBEDBDEBB;0;BCEAACDEDCAAEDDDEBBDDBECCAEDBBAAACCAEEXCBBCED;CAEDBADBEBCCEDADBAEACBCADCEDEBBEBACECEABCDDAD;EAAACDDCDADDCBDEECEECBDCDADEEBCBEBADBCEBDBDDDDCECB;ABBABBADDDBBCECEADCEBCCCDBADCBEDAECADACDBCECE;1;120;160;160;120;140;700
3331139;2024;15583058;1500602;Altamira;15;PA;2;1;1;1500602;Altamira;15;PA;1;1;1;1;1419;1385;1398;1407;546.8;548.1;599.2;514.6;ECBDCCADECACCBDEEBCDACEBEADACBBADCDBEACCDBAEB;CBACBDBAEADCCDADDECADBCADEEDEBBBAAAEBBABCDBBD;DACACDDC.DEECCBBBCBDADEEBCBEBADBDBBDADEDDAECB;DEAACBDBDBCBCCACACEDDBABDBCEABBCECABDEDBEACDA;0;BCEAACDEDCAAEDDDEBBDDBECCAEDBBAAACCAEEXCBBCED;CAEDBADBEBCCEDADBAEACBCADCEDEBBEBACECEABCDDAD;EAAACDDCDADDCBDEECEECBDCDADEEBCBEBADBCEBDBDDDDCECB;ABBABBADDDBBCECEADCEBCCCDBADCBEDAECADACDBCECE;1;140;180;140;140;200;800
253324;2024;;;;;;;;;1500602;Altamira;15;PA;0;1;1;0;;1383;1395;;;469.1;468.6;;;BEBAAECDCEAAECBECACDBABADEACEBEDEBCDEDBDDADEC;ACACBECAAEDEDACEEBDDBACEEDEBCADDDBEBCAABADCAB;;0;;CECEBEBCDBADDEBBABCDCAECEDADBAEABEADCEDADACBC;CAAAECDDDAECBECEDDCBDEDDCECBDCBCEADBBDBDDCBEDADEEB;;1;120;120;120;120;0;480
3748153;2024;;;;;;;;;1500602;Altamira;15;PA;0;0;0;0;;;;;;;;;;;;;1;;;;;;;;;;;
1709181;2024;15105016;1508357;Vitória do Xingu;15;PA;2;1;1;1500602;Altamira;15;PA;1;1;1;1;1420;1383;1395;1408;448.3;506.7;548.5;432;EDABEBDCCEEBBCACEBDCCADADDCCDDEEBDBCEBCCDEDCA;AEABCECCECBDDBEDAECDDDBCEAABEEEAEBADEDCEBECDD;ACAEDECBEDEDDABDEDBCECACDBCEEEDBEADDDBECADDEB;ADBCACBBBEACBCDCDEAAADBBDADCDCACEBDABAEDBADCD;0;CAEDAACCAEEXCBBAEDBBCAACDEDCBCEECAAEDDDEBBDDB;CECEBEBCDBADDEBBABCDCAECEDADBAEABEADCEDADACBC;CAAAECDDDAECBECEDDCBDEDDCECBDCBCEADBBDBDDCBEDADEEB;CECEBEDADCAADECDBBCEBDCCCACABBABBADDDCEADBBCE;1;120;160;120;160;160;720
3038619;2024;;;;;;;;;1500602;Altamira;15;PA;1;1;1;1;1420;1383;1395;1408;556.8;551.1;516.5;555.5;EAEDCAAEABDBCCAABBDDCCDCCCDEBCDACBCBDBDEEADDD;BECEBCCEDBDDDABBDECBDBECADADBADEEEBDDCACDACDA;DAEDBECBECDDDEBEEABCDABAEBCDBEBEDADD.CBAEDCBE;DEDBCCBECAABCEABECDEADDACEDABDABDBCBACCDBDBCC;1;CAEDAACCAEEXCBBAEDBBCAACDEDCBCEECAAEDDDEBBDDB;CECEBEBCDBADDEBBABCDCAECEDADBAEABEADCEDADACBC;CAAAECDDDAECBECEDDCBDEDDCECBDCBCEADBBDBDDCBEDADEEB;CECEBEDADCAADECDBBCEBDCCCACABBABBADDDCEADBBCE;1;120;160;140;120;120;660
2925844;2024;;;;;;;;;1500602;Altamira;15;PA;0;0;0;0;;;;;;;;;;;;;1;;;;;;;;;;;
3942071;2024;;;;;;;;;1500602;Altamira;15;PA;0;0;0;0;;;;;;;;;;;;;0;;;;;;;;;;;
3100309;2024;;;;;;;;;1500602;Altamira;15;PA;0;0;0;0;;;;;;;;;;;;;1;;;;;;;;;;;
3418971;2024;;;;;;;;;1500602;Altamira;15;PA;1;1;1;1;1421;1386;1397;1409;451.3;553.2;557.3;433.6;DADBBEDBCBCEEEEABDBCCBBAEDADCBDBEABACEBBCDABC;BCEEADECCEACDCBADECDBECBDCDAACDEACCEEDEEDAACB;AACDBEBEBADEEBEAADABCDAACCEEABDDCCEEDEAECBECD;BEBDDEBEEBDBCABDEBDAACCBACCBCABDDBDCBCCCEDBAE;0;DDBDDEBBAAEDECBCEEDCAACDBBCEDBBAEXCCAEAACCAED;ACBCADCEDBAECEDADBADBEBCDADABCDEABCAEDEBBCECE;AACEADACDDCBEDADEEBDDBDBBCEECBDCBADDDCBDEDDCECBECE;CEBCEADBBCEADDDABBABBCCDCCECEDBACADECABEDADCB;1;120;120;120;120;160;640
2342676;2024;;;;;;;;;1500602;Altamira;15;PA;1;1;1;1;1419;1385;1398;1407;549.9;640.1;587.2;603.8;BCBDCDBDEDBBCCEDBBDDDBECEDEADBAADDEAAECBECCDC;CDBDBADBEAECEDAEBAEACCDADEEDEEBECABECEAACDDAD;EBAACDBCBCEECBAABACDABEEDBBEBAEBDABDDDADDCECB;BAAABABBDDEDCDDBACDCECEEDCEACDCCAEDACADACDECB;0;BCEAACDEDCAAEDDDEBBDDBECCAEDBBAAACCAEEXCBBCED;CAEDBADBEBCCEDADBAEACBCADCEDEBBEBACECEABCDDAD;EAAACDDCDADDCBDEECEECBDCDADEEBCBEBADBCEBDBDDDDCECB;ABBABBADDDBBCECEADCEBCCCDBADCBEDAECADACDBCECE;1;140;160;120;120;160;700
1793190;2024;;;;;;;;;1500602;Altamira;15;PA;0;0;0;0;;;;;;;;;;;;;1;;;;;;;;;;;
2138697;2024;15582728;1500859;Anapu;15;PA;2;1;1;1500602;Altamira;15;PA;0;0;0;0;;;;;;;;;;;;;0;;;;;;;;;;;
1567079;2024;;;;;;;;;1500602;Altamira;15;PA;1;1;1;1;1422;1384;1396;1410;480.9;604.6;555.7;500.1;ECECCBDDEDEEEEDCBECEBACBBDBDCCBACEA*EDDBAAEDC;DADCBCCCEBACEBDBECCDBBDABCCACEEECADAAECAECEBA;ACABCBADECBBDAEEBECEBAEDDDADBDBDEBEAEAEECCDDC;DDDDCDADCCDCBCBCCDCDBEDDBACCEBDCCCCDEBABABCBB;1;BBCEDBBAEXCCAEDDBCAEDAACAAEDDDEBBECBCEEDCAACD;DADABCDCECEDEBBBEBCDBADACBCADCEBEADBAECAECEDA;AACEADDDACDADECBBDBEEBDDECCBEDDCADBBDEBCEBDCECEDDC;DBCECEACADABBECBEDADCCDCCABBBCECEBCEADABBADDD;1;80;120;80;100;80;460
4263299;2024;15109194;1507805;Senador José Porfírio;15;PA;2;1;1;1500602;Altamira;15;PA;0;0;0;0;;;;;;;;;;;;;0;;;;;;;;;;;
390127;2024;;;;;;;;;1500602;Altamira;15;PA;1;1;1;1;1420;1383;1395;1408;589;673.1;612.8;648.4;EAEBCECCDDECCDD*EEBCDDDCCBDDBDCCCACEEEBBACDDB;CEAABEBCDBADBEBBDDCECAECEDABDAEABEADAEDADACBC;CAABEECBECEDD*DDEDDCCCBDABCDBDCEDBBDDBEAADEEB;BEDDCDDADCABDECBCBCCBAEBBAEBADABCDCCDCDADDDDD;0;CAEDAACCAEEXCBBAEDBBCAACDEDCBCEECAAEDDDEBBDDB;CECEBEBCDBADDEBBABCDCAECEDADBAEABEADCEDADACBC;CAAAECDDDAECBECEDDCBDEDDCECBDCBCEADBBDBDDCBEDADEEB;CECEBEDADCAADECDBBCEBDCCCACABBABBADDDCEADBBCE;1;120;120;120;120;160;640
1692864;2024;;;;;;;;;1500602;Altamira;15;PA;1;1;1;1;1420;1383;1395;1408;460.8;464.6;463.8;418.8;EDDDACDEEDECACDCECBCDDDECDAAABEEECDAADBCECDCA;BCEDBEACECCDDCEDDEACDBBCCBACBAAECE*DDBACDADEE;ABABBBCBECCDDCDBAAABAABCEBCCDABCDAEEDDADCBCDE;CBEBCCDBACEDBDCDBCDBCEBBCDEBBDCBDEECBCEDCADCD;0;CAEDAACCAEEXCBBAEDBBCAACDEDCBCEECAAEDDDEBBDDB;CECEBEBCDBADDEBBABCDCAECEDADBAEABEADCEDADACBC;CAAAECDDDAECBECEDDCBDEDDCECBDCBCEADBBDBDDCBEDADEEB;CECEBEDADCAADECDBBCEBDCCCACABBABBADDDCEADBBCE;1;100;120;100;100;120;540
2018906;2024;;;;;;;;;1500602;Altamira;15;PA;1;1;1;1;1420;1383;1395;1408;487;544.5;535.8;524.4;EDEBABAACDECDABBDACBAAECCCEBAEBCEACCBCEDEDEAB;DECBADCEDCCEDDEEBECDCADCEDDDEEEAEEACEDDADACEA;BCDDAECDECCCDCBDEDBCEADDDBBADEDDDEDAEBADBECEB;ACBDECDCBCEDCAEBDEBECDAEACBEACACAEEDDEBABDBAE;1;CAEDAACCAEEXCBBAEDBBCAACDEDCBCEECAAEDDDEBBDDB;CECEBEBCDBADDEBBABCDCAECEDADBAEABEADCEDADACBC;CAAAECDDDAECBECEDDCBDEDDCECBDCBCEADBBDBDDCBEDADEEB;CECEBEDADCAADECDBBCEBDCCCACABBABBADDDCEADBBCE;1;140;200;120;180;160;800
3621453;2024;;;;;;;;;1500602;Altamira;15;PA;1;1;1;1;1421;1386;1397;1409;517.4;559.6;531.4;501;DAAEADCBACAAAABAAAAAAACAAAAAEADDAAAAAAAAAAAEA;ABCCADEDDDADCDDAADDDBDBDDDDDECDDADCDEDEDBDDCD;AACCBEDABEEEEBBBCDABDABBBBEBBCDEBABEDDEECBECB;DADCAEADAAAAAABACAABACAAADEAAABEDAAAACAAAAAAC;0;DDBDDEBBAAEDECBCEEDCAACDBBCEDBBAEXCCAEAACCAED;ACBCADCEDBAECEDADBADBEBCDADABCDEABCAEDEBBCECE;AACEADACDDCBEDADEEBDDBDBBCEECBDCBADDDCBDEDDCECBECE;CEBCEADBBCEADDDABBABBCCDCCECEDBACADECABEDADCB;1;120;180;160;140;200;800
3535166;2024;;;;;;;;;1500602;Altamira;15;PA;1;1;1;1;1421;1386;1397;1409;566.4;611.8;615.7;677.6;DECEEEEBADBBABBDEDCDBCEABCAEDABDEABCAECDDEAEA;ACCCADEEBEADCECAEBADBEBEACDCBCDEDEDAECEEBAECE;EACCACBEDADEEBEABDBBCEBDBACDADBBCBDEDDCECBECC;CEBABADDBECBAADABCDCBECDCDDCBCBACEDCEEDAEBBCC;0;DDBDDEBBAAEDECBCEEDCAACDBBCEDBBAEXCCAEAACCAED;ACBCADCEDBAECEDADBADBEBCDADABCDEABCAEDEBBCECE;AACEADACDDCBEDADEEBDDBDBBCEECBDCBADDDCBDEDDCECBECE;CEBCEADBBCEADDDABBABBCCDCCECEDBACADECABEDADCB;1;140;160;160;140;160;760
1371520;2024;;;;;;;;;1500602;Altamira;15;PA;1;1;1;1;1421;1386;1397;1409;413.2;463.6;483.4;394.2;DCECBEBECCDEDBAAAAEAADDABCDECDBABBAEBCAECBAAA;ABDBAAAACEEACAEAAADDCDABCAAEBAAAAADAEAEAADBAA;BAADBDADDAEDEBDAEDABDEABEECDDCEDCCEEBAAACEEDA;DDBAEAAECBBDDAABCABAAABBBBBABDDCDCBBBCBCEBADB;1;DDBDDEBBAAEDECBCEEDCAACDBBCEDBBAEXCCAEAACCAED;ACBCADCEDBAECEDADBADBEBCDADABCDEABCAEDEBBCECE;AACEADACDDCBEDADEEBDDBDBBCEECBDCBADDDCBDEDDCECBECE;CEBCEADBBCEADDDABBABBCCDCCECEDBACADECABEDADCB;1;100;120;100;120;80;520
638618;2024;;;;;;;;;1500602;Altamira;15;PA;1;1;1;1;1421;1386;1397;1409;634.5;619.7;653.3;713.7;DDBDDECBAECDBCBDECCDBDCEBBCBDDDAEBCCEDDECEEED;ADBEADEEDDAECEDADCCDBEACDCDEACDEAECAEBABBBECB;AACEACBECADEEBBBCDBBDEECBCCAADDDCADEDDCECBECD;CABBBABBBADACDDABBBBBCBABCEEBBBACCDCAADEDBBCC;0;DDBDDEBBAAEDECBCEEDCAACDBBCEDBBAEXCCAEAACCAED;ACBCADCEDBAECEDADBADBEBCDADABCDEABCAEDEBBCECE;AACEADACDDCBEDADEEBDDBDBBCEECBDCBADDDCBDEDDCECBECE;CEBCEADBBCEADDDABBABBCCDCCECEDBACADECABEDADCB;1;180;200;180;200;180;940
3022188;2024;;;;;;;;;1500602;Altamira;15;PA;1;1;1;1;1421;1386;1397;1409;622;665.7;672.2;612.8;DDBDDBBCBAEDBCBCECBDDACDBDBCCDBEEACACECDCECED;ACBCADEEABAECEDADBADBCBCBBDABCDEAECAEDEABAECE;AACEACBEDADEEBDDBDBBCAECBDECADBDCBDEDDCECBECA;DBBCBADCBBCDCEBABCECDCCDEBDDCACADBCBDADBECCBC;0;DDBDDEBBAAEDECBCEEDCAACDBBCEDBBAEXCCAEAACCAED;ACBCADCEDBAECEDADBADBEBCDADABCDEABCAEDEBBCECE;AACEADACDDCBEDADEEBDDBDBBCEECBDCBADDDCBDEDDCECBECE;CEBCEADBBCEADDDABBABBCCDCCECEDBACADECABEDADCB;1;120;200;120;120;40;600
1454172;2024;15105016;1508357;Vitória do Xingu;15;PA;2;1;1;1500602;Altamira;15;PA;1;1;1;1;1420;1383;1395;1408;407.5;418.8;434.5;556.7;BEACEACEACAEBDABEADAECBECBECADEACAEBDCADADADB;EBCAEBEACADCBEAAEBDACADACEDACADACACEDBBADBACE;ACEAEECCEAABDAEEDEACDAEBEACAEBEA*EAC*CADAEACA;EADBEACEACEBD.*ACECADBEAC*.CEAACBDBADCDABBCAD;0;CAEDAACCAEEXCBBAEDBBCAACDEDCBCEECAAEDDDEBBDDB;CECEBEBCDBADDEBBABCDCAECEDADBAEABEADCEDADACBC;CAAAECDDDAECBECEDDCBDEDDCECBDCBCEADBBDBDDCBEDADEEB;CECEBEDADCAADECDBBCEBDCCCACABBABBADDDCEADBBCE;1;80;120;60;80;80;420
490494;2024;;;;;;;;;1500602;Altamira;15;PA;1;1;1;1;1422;1384;1396;1410;526.2;512.1;496.4;584.3;CBDBABBDEABEEEDCAEDEACCACCCBCBDBCEEBCEDDCDAAB;DABABADDEBCBEBDABBAABDDEDCEADCEEBADEA*AABDCBA;AADBAEADEDECDADDBDEDDBBCBAABEBBCEDCEDABECAADC;ACCCBDEDADDBAEEDCDDCBCABAACCBEDBCBCDEBABCDBED;0;BBCEDBBAEXCCAEDDBCAEDAACAAEDDDEBBECBCEEDCAACD;DADABCDCECEDEBBBEBCDBADACBCADCEBEADBAECAECEDA;AACEADDDACDADECBBDBEEBDDECCBEDDCADBBDEBCEBDCECEDDC;DBCECEACADABBECBEDADCCDCCABBBCECEBCEADABBADDD;1;100;120;120;120;100;560
725510;2024;;;;;;;;;1500602;Altamira;15;PA;0;0;0;0;;;;;;;;;;;;;1;;;;;;;;;;;
1780828;2024;15105016;1508357;Vitória do Xingu;15;PA;2;1;1;1500602;Altamira;15;PA;1;1;1;1;1420;1383;1395;1408;488.3;486.3;491.8;385.1;EDACBAEEDDDBDEBBDCCDEADCBBCDBCDCCACDEDEBDADCE;BCEBEBCCAEBADDEDABCECBBCECADEAD*EDADEEDCBBCBC;ECDABBDBEAEDDDADEEDDEDEBCBECEDBCBEDDEBCADEEEA;CDEEABCDCEEACEBA*ADBDAEDEBDCCACDCEDEDCEEEAEED;1;CAEDAACCAEEXCBBAEDBBCAACDEDCBCEECAAEDDDEBBDDB;CECEBEBCDBADDEBBABCDCAECEDADBAEABEADCEDADACBC;CAAAECDDDAECBECEDDCBDEDDCECBDCBCEADBBDBDDCBEDADEEB;CECEBEDADCAADECDBBCEBDCCCACABBABBADDDCEADBBCE;1;120;120;120;120;120;600
1529071;2024;;;;;;;;;1500602;Altamira;15;PA;0;0;0;0;;;;;;;;;;;;;0;;;;;;;;;;;
3782220;2024;;;;;;;;;1500602;Altamira;15;PA;0;0;0;0;;;;;;;;;;;;;1;;;;;;;;;;;
3930655;2024;;;;;;;;;1500602;Altamira;15;PA;1;1;1;1;1422;1384;1396;1410;488.1;415;415.2;393;ACCCEBBDDCDBAEDBACAEEEADCAEDAABDAEADCBADBECAC;EDBAACCACDADADABECDCDADACEAEADEEAAEAEEDEDCDCD;ABCDBDAABCECDEACACACADDBCECAADEABADDDACEDDBCC;BBDDCCABECEACACCECCBEDBADEBCDABDEBDAECDADEBBD;1;BBCEDBBAEXCCAEDDBCAEDAACAAEDDDEBBECBCEEDCAACD;DADABCDCECEDEBBBEBCDBADACBCADCEBEADBAECAECEDA;AACEADDDACDADECBBDBEEBDDECCBEDDCADBBDEBCEBDCECEDDC;DBCECEACADABBECBEDADCCDCCABBBCECEBCEADABBADDD;1;120;120;100;120;40;500
1334469;2024;15140463;1500602;Altamira;15;PA;4;1;1;1500602;Altamira;15;PA;1;1;1;1;1421;1386;1397;1409;672.8;677.9;623.2;749.9;DDBDDEBBAACEBCCAEDDCACCDDDCCDEBDEBCCEEAACECED;ACDEDDEECBAECEDADBADBEBEDADDBCDEAECAEDABDCECE;AACEBDBEDADEEBDCBDBBDEEDBDCCDDDDCBEEDDAECBDCE;CEBEBADBBAAABDDAABABDCCDCCECBBBABADCEEBEDAACA;0;DDBDDEBBAAEDECBCEEDCAACDBBCEDBBAEXCCAEAACCAED;ACBCADCEDBAECEDADBADBEBCDADABCDEABCAEDEBBCECE;AACEADACDDCBEDADEEBDDBDBBCEECBDCBADDDCBDEDDCECBECE;CEBCEADBBCEADDDABBABBCCDCCECEDBACADECABEDADCB;1;140;180;160;140;160;780
2007084;2024;15109194;1507805;Senador José Porfírio;15;PA;2;1;1;1500602;Altamira;15;PA;1;1;1;1;1420;1383;1395;1408;393.6;437.8;389.7;416.5;DCAABBCEDCDDBCBECCAD*CCECDBAECCEC*CAAECCBBBAA;DBCECEACCDEBACDEECBDBABCEBADBCCABDBABDCCBDACE;BCCADCBADBCECBCDBEACDBCBCACECACDEADDEBACABCCA;EDBC.BCBDCBEDCCABCBACDBDADBACBCBDBDEACBCADCEB;0;CAEDAACCAEEXCBBAEDBBCAACDEDCBCEECAAEDDDEBBDDB;CECEBEBCDBADDEBBABCDCAECEDADBAEABEADCEDADACBC;CAAAECDDDAECBECEDDCBDEDDCECBDCBCEADBBDBDDCBEDADEEB;CECEBEDADCAADECDBBCEBDCCCACABBABBADDDCEADBBCE;1;80;100;60;80;0;320
